id_pedido,data_pedido,id_cliente,canal,cidade,estado,categoria,produto,quantidade,preco_unitario,frete,status,data_entrega
PED-01169,2024-10-17,CLI-0394,site,Salvador,BA,esporte,Corda de Pular Speed,1,67.34,"R$ 28,06",entregue,2024-10-28
PED-01204,2024-08-02,CLI-0315,app,Brasília,DF,Casa & Decoração,"Tapete Sala 1,5m",4,214.43,"R$ 0,00",entregue,2024-08-16
PED-01464,2023-11-06,CLI-0223,app,Curitiba,PR,Moda,Jaqueta Jeans,4,188.97,"R$ 0,00",entregue,2023-11-16
PED-04480,2024-12-19,CLI-1293,app,Curitiba,PR,Beleza,Secador de Cabelo 2000W,1,192.99,"R$ 20,40",entregue,2025-01-02
PED-03605,2024-12-04,CLI-0958,site,Porto Alegre,RS,Beleza,Secador de Cabelo 2000W,2,336.47,"R$ 0,00",entregue,2024-12-16
PED-03408,2023-09-11,CLI-0146,marketplace,Fortaleza,CE,Moda,Tênis Casual Masculino,3,160.08,"R$ 0,00",Entregue,2023-09-22
PED-04850,2024-09-18,CLI-1240,app,SALVADOR,,Beleza,Kit Skincare Facial,2,,"R$ 0,00",Cancelado,
PED-01092,2024-06-16,CLI-0357,marketplace,São Paulo,SP,Moda,Tênis Casual Masculino,1,379.68,"R$ 0,00",entregue,2024-06-26
PED-02409,11/11/2023,CLI-1248,site,belo horizonte,MG,Beleza,Perfume Importado 100ml,2,632.29,"R$ 0,00",entregue,25/11/2023
PED-01892,2024-09-07,CLI-1022,marketplace,  Curitiba ,PR,Moda,"Mochila Notebook 15""",4,262.37,"R$ 0,00",entregue,2024-09-15
PED-04371,2023-10-10,CLI-0354,app,Campinas,SP,Casa & Decoração,Quadro Decorativo Abstrato,2,148.41,"R$ 11,82",entregue,2023-10-15
PED-02571,19/01/2023,CLI-0989,app,São Paulo,SP,Moda,Camiseta Básica Algodão,4,44.67,"R$ 11,59",entregue,30/01/2023
PED-00529,2024-09-15,CLI-1144,app,Fortaleza,CE,Moda,Tênis Casual Masculino,2,307.54,"R$ 0,00",entregue,2024-09-24
PED-03195,2024-06-18,CLI-1260,site,BELO HORIZONTE,MG,Eletrônicos,Webcam Full HD,2,334.31,"R$ 0,00",entregue,2024-06-21
PED-00262,2024-10-20,CLI-0247,site,Recife,PE,Casa & Decoração,"Tapete Sala 1,5m",2,262.35,"R$ 0,00",devolvido,2024-10-29
PED-03423,2024-06-26,CLI-0068,marketplace,Porto Alegre,RS,Eletrônicos,Carregador Turbo 30W,1,88.06,"R$ 25,33",entregue,2024-07-03
PED-01232,2024-05-07,CLI-1365,site,São Paulo,SP,Esporte,Camiseta Dry Fit,3,119.71,"R$ 0,00",entregue,2024-05-18
PED-00058,26/04/2024,CLI-0063,marketplace,BRASÍLIA,DF,Eletrônicos,Smartwatch Fit,4,839.62,"R$ 0,00",devolvido,09/05/2024
PED-01095,08/05/2024,CLI-0891,site,Porto Alegre,RS,CASA & DECORAÇÃO,Luminária de Mesa LED,1,100.79,"R$ 18,75",entregue,24/05/2024
PED-04683,07/09/2024,CLI-0335,site,São Paulo,SP,Esporte,Garrafa Térmica 1L,2,127.37,"R$ 22,12",entregue,16/09/2024
PED-04972,21/03/2023,CLI-1328,marketplace,Rio de Janeiro,RJ,Beleza,Perfume Importado 100ml,4,566.74,"R$ 0,00",entregue,30/03/2023
PED-03208,2023-03-13,CLI-1143,site,Salvador,BA,Eletrônicos,Fone Bluetooth TWS,1,390.65,"R$ 0,00",entregue,2023-03-27
PED-00995,2024-11-29,CLI-0989,site,são paulo,SP,Moda,Jaqueta Jeans,3,226.15,"R$ 0,00",entregue,2024-12-06
PED-01039,13/01/2024,CLI-0354,app,  Recife ,PE,Esporte,Camiseta Dry Fit,3,71.11,"R$ 33,72",entregue,27/01/2024
PED-04209,21/01/2024,CLI-0969,site,Fortaleza,CE,Casa & Decoração,Vaso Decorativo Cerâmica,1,104.75,"R$ 35,48",entregue,29/01/2024
PED-01286,03/12/2024,CLI-0335,site,Rio de Janeiro,RJ,Moda,Tênis Casual Masculino,2,,"R$ 0,00",entregue,16/12/2024
PED-04917,2024-08-31,CLI-0858,marketplace,BRASÍLIA,DF,ELETRÔNICOS,Fone Bluetooth TWS,3,363.3,"R$ 0,00",entregue,2024-09-13
PED-04134,2024-03-13,CLI-0561,marketplace,Campinas,SP,Casa & Decoração,Vaso Decorativo Cerâmica,2,117.48,"R$ 16,58",entregue,2024-03-21
PED-01922,2023-10-24,CLI-0183,site,São Paulo,SP,Beleza,Base Líquida Matte,1,95.03,"R$ 13,84",ENTREGUE,2023-11-02
PED-04392,07/09/2024,CLI-1007,site,Ribeirao Preto,SP,Beleza,Base Líquida Matte,2,137.55,"R$ 15,00",entregue,17/09/2024
PED-04702,2024-01-17,CLI-0959,site,  Belo Horizonte ,MG,Moda,Tênis Casual Masculino,1,199.29,"R$ 16,64",entregue,2024-01-20
PED-04731,04/11/2023,CLI-1294,site,Ribeirão Preto,SP,Beleza,Base Líquida Matte,1,68.04,"R$ 14,42",entregue,08/11/2023
PED-00941,2023-09-23,CLI-0055,site,  Ribeirão Preto ,SP,Eletrônicos,Smartwatch Fit,1,489.04,"R$ 0,00",entregue,2023-09-29
PED-04128,2024-02-16,CLI-0937,site,Salvador,BA,CASA & DECORAÇÃO,"Tapete Sala 1,5m",1,231.69,"R$ 28,49",devolvido,2024-03-05
PED-04752,2024-03-28,CLI-0153,app,Curitiba,PR,Esporte,Garrafa Térmica 1L,1,64.39,"R$ 22,07",entregue,2024-04-15
PED-01029,2024-08-23,CLI-0647,site,São Paulo,SP,Casa & Decoração,Jogo de Toalhas 4 peças,1,201.24,"R$ 9,53",DEVOLVIDO,2024-08-30
PED-04837,24/03/2023,CLI-1215,site,Brasília,DF,Esporte,Garrafa Térmica 1L,4,135.48,"R$ 0,00",cancelado,
PED-03641,04/10/2023,CLI-0256,app,São Paulo,SP,Moda,Jaqueta Jeans,1,159.26,"R$ 15,51",entregue,13/10/2023
PED-00214,07/10/2024,CLI-1250,marketplace,Rio de Janeiro,RJ,Eletrônicos,Webcam Full HD,4,262.79,"R$ 0,00",cancelado,
PED-00570,2024-04-04,CLI-0042,app,Recife,PE,Eletrônicos,Fone Bluetooth TWS,2,155.09,"R$ 0,00",cancelado,
PED-02606,2023-05-30,CLI-1104,marketplace,Ribeirao Preto,SP,Esporte,Corda de Pular Speed,4,52.68,"R$ 11,08",entregue,2023-06-12
PED-00112,25/07/2023,CLI-0318,site,Salvador,BA,Casa & Decoração,Luminária de Mesa LED,1,175.95,"R$ 31,14",em transporte,
PED-03828,2023-11-10,CLI-0209,site,Curitiba,PR,Casa & Decoração,Quadro Decorativo Abstrato,2,178.17,"R$ 0,00",cancelado,
PED-01767,27/12/2024,CLI-0328,app,Porto Alegre,RS,Esporte,Camiseta Dry Fit,2,56.72,"R$ 24,50",entregue,09/01/2025
PED-04122,2024-10-03,CLI-1316,marketplace,Rio de Janeiro,RJ,Moda,Jaqueta Jeans,2,326.4,"R$ 0,00",entregue,2024-10-15
PED-02808,2024-08-17,CLI-0293,app,Porto Alegre,RS,Casa & Decoração,"Tapete Sala 1,5m",1,156.97,"R$ 27,45",entregue,2024-09-01
PED-00627,30/09/2024,CLI-1111,app,Goiânia,GO,Casa & Decoração,Quadro Decorativo Abstrato,1,83.76,"R$ 26,44",entregue,09/10/2024
PED-00535,2023-01-13,CLI-0365,app,São Paulo,SP,Moda,"Mochila Notebook 15""",1,189.54,"R$ 13,69",entregue,2023-01-26
PED-04946,2024-10-05,CLI-0577,site,Campinas,SP,BELEZA,Base Líquida Matte,1,50.39,"R$ 14,58",devolvido,2024-10-17
PED-01231,06/08/2023,CLI-1284,site,rio de janeiro,RJ,Beleza,Kit Skincare Facial,3,214.55,"R$ 0,00",entregue,12/08/2023
PED-03026,2023-05-28,CLI-0128,app,Fortaleza,CE,moda,Boné Aba Curva,1,88.47,"R$ 32,70",entregue,2023-06-11
PED-00286,26/12/2023,CLI-1111,app,Salvador,,Moda,"Mochila Notebook 15""",1,155.07,"R$ 23,15",entregue,10/01/2024
PED-03233,2024-03-19,CLI-0772,site,Sao Paulo,SP,Moda,Camiseta Básica Algodão,1,54.97,"R$ 14,12",devolvido,2024-03-30
PED-04283,2024-05-27,CLI-0703,site,Campinas,SP,BELEZA,Secador de Cabelo 2000W,2,184.45,"R$ 0,00",entregue,2024-06-10
PED-03729,2024-08-01,CLI-0138,site,Fortaleza,CE,Eletrônicos,Webcam Full HD,2,176.96,"R$ 0,00",em transporte,
PED-02582,2024-10-27,CLI-0122,site,Belo Horizonte,MG,MODA,Jaqueta Jeans,2,342.36,"R$ 0,00",devolvido,2024-11-05
PED-01230,2023-03-10,CLI-1356,site,Goiânia,GO,Casa & Decoração,"Tapete Sala 1,5m",2,190.9,"R$ 0,00",entregue,2023-03-27
PED-02966,2024-04-06,CLI-1352,marketplace,São Paulo,SP,Eletrônicos,Webcam Full HD,1,372.09,"R$ 0,00",devolvido,2024-04-18
PED-00242,02/10/2024,CLI-0639,app,Salvador,BA,Eletrônicos,Carregador Turbo 30W,1,65.26,"R$ 32,81",ENTREGUE,15/10/2024
PED-00980,2023-07-10,CLI-0254,site,Rio de Janeiro,RJ,Casa & Decoração,Luminária de Mesa LED,0,127.24,"R$ 17,22",cancelado,
PED-00024,19/11/2024,CLI-0820,marketplace,Ribeirão Preto,SP,moda,"Mochila Notebook 15""",1,119.77,"R$ 17,36",entregue,02/12/2024
PED-00022,2023-11-23,CLI-1221,marketplace,Porto Alegre,RS,Moda,Tênis Casual Masculino,2,285.96,"R$ 0,00",cancelado,
PED-02441,2024-12-31,CLI-1087,app,Porto Alegre,RS,Moda,Camiseta Básica Algodão,4,62.31,"R$ 20,91",entregue,2025-01-17
PED-04974,2024-11-11,CLI-0164,marketplace,fortaleza,CE,Eletrônicos,Webcam Full HD,4,189.49,"R$ 0,00",em transporte,
PED-03007,2024-05-10,CLI-0718,site,Campinas,SP,Eletrônicos,Caixa de Som Portátil,4,538.04,"R$ 0,00",ENTREGUE,2024-05-15
PED-01972,19/12/2024,CLI-0145,app,CAMPINAS,SP,Eletrônicos,Carregador Turbo 30W,3,80.08,"R$ 13,18",entregue,22/12/2024
PED-02996,2024-02-11,CLI-0404,app,São Paulo,SP,Eletrônicos,Carregador Turbo 30W,2,119.67,"R$ 15,53",entregue,2024-02-22
PED-02405,2024-10-08,CLI-0212,site,São Paulo,SP,Moda,Jaqueta Jeans,4,308.82,"R$ 0,00",entregue,2024-10-14
PED-04290,2024-05-20,CLI-0528,site,Salvador,BA,Moda,Tênis Casual Masculino,4,403.75,"R$ 0,00",Cancelado,
PED-01822,2024-02-28,CLI-0475,site,goiânia,GO,Casa & Decoração,Vaso Decorativo Cerâmica,2,78.53,"R$ 27,08",entregue,2024-03-08
PED-04618,2024-04-11,CLI-0469,app,Rio de Janeiro,RJ,Casa & Decoração,Jogo de Toalhas 4 peças,3,216.59,"R$ 0,00",cancelado,
PED-01587,2023-11-18,CLI-0002,site,São Paulo,SP,Beleza,Perfume Importado 100ml,2,262.3,"R$ 0,00",EM TRANSPORTE,
PED-04390,2024-05-05,CLI-0989,site,São Paulo,SP,Casa & Decoração,Luminária de Mesa LED,1,106.31,"R$ 14,58",cancelado,
PED-04292,2023-03-16,CLI-0518,app,Belo Horizonte,MG,Beleza,Kit Skincare Facial,1,116.59,"R$ 24,49",entregue,2023-03-25
PED-04091,21/04/2023,CLI-0702,app,Campinas,SP,Eletrônicos,Fone Bluetooth TWS,1,366.23,"R$ 0,00",Entregue,05/05/2023
PED-00539,2023-06-20,CLI-0807,site,São Paulo,SP,eletronicos,Webcam Full HD,1,304.3,"R$ 0,00",entregue,2023-06-28
PED-04172,2024-07-30,CLI-1089,site,  São Paulo ,SP,moda,Camiseta Básica Algodão,2,48.16,"R$ 14,35",entregue,2024-08-08
PED-04327,2023-03-09,CLI-0238,site,Rio de Janeiro,RJ,Beleza,Perfume Importado 100ml,1,605.57,"R$ 0,00",entregue,2023-03-17
PED-00021,2024-09-06,CLI-1346,app,São Paulo,SP,Moda,Jaqueta Jeans,2,247.96,"R$ 0,00",entregue,2024-09-20
PED-02841,25/09/2024,CLI-0548,app,Rio de Janeiro,RJ,Casa & Decoração,Jogo de Toalhas 4 peças,4,197.02,"R$ 0,00",DEVOLVIDO,07/10/2024
PED-04259,2024-12-13,CLI-1376,app,Belo Horizonte,MG,Casa & Decoração,Quadro Decorativo Abstrato,1,139.7,"R$ 13,11",ENTREGUE,2024-12-20
PED-00935,16/09/2024,CLI-1331,app,Porto Alegre,RS,Eletrônicos,Smartwatch Fit,2,720.91,"R$ 0,00",entregue,23/09/2024
PED-02315,22/11/2023,CLI-0360,site,Salvador,BA,Beleza,Base Líquida Matte,2,55.98,"R$ 28,43",ENTREGUE,30/11/2023
PED-01680,26/03/2024,CLI-0971,site,belo horizonte,MG,Moda,"Mochila Notebook 15""",1,283.78,"R$ 14,51",entregue,09/04/2024
PED-01568,2023-01-19,CLI-0335,marketplace,Fortaleza,CE,Beleza,Secador de Cabelo 2000W,3,277.78,"R$ 0,00",cancelado,
PED-03812,2023-05-24,CLI-1286,site,Recife,PE,Eletrônicos,Webcam Full HD,3,,"R$ 0,00",entregue,2023-06-11
PED-01172,2024-08-22,CLI-1186,app,Campinas,SP,Casa & Decoração,Luminária de Mesa LED,4,165.2,"R$ 0,00",ENTREGUE,2024-08-30
PED-03445,2024-11-14,CLI-0015,site,Salvador,BA,Moda,Boné Aba Curva,1,105.83,"R$ 30,73",entregue,2024-11-23
PED-01378,2024-11-11,CLI-0287,app,SÃO PAULO,SP,Casa & Decoração,Vaso Decorativo Cerâmica,1,71.3,"R$ 21,69",entregue,2024-11-16
PED-01202,12/04/2024,CLI-0973,site,  Curitiba ,PR,Esporte,Corda de Pular Speed,3,33.83,"R$ 17,66",entregue,29/04/2024
PED-01866,07/11/2024,CLI-0416,site,Recife,,Moda,"Mochila Notebook 15""",1,284.65,"R$ 28,84",entregue,21/11/2024
PED-00895,2024-09-03,CLI-1243,site,Campinas,SP,Beleza,Kit Skincare Facial,1,122.71,"R$ 16,61",devolvido,2024-09-16
PED-04229,2024-04-17,CLI-0653,app,Fortaleza,CE,Beleza,Perfume Importado 100ml,2,210.98,"R$ 0,00",Entregue,2024-04-30
PED-00591,2024-12-01,CLI-1252,app,Rio de Janeiro,RJ,ELETRÔNICOS,Carregador Turbo 30W,1,65.86,"R$ 14,64",entregue,2024-12-12
PED-03539,2023-06-09,CLI-1166,app,RIO DE JANEIRO,RJ,Eletrônicos,Carregador Turbo 30W,1,76.6,"R$ 20,11",entregue,2023-06-22
PED-03448,2024-09-05,CLI-1153,app,Rio de Janeiro,RJ,Moda,Jaqueta Jeans,4,281.2,"R$ 0,00",entregue,2024-09-18
PED-01241,2024-11-07,CLI-0514,app,BRASÍLIA,DF,Eletrônicos,Caixa de Som Portátil,1,287.79,"R$ 24,82",entregue,2024-11-16
PED-01417,08/04/2024,CLI-1044,app,Rio de Janeiro,RJ,Moda,Camiseta Básica Algodão,1,93.62,"R$ 20,23",entregue,19/04/2024
PED-04207,2023-07-13,CLI-0457,app,Porto Alegre,RS,Eletrônicos,Caixa de Som Portátil,3,254.05,"R$ 0,00",entregue,2023-07-28
PED-00899,2023-07-09,CLI-0464,site,Goiania,GO,Eletrônicos,Webcam Full HD,2,235.21,"R$ 0,00",entregue,2023-07-16
PED-01188,27/12/2024,CLI-0003,site,Goiânia,GO,Beleza,Kit Skincare Facial,2,237.22,"R$ 0,00",entregue,03/01/2025
PED-03243,2024-11-28,CLI-0600,app,São Paulo,SP,Eletrônicos,Fone Bluetooth TWS,1,207.31,"R$ 14,33",devolvido,2024-12-02
PED-00419,21/07/2023,CLI-0700,site,Salvador,BA,Beleza,Base Líquida Matte,3,140.91,"R$ 0,00",entregue,31/07/2023
PED-02531,2024-05-30,CLI-0993,app,Rio de Janeiro,RJ,Eletrônicos,Webcam Full HD,3,221.02,"R$ 0,00",entregue,2024-06-07
PED-03170,2024-05-19,CLI-0108,site,São Paulo,SP,Esporte,Corda de Pular Speed,1,74.36,"R$ 15,81",devolvido,2024-05-22
PED-03945,2023-07-01,CLI-0777,marketplace,São Paulo,SP,Esporte,Tapete de Yoga 6mm,0,188.14,"R$ 16,23",entregue,2023-07-05
PED-02583,2023-03-27,CLI-0458,site,Belo Horizonte,MG,eletronicos,Carregador Turbo 30W,3,59.4,"R$ 19,11",entregue,2023-04-05
PED-01531,31/10/2023,CLI-1273,site,Campinas,SP,Moda,"Mochila Notebook 15""",2,304.22,"R$ 0,00",entregue,09/11/2023
PED-04526,2024-04-18,CLI-0547,site,Campinas,SP,Esporte,Garrafa Térmica 1L,2,123.66,"R$ 20,62",entregue,2024-05-02
PED-02626,2023-12-30,CLI-0936,app,São Paulo,SP,Esporte,Halter Emborrachado 5kg,1,110.13,"R$ 12,90",entregue,2024-01-07
PED-00010,2024-01-22,CLI-1005,marketplace,CURITIBA,PR,Casa & Decoração,"Tapete Sala 1,5m",1,141.44,"R$ 21,38",em transporte,
PED-04802,31/07/2023,CLI-0713,marketplace,Campinas,SP,Eletrônicos,Carregador Turbo 30W,1,62.22,"R$ 8,78",entregue,11/08/2023
PED-02013,2023-05-26,CLI-1293,marketplace,Campinas,SP,Beleza,Perfume Importado 100ml,1,563.92,"R$ 0,00",entregue,2023-06-03
PED-03417,2024-05-30,CLI-0087,site,Brasília,DF,Moda,Jaqueta Jeans,4,251.5,"R$ 0,00",entregue,2024-06-14
PED-03974,2023-07-20,CLI-0264,site,Fortaleza,CE,Moda,"Mochila Notebook 15""",4,172.99,"R$ 0,00",entregue,2023-07-27
PED-04100,2024-11-23,CLI-0535,marketplace,Porto Alegre,RS,Eletrônicos,Caixa de Som Portátil,1,264.3,"R$ 23,06",entregue,2024-12-05
PED-04086,29/11/2024,CLI-0994,app,Porto Alegre,RS,Esporte,Camiseta Dry Fit,3,96.67,"R$ 25,80",Em transporte,
PED-03986,2023-03-23,CLI-0663,site,Campinas,SP,Beleza,Perfume Importado 100ml,2,545.55,"R$ 0,00",entregue,2023-03-27
PED-02606,2023-05-30,CLI-1104,marketplace,Ribeirao Preto,SP,Esporte,Corda de Pular Speed,4,52.68,"R$ 11,08",entregue,2023-06-12
PED-01747,2024-08-27,CLI-1275,marketplace,Brasília,DF,Esporte,Camiseta Dry Fit,2,111.14,"R$ 24,24",entregue,2024-09-14
PED-02414,2024-04-02,CLI-0523,app,Curitiba,PR,Eletrônicos,Carregador Turbo 30W,2,70.18,"R$ 17,97",entregue,2024-04-10
PED-03219,2023-10-07,CLI-1359,site,Brasília,DF,Casa & Decoração,Quadro Decorativo Abstrato,1,128.53,"R$ 24,52",entregue,2023-10-18
PED-03010,2024-09-01,CLI-0261,site,Ribeirão Preto,SP,Eletrônicos,Fone Bluetooth TWS,2,169.9,"R$ 0,00",entregue,2024-09-09
PED-00282,2023-07-05,CLI-0779,site,Rio de Janeiro,,Esporte,Garrafa Térmica 1L,1,123.88,"R$ 21,61",entregue,2023-07-17
PED-04627,03/11/2024,CLI-1348,site,belo horizonte,MG,Beleza,Base Líquida Matte,2,97.96,"R$ 16,01",entregue,11/11/2024
PED-03659,14/11/2024,CLI-0442,app,São Paulo,SP,ESPORTE,Corda de Pular Speed,2,63.56,"R$ 16,80",ENTREGUE,19/11/2024
PED-04200,2023-04-22,CLI-1139,site,Porto Alegre,RS,esporte,Halter Emborrachado 5kg,3,117.66,"R$ 0,00",entregue,2023-05-10
PED-04574,27/11/2023,CLI-1317,app,Porto Alegre,RS,esporte,Garrafa Térmica 1L,1,85.39,"R$ 27,24",Entregue,08/12/2023
PED-03372,2023-02-12,CLI-1251,app,Fortaleza,CE,Esporte,Halter Emborrachado 5kg,3,126.33,"R$ 0,00",Entregue,2023-03-02
PED-02285,2023-07-27,CLI-0518,site,São Paulo,SP,Esporte,Halter Emborrachado 5kg,3,140.66,"R$ 0,00",entregue,2023-08-05
PED-01327,2023-12-02,CLI-0949,app,Belo Horizonte,MG,Eletrônicos,Carregador Turbo 30W,1,115.25,"R$ 15,40",devolvido,2023-12-05
PED-01598,2023-06-29,CLI-0293,marketplace,Porto Alegre,RS,Esporte,Corda de Pular Speed,1,71.02,"R$ 26,53",entregue,2023-07-17
PED-04018,2024-01-24,CLI-1214,site,Porto Alegre,RS,Moda,"Mochila Notebook 15""",2,312.2,"R$ 0,00",entregue,2024-02-10
PED-02825,23/12/2024,CLI-1295,marketplace,Sao Paulo,SP,Casa & Decoração,"Tapete Sala 1,5m",1,312.51,"R$ 0,00",entregue,29/12/2024
PED-00812,2023-01-19,CLI-0074,marketplace,Ribeirão Preto,SP,Casa & Decoração,Vaso Decorativo Cerâmica,2,133.12,"R$ 15,28",ENTREGUE,2023-01-26
PED-01743,01/02/2023,CLI-0919,app,  Fortaleza ,CE,Esporte,Camiseta Dry Fit,4,113.58,"R$ 0,00",entregue,18/02/2023
PED-02239,2023-11-29,CLI-1094,app,Belo Horizonte,MG,Eletrônicos,Smartwatch Fit,2,895.83,"R$ 0,00",entregue,2023-12-09
PED-00568,2023-03-09,CLI-1360,marketplace,Rio de Janeiro,RJ,Casa & Decoração,"Tapete Sala 1,5m",1,347.01,"R$ 0,00",devolvido,2023-03-13
PED-01270,29/02/2024,CLI-1164,marketplace,Salvador,BA,Moda,Camiseta Básica Algodão,2,97.91,"R$ 30,12",entregue,12/03/2024
PED-01497,05/11/2024,CLI-0806,app,São Paulo,SP,Eletrônicos,Webcam Full HD,4,175.1,"R$ 0,00",devolvido,12/11/2024
PED-00810,2024-12-28,CLI-1279,app,Belo Horizonte,,Beleza,Kit Skincare Facial,2,99.3,"R$ 20,09",entregue,2025-01-06
PED-01333,2024-04-02,CLI-1067,app,São Paulo,SP,ESPORTE,Camiseta Dry Fit,4,93.53,"R$ 0,00",Entregue,2024-04-16
PED-03996,17/01/2023,CLI-0841,app,Recife,PE,Moda,Tênis Casual Masculino,1,195.98,"R$ 28,46",entregue,27/01/2023
PED-04196,2024-03-20,CLI-1372,site,RECIFE,PE,Eletrônicos,Fone Bluetooth TWS,2,186.65,"R$ 0,00",Cancelado,
PED-00839,28/12/2023,CLI-1112,site,Belo Horizonte,MG,casa & decoracao,"Tapete Sala 1,5m",4,386.18,"R$ 0,00",entregue,10/01/2024
PED-03595,2023-02-22,CLI-0850,marketplace,São Paulo,SP,Esporte,Corda de Pular Speed,1,59.28,"R$ 18,67",entregue,2023-03-06
PED-01418,2024-04-07,CLI-0624,app,Rio de Janeiro,RJ,Eletrônicos,Webcam Full HD,4,200.75,"R$ 0,00",ENTREGUE,2024-04-11
PED-01753,2024-11-17,CLI-0032,app,Campinas,SP,Beleza,Base Líquida Matte,4,128.96,"R$ 0,00",entregue,2024-11-25
PED-03027,2023-09-25,CLI-0501,site,Campinas,SP,Moda,Boné Aba Curva,4,81.53,"R$ 0,00",entregue,2023-10-05
PED-03312,2024-12-05,CLI-0337,app,Ribeirão Preto,SP,Moda,Tênis Casual Masculino,3,244.98,"R$ 0,00",ENTREGUE,2024-12-18
PED-00578,08/05/2024,CLI-0707,site,Goiânia,GO,beleza,Perfume Importado 100ml,2,323.96,"R$ 0,00",em transporte,
PED-04083,16/08/2024,CLI-0966,marketplace,Ribeirão Preto,SP,Beleza,Kit Skincare Facial,1,144.36,"R$ 13,33",entregue,25/08/2024
PED-03309,16/05/2024,CLI-1048,site,Rio de Janeiro,RJ,Esporte,Tapete de Yoga 6mm,4,133.71,"R$ 0,00",entregue,19/05/2024
PED-04896,2024-02-18,CLI-0274,app,Rio de Janeiro,RJ,Esporte,Corda de Pular Speed,2,48.87,"R$ 19,89",cancelado,
PED-02709,2023-06-24,CLI-0622,marketplace,São Paulo,SP,Casa & Decoração,Vaso Decorativo Cerâmica,1,136.34,"R$ 10,73",entregue,2023-06-28
PED-03579,2024-08-28,CLI-1300,marketplace,Salvador,BA,Moda,Camiseta Básica Algodão,3,98.8,"R$ 31,31",cancelado,
PED-03955,20/03/2023,CLI-0686,app,Belo Horizonte,,Esporte,Halter Emborrachado 5kg,1,148.59,"R$ 20,09",Entregue,31/03/2023
PED-04019,08/04/2023,CLI-0518,app,Porto Alegre,RS,Esporte,Halter Emborrachado 5kg,2,90.47,"R$ 25,78",entregue,15/04/2023
PED-00237,2024-02-06,CLI-0316,site,Rio de Janeiro,RJ,Beleza,Base Líquida Matte,1,55.96,"R$ 19,81",cancelado,
PED-03422,2023-11-17,CLI-1300,site,Ribeirão Preto,SP,Esporte,Halter Emborrachado 5kg,1,72.69,"R$ 13,77",entregue,2023-11-24
PED-00025,20/09/2024,CLI-1389,site,Rio de Janeiro,RJ,Beleza,Secador de Cabelo 2000W,2,194.96,"R$ 0,00",entregue,27/09/2024
PED-02332,2023-12-04,CLI-0328,app,Recife,PE,Esporte,Halter Emborrachado 5kg,2,102.46,"R$ 30,36",devolvido,2023-12-22
PED-04195,2023-10-07,CLI-1103,marketplace,Ribeirão Preto,SP,Eletrônicos,Fone Bluetooth TWS,2,350.41,"R$ 0,00",ENTREGUE,2023-10-16
PED-03217,2023-11-23,CLI-0117,site,Salvador,BA,Eletrônicos,Caixa de Som Portátil,1,345.63,"R$ 0,00",entregue,2023-12-04
PED-00661,2023-10-02,CLI-0460,app,FORTALEZA,CE,Beleza,Kit Skincare Facial,3,96.02,"R$ 36,71",entregue,2023-10-19
PED-00558,26/02/2024,CLI-0611,site,São Paulo,SP,Casa & Decoração,Quadro Decorativo Abstrato,1,189.17,"R$ 13,59",entregue,04/03/2024
PED-00368,2024-07-05,CLI-0270,site,São Paulo,SP,Esporte,Camiseta Dry Fit,1,66.07,"R$ 13,55",entregue,2024-07-17
PED-00671,2023-05-24,CLI-0318,marketplace,Salvador,BA,Esporte,Camiseta Dry Fit,1,64.88,"R$ 26,44",ENTREGUE,2023-06-05
PED-01903,2024-11-03,CLI-1275,site,,SP,Beleza,Secador de Cabelo 2000W,1,268.03,"R$ 15,84",entregue,2024-11-07
PED-02438,2024-06-30,CLI-0243,marketplace,porto alegre,RS,Eletrônicos,Carregador Turbo 30W,3,80.3,"R$ 28,63",cancelado,
PED-00905,2024-12-14,CLI-1344,marketplace,São Paulo,SP,Esporte,Garrafa Térmica 1L,-2,71.91,"R$ 14,89",entregue,2024-12-28
PED-00925,2023-06-19,CLI-0722,site,Curitiba,PR,Eletrônicos,Fone Bluetooth TWS,1,263.04,"R$ 18,06",entregue,2023-06-28
PED-04749,10/11/2024,CLI-0024,marketplace,Porto Alegre,RS,Eletrônicos,Fone Bluetooth TWS,1,275.04,"R$ 27,48",entregue,27/11/2024
PED-01175,2024-03-08,CLI-0165,site,Salvador,BA,Eletrônicos,Webcam Full HD,4,306.51,"R$ 0,00",entregue,2024-03-17
PED-00763,2023-02-25,CLI-0695,marketplace,Rio de Janeiro,RJ,BELEZA,Kit Skincare Facial,1,,"R$ 17,20",cancelado,
PED-00471,19/12/2023,CLI-0375,app,Salvador,BA,Moda,Tênis Casual Masculino,4,316.63,"R$ 0,00",entregue,30/12/2023
PED-00210,2024-03-10,CLI-1351,marketplace,Ribeirão Preto,SP,Eletrônicos,Smartwatch Fit,2,863.5,"R$ 0,00",entregue,2024-03-23
PED-04685,2024-12-30,CLI-0261,app,Campinas,SP,Eletrônicos,Fone Bluetooth TWS,2,216.46,"R$ 0,00",cancelado,
PED-04225,10/08/2023,CLI-0393,app,Recife,PE,Moda,"Mochila Notebook 15""",2,212.23,"R$ 0,00",em transporte,
PED-00434,2024-10-29,CLI-0897,app,Rio de Janeiro,RJ,Moda,Camiseta Básica Algodão,2,61.52,"R$ 17,56",devolvido,2024-11-11
PED-02758,2024-07-24,CLI-1184,site,São Paulo,SP,Beleza,Perfume Importado 100ml,1,285.15,"R$ 17,41",entregue,2024-08-05
PED-00034,2023-11-30,CLI-0624,site,Curitiba,PR,Eletrônicos,Carregador Turbo 30W,2,63.16,"R$ 24,19",entregue,2023-12-07
PED-01198,2024-06-24,CLI-0352,marketplace,Salvador,BA,moda,Boné Aba Curva,1,54.29,"R$ 34,38",entregue,2024-07-01
PED-01304,2023-09-17,CLI-0357,marketplace,Belo Horizonte,MG,Casa & Decoração,Luminária de Mesa LED,1,127.23,"R$ 19,71",entregue,2023-09-21
PED-00545,2023-05-28,CLI-1277,app,Porto Alegre,RS,Esporte,Camiseta Dry Fit,2,106.36,"R$ 22,24",entregue,2023-06-07
PED-03394,2023-02-02,CLI-0297,marketplace,porto alegre,RS,Moda,"Mochila Notebook 15""",2,138.28,"R$ 26,03",entregue,2023-02-18
PED-02022,2023-04-29,CLI-0494,marketplace,São Paulo,SP,Eletrônicos,Smartwatch Fit,2,377.53,"R$ 0,00",entregue,2023-05-12
PED-00782,28/11/2024,CLI-1387,site,Rio de Janeiro,RJ,Moda,Tênis Casual Masculino,3,256.44,"R$ 0,00",em transporte,
PED-01042,2024-07-02,CLI-0032,site,Goiânia,GO,Beleza,Kit Skincare Facial,2,279.17,"R$ 0,00",entregue,2024-07-18
PED-01033,2024-03-12,CLI-0679,site,Goiânia,GO,Beleza,Kit Skincare Facial,1,167.21,"R$ 22,36",entregue,2024-03-22
PED-04424,20/08/2023,CLI-0233,app,Belo Horizonte,MG,Moda,Tênis Casual Masculino,1,377.64,"R$ 0,00",em transporte,
PED-02645,2023-10-16,CLI-0206,app,São Paulo,SP,Esporte,Camiseta Dry Fit,2,108.58,"R$ 11,52",entregue,2023-10-20
PED-04521,2023-04-05,CLI-0817,site,Belo Horizonte,MG,Casa & Decoração,Quadro Decorativo Abstrato,3,176.13,"R$ 0,00",devolvido,2023-04-17
PED-01977,2024-02-02,CLI-0467,site,Campinas,SP,Moda,Boné Aba Curva,4,107.48,"R$ 0,00",Entregue,2024-02-06
PED-04818,2024-03-06,CLI-0215,site,Recife,PE,Casa & Decoração,Luminária de Mesa LED,3,100.87,"R$ 0,00",entregue,2024-03-13
PED-02087,2023-11-23,CLI-1032,site,Fortaleza,CE,moda,Camiseta Básica Algodão,1,45.91,"R$ 34,66",cancelado,
PED-04941,2024-11-06,CLI-0261,marketplace,Belo Horizonte,MG,Eletrônicos,Caixa de Som Portátil,3,441.71,"R$ 0,00",entregue,2024-11-20
PED-04125,2024-12-30,CLI-0573,marketplace,São Paulo,SP,Moda,Boné Aba Curva,2,69.79,"R$ 15,46",cancelado,
PED-02824,2024-12-13,CLI-1057,app,Goiânia,GO,Beleza,Secador de Cabelo 2000W,1,207.57,"R$ 28,79",entregue,2024-12-29
PED-03302,2023-11-06,CLI-0207,site,Goiânia,GO,Moda,Boné Aba Curva,2,92.12,"R$ 17,42",devolvido,2023-11-16
PED-04629,2023-07-18,CLI-0129,marketplace,Campinas,,Moda,Camiseta Básica Algodão,2,85.85,"R$ 14,08",entregue,2023-07-25
PED-01120,16/11/2024,CLI-0869,app,são paulo,SP,Moda,Tênis Casual Masculino,1,269.84,"R$ 11,09",cancelado,
PED-00854,2024-11-25,CLI-0908,site,Porto Alegre,RS,Casa & Decoração,Jogo de Toalhas 4 peças,3,194.49,"R$ 0,00",entregue,2024-12-04
PED-01923,2024-02-14,CLI-0570,app,Salvador,BA,Eletrônicos,Fone Bluetooth TWS,2,184.26,"R$ 0,00",entregue,2024-02-22
PED-03931,29/03/2024,CLI-0706,site,são paulo,SP,Casa & Decoração,Quadro Decorativo Abstrato,4,176.92,"R$ 0,00",entregue,06/04/2024
PED-01876,03/10/2024,CLI-1323,app,Recife,PE,Esporte,Garrafa Térmica 1L,1,73.09,"R$ 26,48",entregue,17/10/2024
PED-02565,2024-05-19,CLI-1254,app,  Recife ,PE,Eletrônicos,Webcam Full HD,1,361.29,"R$ 0,00",entregue,2024-05-26
PED-00699,2024-06-22,CLI-0463,marketplace,Ribeirão Preto,SP,Casa & Decoração,"Tapete Sala 1,5m",2,289.05,"R$ 0,00",devolvido,2024-06-25
PED-01620,2023-02-14,CLI-0557,site,brasília,DF,Beleza,Perfume Importado 100ml,1,335.46,"R$ 0,00",entregue,2023-03-03
PED-00801,2024-08-23,CLI-1104,app,São Paulo,SP,Esporte,Garrafa Térmica 1L,1,89.74,"R$ 20,66",entregue,2024-08-26
PED-02766,08/12/2024,CLI-0170,app,Belo Horizonte,MG,Moda,Camiseta Básica Algodão,4,41.69,"R$ 18,91",devolvido,18/12/2024
PED-03976,25/07/2023,CLI-0354,site,SÃO PAULO,SP,Beleza,Perfume Importado 100ml,1,523.32,"R$ 0,00",entregue,29/07/2023
PED-03313,2024-04-09,CLI-1248,app,São Paulo,SP,Eletrônicos,Smartwatch Fit,1,668.96,"R$ 0,00",em transporte,
PED-01919,2024-05-16,CLI-0187,app,Salvador,BA,Eletrônicos,Caixa de Som Portátil,2,303.66,"R$ 0,00",em transporte,
PED-00280,04/11/2024,CLI-0367,app,belo horizonte,MG,Casa & Decoração,Jogo de Toalhas 4 peças,3,212.57,"R$ 0,00",cancelado,
PED-02507,2024-12-06,CLI-0638,site,São Paulo,SP,Moda,Tênis Casual Masculino,-1,341.01,"R$ 0,00",entregue,2024-12-09
PED-01821,01/12/2024,CLI-1017,marketplace,Rio de Janeiro,RJ,Beleza,Secador de Cabelo 2000W,1,304.01,"R$ 0,00",entregue,05/12/2024
PED-04863,2023-09-29,CLI-0547,app,porto alegre,RS,Casa & Decoração,Vaso Decorativo Cerâmica,2,66.06,"R$ 24,28",Entregue,2023-10-17
PED-01138,31/12/2023,CLI-0518,site,Salvador,BA,Casa & Decoração,Jogo de Toalhas 4 peças,4,184.76,"R$ 0,00",em transporte,
PED-01317,21/04/2024,CLI-0870,site,Salvador,BA,Casa & Decoração,Vaso Decorativo Cerâmica,2,129.18,"R$ 29,10",Entregue,01/05/2024
PED-03414,05/03/2023,CLI-0675,marketplace,Salvador,BA,Moda,Tênis Casual Masculino,2,344.28,"R$ 0,00",entregue,23/03/2023
PED-04339,2024-03-14,CLI-1030,app,Sao Paulo,SP,casa & decoracao,Jogo de Toalhas 4 peças,2,167.45,"R$ 0,00",cancelado,
PED-00532,2024-07-29,CLI-0981,site,Porto Alegre,RS,Casa & Decoração,Vaso Decorativo Cerâmica,1,51.02,"R$ 25,90",entregue,2024-08-13
PED-01022,31/08/2024,CLI-0808,app,Porto Alegre,RS,Beleza,Perfume Importado 100ml,3,503.72,"R$ 0,00",entregue,15/09/2024
PED-04025,02/10/2024,CLI-1071,site,Curitiba,PR,Beleza,Secador de Cabelo 2000W,2,388.34,"R$ 0,00",entregue,15/10/2024
PED-03630,2023-07-13,CLI-0261,site,Brasília,DF,Eletrônicos,Carregador Turbo 30W,1,91.22,"R$ 28,54",entregue,2023-07-28
PED-02668,2023-03-21,CLI-1188,site,Brasília,DF,Casa & Decoração,Jogo de Toalhas 4 peças,4,110.9,"R$ 0,00",em transporte,
PED-01902,2023-01-25,CLI-0074,site,Belo Horizonte,MG,Moda,Tênis Casual Masculino,2,242.21,"R$ 0,00",em transporte,
PED-04172,2024-07-30,CLI-1089,site,  São Paulo ,SP,moda,Camiseta Básica Algodão,2,48.16,"R$ 14,35",entregue,2024-08-08
PED-04912,2024-02-04,CLI-0166,site,São Paulo,SP,Moda,"Mochila Notebook 15""",2,132.36,"R$ 14,98",entregue,2024-02-15
PED-02458,21/04/2023,CLI-0332,app,Recife,PE,Moda,Camiseta Básica Algodão,2,45.62,"R$ 35,22",entregue,06/05/2023
PED-02879,27/03/2024,CLI-0705,marketplace,fortaleza,CE,Casa & Decoração,Luminária de Mesa LED,4,133.84,"R$ 0,00",em transporte,
PED-02297,15/08/2024,CLI-0766,site,Salvador,BA,Eletrônicos,Smartwatch Fit,3,685.56,"R$ 0,00",entregue,22/08/2024
PED-02755,2024-11-15,CLI-0598,site,porto alegre,RS,ESPORTE,Garrafa Térmica 1L,2,94.9,"R$ 31,73",entregue,2024-11-23
PED-03789,2023-11-20,CLI-1144,site,RIBEIRÃO PRETO,SP,Eletrônicos,Carregador Turbo 30W,1,100.74,"R$ 14,96",entregue,2023-11-28
PED-04790,14/07/2024,CLI-1057,app,Rio de Janeiro,,Eletrônicos,Carregador Turbo 30W,1,106.3,"R$ 15,22",entregue,23/07/2024
PED-04170,2024-01-30,CLI-0937,site,Rio de Janeiro,RJ,Esporte,Garrafa Térmica 1L,2,84.58,"R$ 20,25",entregue,2024-02-13
PED-02327,31/07/2023,CLI-0934,app,Campinas,SP,MODA,Jaqueta Jeans,1,256.31,"R$ 17,20",entregue,14/08/2023
PED-01758,20/12/2024,CLI-0511,site,Belo Horizonte,MG,Moda,Boné Aba Curva,1,76.74,"R$ 16,37",entregue,23/12/2024
PED-01638,2024-11-29,CLI-1143,marketplace,Campinas,SP,Moda,"Mochila Notebook 15""",1,166.79,"R$ 16,26",Entregue,2024-12-12
PED-04120,2024-02-20,CLI-1165,app,Goiânia,GO,Moda,Jaqueta Jeans,1,304.65,"R$ 0,00",devolvido,2024-03-08
PED-02521,17/06/2023,CLI-1286,app,Brasilia,DF,Moda,Tênis Casual Masculino,1,283.78,"R$ 21,51",entregue,24/06/2023
PED-01861,2024-05-05,CLI-0511,marketplace,são paulo,SP,Casa & Decoração,Jogo de Toalhas 4 peças,1,200.04,"R$ 23,51",entregue,2024-05-08
PED-03046,21/12/2024,CLI-0798,site,RIBEIRÃO PRETO,SP,beleza,Perfume Importado 100ml,4,410.06,"R$ 0,00",entregue,28/12/2024
PED-03013,2024-09-09,CLI-1241,app,Fortaleza,CE,Eletrônicos,Fone Bluetooth TWS,2,253.25,"R$ 0,00",ENTREGUE,2024-09-17
PED-04934,2023-09-11,CLI-0270,site,Brasília,DF,Eletrônicos,Smartwatch Fit,1,424.44,"R$ 0,00",entregue,2023-09-22
PED-00347,09/12/2024,CLI-0865,app,Rio de Janeiro,,moda,Jaqueta Jeans,1,216.09,"R$ 21,25",cancelado,
PED-00822,2024-05-13,CLI-0488,site,SÃO PAULO,SP,Casa & Decoração,"Tapete Sala 1,5m",4,310.27,"R$ 0,00",entregue,2024-05-17
PED-01162,2024-06-21,CLI-1263,site,São Paulo,SP,Beleza,Base Líquida Matte,1,106.31,"R$ 10,09",entregue,2024-07-02
PED-02160,2023-02-19,CLI-1041,app,Salvador,BA,Eletrônicos,Webcam Full HD,3,182.94,"R$ 0,00",entregue,2023-02-27
PED-03687,2023-11-20,CLI-0748,app,CURITIBA,PR,Eletrônicos,Fone Bluetooth TWS,4,360.74,"R$ 0,00",entregue,2023-12-01
PED-04961,2023-06-13,CLI-0692,marketplace,Recife,PE,Casa & Decoração,"Tapete Sala 1,5m",4,129.48,"R$ 0,00",ENTREGUE,2023-06-25
PED-04326,2024-04-12,CLI-0791,marketplace,Recife,PE,Esporte,Halter Emborrachado 5kg,1,137.35,"R$ 32,33",entregue,2024-04-27
PED-00323,10/11/2023,CLI-0473,site,Campinas,SP,Eletrônicos,Smartwatch Fit,2,841.79,"R$ 0,00",entregue,15/11/2023
PED-02821,2023-10-14,CLI-1278,site,Fortaleza,CE,Esporte,Tapete de Yoga 6mm,4,122.45,"R$ 0,00",entregue,2023-11-01
PED-02618,2024-11-07,CLI-0817,site,campinas,SP,Eletrônicos,Webcam Full HD,1,313.81,"R$ 0,00",entregue,2024-11-20
PED-00351,2024-05-27,CLI-0747,app,São Paulo,SP,Casa & Decoração,Quadro Decorativo Abstrato,4,84.29,"R$ 0,00",entregue,2024-06-02
PED-01345,2024-12-24,CLI-0261,site,São Paulo,SP,Moda,Tênis Casual Masculino,2,409.13,"R$ 0,00",entregue,2025-01-01
PED-04081,2023-11-30,CLI-0170,marketplace,fortaleza,,Moda,Jaqueta Jeans,1,304.92,"R$ 0,00",devolvido,2023-12-17
PED-00998,2023-01-03,CLI-0900,site,Brasilia,DF,Casa & Decoração,Quadro Decorativo Abstrato,3,157.89,"R$ 0,00",entregue,2023-01-20
PED-00472,12/02/2024,CLI-0802,marketplace,Ribeirão Preto,SP,Moda,"Mochila Notebook 15""",4,176.48,"R$ 0,00",entregue,23/02/2024
PED-04765,2024-01-12,CLI-0422,site,FORTALEZA,CE,Moda,Camiseta Básica Algodão,1,56.97,"R$ 32,08",em transporte,
PED-03472,2024-01-19,CLI-1255,site,Belo Horizonte,MG,Eletrônicos,Carregador Turbo 30W,2,98.71,"R$ 18,02",entregue,2024-02-02
PED-00778,17/06/2023,CLI-0164,site,São Paulo,SP,Esporte,Camiseta Dry Fit,1,110.87,"R$ 19,57",entregue,25/06/2023
PED-02922,09/01/2023,CLI-1077,app,São Paulo,SP,Beleza,Perfume Importado 100ml,3,612.96,"R$ 0,00",entregue,23/01/2023
PED-01254,29/05/2024,CLI-0712,app,Rio de Janeiro,RJ,Casa & Decoração,Jogo de Toalhas 4 peças,1,164.33,"R$ 19,76",entregue,08/06/2024
PED-03447,2024-07-10,CLI-0734,site,Belo Horizonte,MG,eletronicos,Carregador Turbo 30W,1,102.64,"R$ 13,83",cancelado,
PED-00446,01/08/2024,CLI-0293,site,SALVADOR,BA,Casa & Decoração,Jogo de Toalhas 4 peças,1,208.38,"R$ 34,50",entregue,13/08/2024
PED-01239,2023-06-30,CLI-0669,site,Recife,PE,Esporte,Halter Emborrachado 5kg,3,118.87,"R$ 0,00",entregue,2023-07-14
PED-03791,2023-08-13,CLI-0491,marketplace,Curitiba,PR,Casa & Decoração,Luminária de Mesa LED,3,205.98,"R$ 0,00",entregue,2023-08-29
PED-02475,2023-11-29,CLI-0009,app,Belo Horizonte,MG,Esporte,Tapete de Yoga 6mm,2,158.82,"R$ 0,00",CANCELADO,
PED-04006,2023-07-07,CLI-0277,marketplace,Campinas,SP,Beleza,Kit Skincare Facial,2,161.14,"R$ 0,00",entregue,2023-07-16
PED-03337,2024-03-24,CLI-0700,site,Recife,PE,Beleza,Secador de Cabelo 2000W,3,156.76,"R$ 0,00",devolvido,2024-04-02
PED-03907,2024-10-12,CLI-0634,app,Campinas,,Eletrônicos,Smartwatch Fit,4,738.04,"R$ 0,00",entregue,2024-10-25
PED-01205,2023-01-31,CLI-0712,site,Porto Alegre,RS,Moda,Tênis Casual Masculino,2,338.85,"R$ 0,00",entregue,2023-02-12
PED-03458,22/11/2024,CLI-0987,app,SÃO PAULO,SP,Beleza,Perfume Importado 100ml,4,417.94,"R$ 0,00",entregue,29/11/2024
PED-01676,05/12/2024,CLI-0274,site,Porto Alegre,RS,Beleza,Base Líquida Matte,3,73.48,"R$ 28,89",ENTREGUE,19/12/2024
PED-04664,2023-04-03,CLI-0704,marketplace,São Paulo,SP,eletronicos,Fone Bluetooth TWS,1,171.54,"R$ 9,56",entregue,2023-04-14
PED-00332,2023-07-25,CLI-1003,marketplace,São Paulo,SP,Esporte,Corda de Pular Speed,1,68.86,"R$ 14,09",entregue,2023-07-29
PED-03903,2024-07-29,CLI-0354,app,Sao Paulo,SP,Moda,Jaqueta Jeans,2,251.82,"R$ 0,00",entregue,2024-08-11
PED-02108,28/12/2024,CLI-0230,app,Rio de Janeiro,RJ,Moda,Camiseta Básica Algodão,4,55.53,"R$ 21,22",entregue,07/01/2025
PED-00672,2024-04-30,CLI-0896,app,Salvador,BA,Moda,"Mochila Notebook 15""",1,253.02,"R$ 32,57",em transporte,
PED-02182,2024-12-18,CLI-1219,site,Porto Alegre,RS,Eletrônicos,Caixa de Som Portátil,1,375.66,"R$ 0,00",entregue,2025-01-03
PED-00116,2024-11-06,CLI-1330,site,Rio de Janeiro,RJ,beleza,Base Líquida Matte,1,129.88,"R$ 23,34",entregue,2024-11-12
PED-03841,2024-07-13,CLI-0672,site,são paulo,SP,Eletrônicos,Webcam Full HD,4,281.28,"R$ 0,00",entregue,2024-07-16
PED-03658,2023-12-27,CLI-0380,site,Rio de Janeiro,RJ,Casa & Decoração,Luminária de Mesa LED,3,155.25,"R$ 0,00",entregue,2024-01-02
PED-00159,14/08/2024,CLI-1221,site,São Paulo,SP,Moda,Jaqueta Jeans,2,240.26,"R$ 0,00",entregue,26/08/2024
PED-04948,2024-09-23,CLI-0942,app,,SP,Beleza,Secador de Cabelo 2000W,4,191.96,"R$ 0,00",cancelado,
PED-04137,2024-03-07,CLI-0577,site,Ribeirão Preto,SP,Beleza,Kit Skincare Facial,4,197.6,"R$ 0,00",entregue,2024-03-15
PED-02912,2023-06-04,CLI-0105,site,Brasília,DF,Beleza,Kit Skincare Facial,3,133.96,"R$ 0,00",devolvido,2023-06-12
PED-00018,2023-03-14,CLI-1205,marketplace,Fortaleza,CE,Eletrônicos,Carregador Turbo 30W,1,60.97,"R$ 32,84",ENTREGUE,2023-03-22
PED-02540,2024-03-12,CLI-1372,site,São Paulo,SP,Esporte,Corda de Pular Speed,2,50.97,"R$ 18,21",devolvido,2024-03-18
PED-04094,2023-07-10,CLI-0636,app,,SP,Beleza,Perfume Importado 100ml,2,417.78,"R$ 0,00",entregue,2023-07-14
PED-03926,2024-04-19,CLI-0337,app,Brasília,DF,Casa & Decoração,Jogo de Toalhas 4 peças,3,104.57,"R$ 0,00",em transporte,
PED-02104,05/12/2024,CLI-0893,app,São Paulo,SP,Casa & Decoração,Jogo de Toalhas 4 peças,2,163.49,"R$ 0,00",Entregue,08/12/2024
PED-02499,2024-10-17,CLI-0079,app,São Paulo,SP,Moda,Boné Aba Curva,2,112.92,"R$ 14,81",entregue,2024-10-30
PED-01045,2023-01-23,CLI-1067,app,Belo Horizonte,MG,Eletrônicos,Webcam Full HD,1,194.2,"R$ 21,32",entregue,2023-01-28
PED-00199,2023-07-19,CLI-0109,app,São Paulo,SP,Eletrônicos,Smartwatch Fit,1,677.89,"R$ 0,00",entregue,2023-07-30
PED-00962,2024-01-09,CLI-0296,site,Brasilia,DF,Moda,Tênis Casual Masculino,4,231.59,"R$ 0,00",em transporte,
PED-03789,2023-11-20,CLI-1144,site,RIBEIRÃO PRETO,SP,Eletrônicos,Carregador Turbo 30W,1,100.74,"R$ 14,96",entregue,2023-11-28
PED-01104,2024-10-29,CLI-0924,site,Rio de Janeiro,RJ,Beleza,Base Líquida Matte,1,145.56,"R$ 22,11",entregue,2024-11-05
PED-01490,2024-02-13,CLI-0317,app,Belo Horizonte,MG,moda,Boné Aba Curva,1,73.25,"R$ 20,09",entregue,2024-02-18
PED-00667,2024-10-09,CLI-1125,site,Recife,PE,Eletrônicos,Caixa de Som Portátil,1,488.22,"R$ 0,00",em transporte,
PED-01687,2024-03-07,CLI-0352,app,Brasília,DF,Moda,Camiseta Básica Algodão,4,86.96,"R$ 0,00",entregue,2024-03-20
PED-02681,2024-10-05,CLI-0377,site,Brasília,DF,Beleza,Perfume Importado 100ml,1,522.16,"R$ 0,00",entregue,2024-10-14
PED-04831,2024-05-12,CLI-0550,marketplace,Recife,PE,Moda,Jaqueta Jeans,1,232.37,"R$ 31,86",entregue,2024-05-29
PED-04050,2024-08-07,CLI-0966,app,Recife,PE,Casa & Decoração,Quadro Decorativo Abstrato,1,166.25,"R$ 29,10",entregue,2024-08-20
PED-01361,2024-07-03,CLI-1331,site,Salvador,,Eletrônicos,Caixa de Som Portátil,1,400.1,"R$ 0,00",entregue,2024-07-13
PED-00716,08/07/2023,CLI-1112,app,Salvador,BA,eletronicos,Carregador Turbo 30W,1,105.84,"R$ 32,33",entregue,16/07/2023
PED-01279,2024-11-09,CLI-0184,site,Ribeirão Preto,SP,Beleza,Kit Skincare Facial,2,273.52,"R$ 0,00",ENTREGUE,2024-11-19
PED-04784,07/05/2024,CLI-1391,marketplace,Brasília,DF,Beleza,Perfume Importado 100ml,2,373.72,"R$ 0,00",entregue,17/05/2024
PED-02419,2023-03-18,CLI-0139,site,Ribeirão Preto,SP,Eletrônicos,Caixa de Som Portátil,3,275.86,"R$ 0,00",entregue,2023-03-29
PED-02175,2023-11-21,CLI-0274,app,Belo Horizonte,MG,Casa & Decoração,Vaso Decorativo Cerâmica,2,82.95,"R$ 24,53",entregue,2023-12-03
PED-02236,2024-11-13,CLI-1220,site,  São Paulo ,SP,Esporte,Tapete de Yoga 6mm,2,96.66,"R$ 9,88",entregue,2024-11-21
PED-04682,24/02/2023,CLI-1108,app,Curitiba,PR,Esporte,Garrafa Térmica 1L,4,89.27,"R$ 0,00",em transporte,
PED-02373,29/10/2023,CLI-0518,app,Belo Horizonte,MG,Beleza,Kit Skincare Facial,2,269.04,"R$ 0,00",entregue,07/11/2023
PED-03521,2024-03-21,CLI-0261,site,Sao Paulo,SP,Eletrônicos,Carregador Turbo 30W,2,92.75,"R$ 18,98",devolvido,2024-03-30
PED-01071,2024-11-12,CLI-0498,app,Goiânia,GO,Moda,Tênis Casual Masculino,1,412.88,"R$ 0,00",entregue,2024-11-20
PED-01298,20/06/2023,CLI-0787,site,Belo Horizonte,MG,eletronicos,Webcam Full HD,2,325.99,"R$ 0,00",entregue,29/06/2023
PED-01282,2023-12-22,CLI-0242,marketplace,São Paulo,SP,Eletrônicos,Carregador Turbo 30W,1,89.54,"R$ 12,50",entregue,2024-01-02
PED-03033,2023-09-13,CLI-1359,site,Rio de Janeiro,RJ,Eletrônicos,Caixa de Som Portátil,1,424.41,"R$ 0,00",devolvido,2023-09-21
PED-03815,05/01/2024,CLI-0100,site,Ribeirão Preto,SP,Moda,Jaqueta Jeans,1,274.09,"R$ 15,16",EM TRANSPORTE,
PED-01234,2024-07-11,CLI-0921,marketplace,Sao Paulo,SP,Eletrônicos,Fone Bluetooth TWS,2,294.72,"R$ 0,00",Em transporte,
PED-02124,2023-07-16,CLI-1330,app,SÃO PAULO,SP,Eletrônicos,Carregador Turbo 30W,2,95.8,"R$ 17,62",entregue,2023-07-24
PED-01424,2023-12-09,CLI-0066,app,Porto Alegre,RS,Casa & Decoração,Vaso Decorativo Cerâmica,1,172.97,"R$ 22,97",entregue,2023-12-23
PED-00916,2024-12-12,CLI-1149,marketplace,Brasília,DF,Moda,"Mochila Notebook 15""",1,196.94,"R$ 23,86",entregue,2024-12-30
PED-02801,2024-12-31,CLI-0851,site,RECIFE,PE,Casa & Decoração,Luminária de Mesa LED,4,98.2,"R$ 0,00",devolvido,2025-01-12
PED-04490,2024-03-30,CLI-0839,app,Rio de Janeiro,RJ,casa & decoracao,Vaso Decorativo Cerâmica,2,68.16,"R$ 24,77",entregue,2024-04-04
PED-01936,2023-04-23,CLI-0422,site,Salvador,BA,Moda,Boné Aba Curva,2,82.92,"R$ 27,72",entregue,2023-05-02
PED-03861,2024-02-08,CLI-0978,site,São Paulo,SP,Esporte,Camiseta Dry Fit,2,57.42,"R$ 18,41",entregue,2024-02-13
PED-03022,2024-08-26,CLI-0316,app,Rio de Janeiro,RJ,Esporte,Corda de Pular Speed,2,85.56,"R$ 18,59",entregue,2024-09-09
PED-00530,2023-11-02,CLI-0275,marketplace,Porto Alegre,RS,Casa & Decoração,Luminária de Mesa LED,1,176.36,"R$ 21,58",entregue,2023-11-14
PED-00501,2024-08-22,CLI-0992,app,Rio de Janeiro,RJ,Beleza,Base Líquida Matte,4,102.61,"R$ 0,00",entregue,2024-09-05
PED-04971,03/06/2024,CLI-1137,marketplace,Porto Alegre,RS,ELETRÔNICOS,Carregador Turbo 30W,3,119.68,"R$ 0,00",entregue,21/06/2024
PED-01544,2023-06-30,CLI-1330,site,recife,PE,Casa & Decoração,Jogo de Toalhas 4 peças,1,222.68,"R$ 25,14",entregue,2023-07-13
PED-04845,2023-12-14,CLI-0256,marketplace,BELO HORIZONTE,MG,Eletrônicos,Caixa de Som Portátil,3,287.33,"R$ 0,00",entregue,2023-12-20
PED-03918,08/04/2024,CLI-0309,site,Belo Horizonte,MG,Moda,"Mochila Notebook 15""",1,159.67,"R$ 19,92",entregue,16/04/2024
PED-01547,2023-09-01,CLI-0083,app,FORTALEZA,CE,Beleza,Perfume Importado 100ml,2,443.38,"R$ 0,00",entregue,2023-09-10
PED-01387,2024-07-29,CLI-0817,site,Campinas,SP,Casa & Decoração,Vaso Decorativo Cerâmica,1,77.94,"R$ 15,31",entregue,2024-08-02
PED-01075,2024-11-05,CLI-0623,marketplace,São Paulo,SP,moda,Tênis Casual Masculino,1,288.89,"R$ 17,82",entregue,2024-11-18
PED-04325,2023-07-24,CLI-0572,site,São Paulo,SP,Eletrônicos,Fone Bluetooth TWS,3,277.11,"R$ 0,00",ENTREGUE,2023-08-02
PED-03430,18/10/2024,CLI-1214,app,Salvador,,Beleza,Secador de Cabelo 2000W,2,186.54,"R$ 0,00",Entregue,28/10/2024
PED-04726,2023-11-14,CLI-1348,site,Rio de Janeiro,RJ,Moda,Tênis Casual Masculino,1,274.17,"R$ 20,33",entregue,2023-11-18
PED-02746,2024-09-23,CLI-0352,marketplace,recife,PE,Casa & Decoração,Jogo de Toalhas 4 peças,3,184.82,"R$ 0,00",Entregue,2024-10-07
PED-01504,2024-01-01,CLI-0832,site,rio de janeiro,RJ,Moda,Tênis Casual Masculino,3,391.1,"R$ 0,00",entregue,2024-01-05
PED-01362,2023-12-04,CLI-0048,app,  Campinas ,SP,Beleza,Kit Skincare Facial,2,226.05,"R$ 0,00",entregue,2023-12-15
PED-01465,2024-06-22,CLI-0555,marketplace,Fortaleza,,moda,"Mochila Notebook 15""",1,162.44,"R$ 33,92",entregue,2024-07-03
PED-03593,2024-10-08,CLI-0021,site,Salvador,BA,Moda,Jaqueta Jeans,2,201.53,"R$ 0,00",Entregue,2024-10-18
PED-00440,2024-06-05,CLI-0354,app,Recife,PE,Beleza,Perfume Importado 100ml,3,288.83,"R$ 0,00",entregue,2024-06-18
PED-03194,25/07/2024,CLI-0231,marketplace,Campinas,SP,Esporte,Camiseta Dry Fit,1,96.41,"R$ 6,48",entregue,06/08/2024
PED-03406,2024-10-12,CLI-0248,site,  Fortaleza ,CE,Eletrônicos,Webcam Full HD,3,383.06,"R$ 0,00",entregue,2024-10-25
PED-00007,2024-09-08,CLI-0917,app,Belo Horizonte,MG,Casa & Decoração,"Tapete Sala 1,5m",1,363.99,"R$ 0,00",entregue,2024-09-15
PED-02166,2023-09-28,CLI-0105,marketplace,Rio de Janeiro,RJ,Esporte,Camiseta Dry Fit,3,56.16,"R$ 19,11",entregue,2023-10-02
PED-02734,13/11/2023,CLI-0155,site,Recife,PE,Casa & Decoração,Jogo de Toalhas 4 peças,2,239.6,"R$ 0,00",em transporte,
PED-01671,29/10/2023,CLI-0541,site,Rio de Janeiro,RJ,BELEZA,Perfume Importado 100ml,3,445.97,"R$ 0,00",entregue,08/11/2023
PED-00204,2023-05-30,CLI-1387,marketplace,Rio de Janeiro,RJ,Beleza,Base Líquida Matte,1,61.82,"R$ 17,17",devolvido,2023-06-09
PED-02675,2024-05-05,CLI-1233,site,Brasília,DF,Casa & Decoração,"Tapete Sala 1,5m",2,185.08,"R$ 0,00",entregue,2024-05-20
PED-00602,08/09/2024,CLI-0391,site,Rio de Janeiro,RJ,Eletrônicos,Webcam Full HD,2,214.19,"R$ 0,00",ENTREGUE,15/09/2024
PED-01038,22/12/2023,CLI-1109,app,Brasília,DF,Beleza,Perfume Importado 100ml,1,524.42,"R$ 0,00",entregue,04/01/2024
PED-01225,2023-06-26,CLI-1317,site,Campinas,SP,moda,"Mochila Notebook 15""",2,319.79,"R$ 0,00",entregue,2023-07-09
PED-03622,2023-10-05,CLI-0164,app,Belo Horizonte,MG,Eletrônicos,Smartwatch Fit,1,369.25,"R$ 0,00",entregue,2023-10-12
PED-01074,2024-12-04,CLI-0478,marketplace,Campinas,SP,Esporte,Tapete de Yoga 6mm,1,180.7,"R$ 17,66",entregue,2024-12-13
PED-02380,2024-07-21,CLI-1348,app,Goiânia,GO,Eletrônicos,Caixa de Som Portátil,3,491.76,"R$ 0,00",entregue,2024-08-05
PED-01057,25/11/2024,CLI-0718,app,Curitiba,PR,Moda,Tênis Casual Masculino,2,292.55,"R$ 0,00",ENTREGUE,10/12/2024
PED-03920,2024-01-05,CLI-0578,app,Recife,PE,Esporte,Garrafa Térmica 1L,1,96.46,"R$ 34,22",entregue,2024-01-17
PED-04681,08/12/2024,CLI-0132,marketplace,São Paulo,SP,Moda,Boné Aba Curva,1,61.6,"R$ 20,94",entregue,18/12/2024
PED-02495,2024-11-15,CLI-0104,app,São Paulo,SP,Esporte,Corda de Pular Speed,4,55.95,"R$ 17,30",entregue,2024-11-19
PED-00200,2023-11-01,CLI-0039,marketplace,Recife,PE,Eletrônicos,Fone Bluetooth TWS,1,256.85,"R$ 32,50",entregue,2023-11-08
PED-01430,2024-01-18,CLI-1088,app,Brasília,DF,Esporte,Tapete de Yoga 6mm,2,169.77,"R$ 0,00",entregue,2024-01-25
PED-04307,14/04/2024,CLI-0888,marketplace,São Paulo,SP,Beleza,Base Líquida Matte,4,115.34,"R$ 0,00",Entregue,25/04/2024
PED-02910,2024-04-25,CLI-0892,marketplace,Curitiba,PR,Beleza,Kit Skincare Facial,1,253.95,"R$ 17,96",devolvido,2024-05-07
PED-01207,2024-05-18,CLI-0302,site,Salvador,BA,Eletrônicos,Fone Bluetooth TWS,2,315.01,"R$ 0,00",entregue,2024-06-02
PED-04562,03/09/2023,CLI-1251,app,Campinas,SP,moda,Jaqueta Jeans,1,231.45,"R$ 17,30",cancelado,
PED-02660,2023-08-17,CLI-0602,site,Belo Horizonte,MG,Eletrônicos,Caixa de Som Portátil,4,377.89,"R$ 0,00",entregue,2023-08-28
PED-00833,2023-12-15,CLI-0997,app,SÃO PAULO,SP,Moda,"Mochila Notebook 15""",2,283.96,"R$ 0,00",Entregue,2023-12-24
PED-02059,2023-05-18,CLI-0767,app,rio de janeiro,RJ,Eletrônicos,Caixa de Som Portátil,4,317.01,"R$ 0,00",cancelado,
PED-01990,2023-06-05,CLI-1112,site,São Paulo,SP,BELEZA,Kit Skincare Facial,1,210.73,"R$ 13,63",devolvido,2023-06-10
PED-00739,2023-12-14,CLI-0352,app,  Salvador ,BA,Eletrônicos,Smartwatch Fit,2,453.07,"R$ 0,00",ENTREGUE,2023-12-27
PED-01141,2023-11-22,CLI-0840,site,Curitiba,PR,Eletrônicos,Fone Bluetooth TWS,1,388.32,"R$ 0,00",cancelado,
PED-01855,2024-11-03,CLI-0309,app,belo horizonte,MG,esporte,Tapete de Yoga 6mm,3,143.26,"R$ 0,00",entregue,2024-11-09
PED-02299,06/01/2023,CLI-0964,marketplace,Goiania,GO,Casa & Decoração,"Tapete Sala 1,5m",1,406.68,"R$ 0,00",entregue,14/01/2023
PED-04639,2023-06-29,CLI-1019,site,Belo Horizonte,MG,Beleza,Secador de Cabelo 2000W,3,372.84,"R$ 0,00",entregue,2023-07-08
PED-04812,2024-07-12,CLI-0360,site,Campinas,SP,Eletrônicos,Fone Bluetooth TWS,4,199.33,"R$ 0,00",entregue,2024-07-20
PED-03707,2023-11-12,CLI-0477,site,São Paulo,SP,Moda,Boné Aba Curva,1,50.81,"R$ 17,00",entregue,2023-11-25
PED-01971,2023-11-02,CLI-0454,site,Curitiba,PR,Moda,Jaqueta Jeans,2,310.54,"R$ 0,00",entregue,2023-11-11
PED-02220,2023-11-04,CLI-0956,app,Curitiba,PR,esporte,Tapete de Yoga 6mm,3,169.63,"R$ 0,00",cancelado,
PED-04556,2024-08-29,CLI-1361,site,Curitiba,PR,Esporte,Camiseta Dry Fit,1,61.09,"R$ 25,63",entregue,2024-09-09
PED-02826,23/08/2024,CLI-0846,marketplace,Brasília,DF,Moda,"Mochila Notebook 15""",3,326.24,"R$ 0,00",entregue,08/09/2024
PED-01735,2024-11-09,CLI-0690,site,Rio de Janeiro,RJ,,Fone Bluetooth TWS,3,152.2,"R$ 0,00",entregue,2024-11-22
PED-01236,19/04/2023,CLI-1198,app,Campinas,SP,Casa & Decoração,Quadro Decorativo Abstrato,1,196.85,"R$ 11,38",ENTREGUE,28/04/2023
PED-01652,2023-10-02,CLI-1310,site,Goiânia,GO,Esporte,Garrafa Térmica 1L,1,58.95,"R$ 30,03",entregue,2023-10-12
PED-02257,2024-11-24,CLI-0644,app,Rio de Janeiro,RJ,Moda,Jaqueta Jeans,1,158.46,"R$ 20,81",cancelado,
PED-01209,2023-09-19,CLI-1110,marketplace,Belo Horizonte,MG,Casa & Decoração,Quadro Decorativo Abstrato,1,104.69,"R$ 17,81",entregue,2023-09-25
PED-01392,2024-10-28,CLI-0443,app,São Paulo,SP,Moda,Camiseta Básica Algodão,2,87.56,"R$ 18,49",entregue,2024-11-09
PED-03774,2024-10-16,CLI-0995,app,Recife,PE,Casa & Decoração,Jogo de Toalhas 4 peças,2,216.72,"R$ 0,00",entregue,2024-10-29
PED-04446,2024-01-28,CLI-0624,site,são paulo,SP,Moda,"Mochila Notebook 15""",1,209.12,"R$ 15,51",devolvido,2024-02-08
PED-00206,21/08/2023,CLI-0710,site,São Paulo,SP,Eletrônicos,Smartwatch Fit,1,751.27,"R$ 0,00",entregue,30/08/2023
PED-03483,29/10/2024,CLI-0116,site,Curitiba,PR,Beleza,Base Líquida Matte,3,131.94,"R$ 0,00",entregue,16/11/2024
PED-00380,2024-08-16,CLI-1212,site,Goiânia,GO,Eletrônicos,Fone Bluetooth TWS,3,242.66,"R$ 0,00",ENTREGUE,2024-08-25
PED-01355,2024-11-12,CLI-0482,site,Campinas,SP,Eletrônicos,Caixa de Som Portátil,1,325.9,"R$ 0,00",entregue,2024-11-22
PED-04382,2023-11-06,CLI-0577,site,Goiânia,GO,Moda,Tênis Casual Masculino,2,338.76,"R$ 0,00",entregue,2023-11-15
PED-02667,2024-11-19,CLI-0577,marketplace,BRASÍLIA,DF,Casa & Decoração,Luminária de Mesa LED,1,86.92,"R$ 25,90",entregue,2024-11-30
PED-02094,2023-08-05,CLI-0009,site,São Paulo,SP,MODA,Tênis Casual Masculino,1,255.09,"R$ 16,99",em transporte,
PED-01795,24/11/2024,CLI-1392,site,Rio de Janeiro,RJ,Esporte,Tapete de Yoga 6mm,1,79.26,"R$ 18,63",entregue,28/11/2024
PED-01763,2023-08-03,CLI-0577,site,Rio de Janeiro,RJ,Casa & Decoração,Vaso Decorativo Cerâmica,1,166.16,"R$ 19,30",entregue,2023-08-12
PED-01584,2023-09-26,CLI-0501,site,  São Paulo ,SP,eletronicos,Caixa de Som Portátil,1,241.99,"R$ 15,05",entregue,2023-10-09
PED-03323,2024-07-31,CLI-0514,app,Fortaleza,,Esporte,Camiseta Dry Fit,1,100.38,"R$ 36,87",entregue,2024-08-09
PED-02917,04/09/2023,CLI-1067,app,Salvador,,Casa & Decoração,Jogo de Toalhas 4 peças,1,211.07,"R$ 34,43",Cancelado,
PED-01344,2024-04-23,CLI-0675,site,Campinas,SP,Moda,Boné Aba Curva,1,45.42,"R$ 9,76",entregue,2024-05-01
PED-03852,2023-10-05,CLI-1387,marketplace,São Paulo,SP,Casa & Decoração,Luminária de Mesa LED,4,95.05,"R$ 0,00",entregue,2023-10-19
PED-03340,2024-03-21,CLI-0515,app,Salvador,BA,Beleza,Base Líquida Matte,4,67.39,"R$ 24,99",entregue,2024-03-31
PED-03078,24/05/2024,CLI-0773,site,Porto Alegre,RS,esporte,Corda de Pular Speed,3,44.81,"R$ 24,56",entregue,04/06/2024
PED-02820,2024-11-29,CLI-1202,app,Ribeirão Preto,SP,Eletrônicos,Smartwatch Fit,2,683.76,"R$ 0,00",entregue,2024-12-08
PED-02868,2024-04-17,CLI-1326,site,São Paulo,SP,Eletrônicos,Caixa de Som Portátil,2,395.99,"R$ 0,00",entregue,2024-04-22
PED-02895,2024-12-26,CLI-1172,site,Belo Horizonte,MG,MODA,Boné Aba Curva,1,62.19,"R$ 22,52",cancelado,
PED-01770,2024-10-22,CLI-0773,app,Belo Horizonte,MG,Esporte,Camiseta Dry Fit,3,56.99,"R$ 19,27",entregue,2024-10-28
PED-01395,2024-10-27,CLI-0105,app,Curitiba,PR,Eletrônicos,Carregador Turbo 30W,3,60.88,"R$ 18,79",entregue,2024-11-04
PED-04068,22/07/2024,CLI-0261,app,Porto Alegre,RS,Eletrônicos,Caixa de Som Portátil,2,,"R$ 0,00",entregue,03/08/2024
PED-03223,2024-09-07,CLI-0373,site,Curitiba,PR,Esporte,Halter Emborrachado 5kg,2,116.27,"R$ 24,11",entregue,2024-09-24
PED-02210,2023-04-24,CLI-0658,site,  Curitiba ,PR,Esporte,Garrafa Térmica 1L,2,129.95,"R$ 26,61",entregue,2023-05-02
PED-04334,12/02/2024,CLI-0848,app,Campinas,SP,esporte,Camiseta Dry Fit,1,91.07,"R$ 12,35",entregue,23/02/2024
PED-01126,2024-04-13,CLI-0491,marketplace,Curitiba,PR,Moda,"Mochila Notebook 15""",2,161.53,"R$ 0,00",entregue,2024-04-28
PED-02055,2023-11-08,CLI-0255,app,salvador,,Beleza,Perfume Importado 100ml,3,212.67,"R$ 0,00",entregue,2023-11-21
PED-03870,05/02/2024,CLI-0690,site,Rio de Janeiro,RJ,Casa & Decoração,"Tapete Sala 1,5m",1,298.95,"R$ 25,01",entregue,12/02/2024
PED-02798,2023-11-22,CLI-0801,site,São Paulo,SP,Eletrônicos,Fone Bluetooth TWS,1,174.02,"R$ 15,78",entregue,2023-12-02
PED-01037,2023-11-17,CLI-0394,app,Rio de Janeiro,RJ,Beleza,Perfume Importado 100ml,3,447.36,"R$ 0,00",Entregue,2023-11-21
PED-02741,2023-04-13,CLI-1055,app,Rio de Janeiro,RJ,beleza,Kit Skincare Facial,2,235.39,"R$ 0,00",entregue,2023-04-18
PED-01101,2023-01-09,CLI-0175,app,Belo Horizonte,MG,esporte,Tapete de Yoga 6mm,1,143.65,"R$ 17,99",entregue,2023-01-12
PED-00241,23/10/2024,CLI-0750,app,Rio de Janeiro,RJ,Moda,Jaqueta Jeans,2,244.94,"R$ 0,00",cancelado,
PED-01948,02/12/2024,CLI-0728,site,Curitiba,PR,Beleza,Kit Skincare Facial,1,207.55,"R$ 24,60",entregue,16/12/2024
PED-02496,2024-03-22,CLI-1067,app,Belo Horizonte,MG,Casa & Decoração,"Tapete Sala 1,5m",2,207.41,"R$ 0,00",entregue,2024-03-31
PED-01156,2023-03-18,CLI-0773,app,Belo Horizonte,MG,casa & decoracao,Luminária de Mesa LED,2,195.1,"R$ 0,00",Entregue,2023-03-27
PED-00230,2023-04-26,CLI-1256,app,Recife,PE,Casa & Decoração,Jogo de Toalhas 4 peças,1,140.64,"R$ 33,58",entregue,2023-05-07
PED-02353,2023-08-26,CLI-0261,app,Belo Horizonte,MG,Eletrônicos,Smartwatch Fit,2,524.57,"R$ 0,00",Entregue,2023-08-30
PED-02231,2023-11-15,CLI-1086,marketplace,Curitiba,PR,Beleza,Secador de Cabelo 2000W,1,122.92,"R$ 24,15",entregue,2023-12-02
PED-02931,13/05/2024,CLI-0457,site,Goiânia,GO,Moda,Jaqueta Jeans,1,227.18,"R$ 33,30",ENTREGUE,23/05/2024
PED-03388,08/12/2024,CLI-0012,app,Belo Horizonte,MG,Eletrônicos,Smartwatch Fit,2,856.49,"R$ 0,00",devolvido,21/12/2024
PED-00452,2024-11-15,CLI-1334,app,Fortaleza,CE,Casa & Decoração,"Tapete Sala 1,5m",1,442.38,"R$ 0,00",cancelado,
PED-02410,2024-12-03,CLI-1348,site,Belo Horizonte,MG,Casa & Decoração,Jogo de Toalhas 4 peças,2,189.28,"R$ 0,00",entregue,2024-12-14
PED-02658,23/04/2024,CLI-1015,marketplace,Salvador,BA,moda,Tênis Casual Masculino,3,251.9,"R$ 0,00",entregue,07/05/2024
PED-02994,2024-04-11,CLI-1335,marketplace,Rio de Janeiro,RJ,Moda,Tênis Casual Masculino,2,320.96,"R$ 0,00",Entregue,2024-04-14
PED-04441,17/02/2023,CLI-0518,site,Brasília,DF,Esporte,Corda de Pular Speed,1,74.51,"R$ 23,84",devolvido,26/02/2023
PED-00894,2023-04-19,CLI-0380,site,Salvador,BA,Eletrônicos,Fone Bluetooth TWS,2,155.98,"R$ 0,00",devolvido,2023-04-26
PED-01802,01/06/2024,CLI-0077,marketplace,São Paulo,SP,Eletrônicos,Carregador Turbo 30W,4,98.77,"R$ 0,00",Entregue,04/06/2024
PED-02550,2023-10-19,CLI-0624,marketplace,Fortaleza,CE,Eletrônicos,Smartwatch Fit,1,542.45,"R$ 0,00",Entregue,2023-10-27
PED-00616,2024-08-19,CLI-0094,site,Goiânia,GO,esporte,Tapete de Yoga 6mm,2,83.1,"R$ 28,93",entregue,2024-09-03
PED-03528,2023-06-08,CLI-0172,app,São Paulo,SP,Eletrônicos,Carregador Turbo 30W,1,113.28,"R$ 15,71",entregue,2023-06-18
PED-00193,11/05/2023,CLI-0036,site,SALVADOR,BA,Beleza,Kit Skincare Facial,1,,"R$ 27,80",entregue,18/05/2023
PED-02847,2023-08-24,CLI-0251,marketplace,Ribeirao Preto,SP,Eletrônicos,Fone Bluetooth TWS,4,299.23,"R$ 0,00",entregue,2023-08-28
PED-02739,30/07/2024,CLI-1043,site,Campinas,SP,Casa & Decoração,Vaso Decorativo Cerâmica,4,170.73,"R$ 0,00",entregue,08/08/2024
PED-02042,2024-09-26,CLI-0987,app,Fortaleza,,moda,Jaqueta Jeans,3,298.58,"R$ 0,00",entregue,2024-10-04
PED-03429,2024-11-30,CLI-1159,site,curitiba,PR,Beleza,Kit Skincare Facial,1,265.06,"R$ 22,80",entregue,2024-12-12
PED-04483,2024-09-28,CLI-0352,app,Belo Horizonte,MG,Moda,Jaqueta Jeans,1,296.67,"R$ 18,43",entregue,2024-10-06
PED-03216,2024-08-30,CLI-1169,marketplace,Rio de Janeiro,RJ,Moda,Tênis Casual Masculino,2,338.92,"R$ 0,00",entregue,2024-09-07
PED-04080,2024-01-22,CLI-0897,site,BRASÍLIA,DF,Beleza,Kit Skincare Facial,4,99.36,"R$ 0,00",entregue,2024-02-09
PED-04013,2024-12-02,CLI-1366,app,Recife,PE,Esporte,Corda de Pular Speed,2,70.12,"R$ 25,75",Entregue,2024-12-12
PED-02867,2023-12-23,CLI-0261,site,Ribeirão Preto,SP,Esporte,Halter Emborrachado 5kg,1,98.3,"R$ 18,67",entregue,2024-01-01
PED-00551,2024-02-07,CLI-1217,site,São Paulo,SP,Moda,Jaqueta Jeans,3,315.09,"R$ 0,00",entregue,2024-02-12
PED-02311,29/12/2024,CLI-0532,site,PORTO ALEGRE,RS,Casa & Decoração,Luminária de Mesa LED,2,119.15,"R$ 23,25",entregue,05/01/2025
PED-02851,2023-12-06,CLI-0897,site,BRASÍLIA,DF,Moda,Camiseta Básica Algodão,1,69.64,"R$ 24,51",devolvido,2023-12-23
PED-02008,2023-05-28,CLI-0122,app,Rio de Janeiro,RJ,moda,Tênis Casual Masculino,3,425.5,"R$ 0,00",entregue,2023-06-07
PED-01523,15/11/2024,CLI-0874,marketplace,São Paulo,SP,Eletrônicos,Carregador Turbo 30W,1,63.96,"R$ 13,73",devolvido,29/11/2024
PED-02423,2024-09-11,CLI-0744,site,FORTALEZA,CE,Moda,Boné Aba Curva,2,92.83,"R$ 38,25",cancelado,
PED-00023,2024-12-19,CLI-0547,site,SÃO PAULO,SP,MODA,"Mochila Notebook 15""",3,182.36,"R$ 0,00",entregue,2025-01-01
PED-04513,2024-11-13,CLI-0307,site,São Paulo,SP,eletronicos,Fone Bluetooth TWS,4,176.38,"R$ 0,00",ENTREGUE,2024-11-21
PED-00522,2023-12-01,CLI-0766,site,Campinas,SP,Eletrônicos,Smartwatch Fit,1,643.56,"R$ 0,00",entregue,2023-12-15
PED-00797,2023-01-22,CLI-0624,app,Rio de Janeiro,RJ,Casa & Decoração,"Tapete Sala 1,5m",1,378.16,"R$ 0,00",entregue,2023-02-03
PED-03979,2024-02-29,CLI-0173,app,Fortaleza,CE,eletronicos,Smartwatch Fit,2,410.86,"R$ 0,00",devolvido,2024-03-18
PED-01705,2024-02-12,CLI-0773,site,Ribeirão Preto,SP,Casa & Decoração,Jogo de Toalhas 4 peças,3,245.29,"R$ 0,00",entregue,2024-02-21
PED-02533,2024-07-18,CLI-0718,site,Belo Horizonte,MG,Eletrônicos,Caixa de Som Portátil,3,257.45,"R$ 0,00",Entregue,2024-07-25
PED-04027,2024-06-21,CLI-0542,site,Recife,PE,Casa & Decoração,"Tapete Sala 1,5m",1,301.6,"R$ 0,00",entregue,2024-07-08
PED-03778,2023-03-29,CLI-1006,app,Porto Alegre,RS,Eletrônicos,Carregador Turbo 30W,2,62.05,"R$ 24,37",cancelado,
PED-03829,04/12/2024,CLI-1040,site,Curitiba,PR,Casa & Decoração,Jogo de Toalhas 4 peças,1,195.99,"R$ 24,31",devolvido,17/12/2024
PED-03043,2024-09-10,CLI-0540,site,Curitiba,PR,Moda,Jaqueta Jeans,1,251.74,"R$ 23,31",entregue,2024-09-17
PED-00837,06/09/2024,CLI-1312,site,Rio de Janeiro,RJ,Casa & Decoração,Quadro Decorativo Abstrato,4,74.22,"R$ 19,87",entregue,19/09/2024
PED-02092,2024-11-04,CLI-0352,site,São Paulo,SP,Beleza,Secador de Cabelo 2000W,1,227.22,"R$ 12,16",entregue,2024-11-07
PED-04349,2024-03-20,CLI-0261,app,BRASÍLIA,DF,Casa & Decoração,"Tapete Sala 1,5m",1,390.27,"R$ 0,00",em transporte,
PED-01969,2024-02-10,CLI-1330,app,Salvador,BA,Casa & Decoração,Luminária de Mesa LED,1,130.68,"R$ 26,67",entregue,2024-02-22
PED-04097,2024-05-11,CLI-0335,app,Campinas,SP,Esporte,Garrafa Térmica 1L,1,67.51,"R$ 8,66",entregue,2024-05-17
PED-02992,2024-10-18,CLI-0261,site,Belo Horizonte,MG,Esporte,Halter Emborrachado 5kg,1,123.34,"R$ 21,27",entregue,2024-10-31
PED-04342,2023-05-13,CLI-0261,site,Porto Alegre,RS,Eletrônicos,Smartwatch Fit,3,369.14,"R$ 0,00",em transporte,
PED-00780,05/11/2024,CLI-0432,app,São Paulo,SP,Eletrônicos,Fone Bluetooth TWS,2,246.81,"R$ 0,00",entregue,10/11/2024
PED-02504,2024-10-23,CLI-0676,app,Belo Horizonte,MG,Moda,"Mochila Notebook 15""",1,165.72,"R$ 12,63",entregue,2024-10-31
PED-00016,2023-08-19,CLI-0356,site,RIBEIRÃO PRETO,SP,Esporte,Tapete de Yoga 6mm,1,183.47,"R$ 16,14",entregue,2023-08-22
PED-03481,2024-01-15,CLI-1110,site,Curitiba,PR,Eletrônicos,Webcam Full HD,1,268.81,"R$ 20,56",entregue,2024-01-23
PED-00030,2024-07-13,CLI-0573,app,Recife,PE,Eletrônicos,Caixa de Som Portátil,2,497.54,"R$ 0,00",entregue,2024-07-22
PED-04800,2024-09-06,CLI-0658,site,Belo Horizonte,MG,Casa & Decoração,Luminária de Mesa LED,1,138.04,"R$ 22,33",entregue,2024-09-20
PED-00438,2024-03-09,CLI-1348,app,Brasília,DF,Moda,Boné Aba Curva,4,51.14,"R$ 26,74",devolvido,2024-03-27
PED-03341,2023-11-16,CLI-0305,site,Rio de Janeiro,RJ,Moda,"Mochila Notebook 15""",2,,"R$ 0,00",entregue,2023-11-30
PED-04349,2024-03-20,CLI-0261,app,BRASÍLIA,DF,Casa & Decoração,"Tapete Sala 1,5m",1,390.27,"R$ 0,00",em transporte,
PED-04985,2023-10-30,CLI-1002,app,Ribeirão Preto,SP,Casa & Decoração,Vaso Decorativo Cerâmica,3,177.52,"R$ 0,00",entregue,2023-11-04
PED-04522,2023-12-25,CLI-0549,marketplace,  Belo Horizonte ,MG,moda,Tênis Casual Masculino,2,246.93,"R$ 0,00",entregue,2024-01-04
PED-02476,01/03/2023,CLI-0469,app,São Paulo,,Eletrônicos,Webcam Full HD,3,192.22,"R$ 0,00",entregue,06/03/2023
PED-03693,2023-04-12,CLI-0010,site,Campinas,SP,MODA,"Mochila Notebook 15""",1,243.09,"R$ 11,05",em transporte,
PED-02242,2023-03-11,CLI-1153,app,Salvador,BA,Casa & Decoração,Luminária de Mesa LED,4,176.08,"R$ 0,00",entregue,2023-03-18
PED-04433,2024-10-24,CLI-0164,app,Belo Horizonte,MG,ELETRÔNICOS,Carregador Turbo 30W,1,112.81,"R$ 21,66",entregue,2024-11-01
PED-04308,2023-11-18,CLI-0624,marketplace,São Paulo,SP,beleza,Kit Skincare Facial,4,166.25,"R$ 0,00",entregue,2023-11-24
PED-03137,2024-11-01,CLI-1128,site,Brasília,DF,Casa & Decoração,Jogo de Toalhas 4 peças,3,94.99,"R$ 30,99",entregue,2024-11-14
PED-00851,02/07/2023,CLI-1279,app,Campinas,SP,Moda,Tênis Casual Masculino,2,382.86,"R$ 0,00",cancelado,
PED-00972,2023-02-04,CLI-0150,marketplace,Sao Paulo,SP,Eletrônicos,Caixa de Som Portátil,1,279.48,"R$ 20,33",entregue,2023-02-11
PED-02445,2024-02-18,CLI-1053,app,São Paulo,SP,Eletrônicos,Smartwatch Fit,3,355.21,"R$ 0,00",cancelado,
PED-01177,2024-02-03,CLI-0564,marketplace,São Paulo,SP,Casa & Decoração,Quadro Decorativo Abstrato,2,154.28,"R$ 0,00",entregue,2024-02-12
PED-00457,2024-12-23,CLI-0643,app,São Paulo,SP,Moda,Boné Aba Curva,4,92.38,"R$ 0,00",entregue,2024-12-27
PED-04264,2024-10-15,CLI-0578,site,Rio de Janeiro,RJ,Moda,Camiseta Básica Algodão,1,42.57,"R$ 24,37",entregue,2024-10-20
PED-02360,2023-06-05,CLI-1107,app,Recife,PE,Moda,Camiseta Básica Algodão,2,66.3,"R$ 33,04",Devolvido,2023-06-22
PED-02774,2023-02-27,CLI-0444,site,Ribeirão Preto,SP,Eletrônicos,Webcam Full HD,4,230.83,"R$ 0,00",cancelado,
PED-04394,2024-06-22,CLI-0871,app,são paulo,SP,Beleza,Base Líquida Matte,1,138.58,"R$ 10,25",em transporte,
PED-01219,2024-07-09,CLI-1078,app,Porto Alegre,RS,Esporte,Camiseta Dry Fit,2,100.31,"R$ 21,07",entregue,2024-07-16
PED-03095,2024-02-04,CLI-0589,marketplace,Fortaleza,CE,Moda,Tênis Casual Masculino,4,342.74,"R$ 0,00",cancelado,
PED-03261,2023-03-30,CLI-1108,app,BELO HORIZONTE,MG,Moda,Tênis Casual Masculino,1,273.23,"R$ 17,60",entregue,2023-04-03
PED-04851,24/07/2023,CLI-1025,site,Rio de Janeiro,RJ,Moda,Boné Aba Curva,1,106.86,"R$ 21,10",Entregue,27/07/2023
PED-00350,2023-04-15,CLI-0266,site,SÃO PAULO,SP,Casa & Decoração,Quadro Decorativo Abstrato,1,73.52,"R$ 16,10",CANCELADO,
PED-03391,25/05/2023,CLI-1198,site,Brasília,DF,Moda,Camiseta Básica Algodão,1,76.27,"R$ 27,27",entregue,06/06/2023
PED-02240,2024-04-02,CLI-0352,app,Brasília,DF,Eletrônicos,Carregador Turbo 30W,1,119.5,"R$ 24,67",entregue,2024-04-17
PED-01800,2024-05-31,CLI-0112,marketplace,São Paulo,SP,Eletrônicos,Smartwatch Fit,1,468.14,"R$ 0,00",em transporte,
PED-00819,2024-05-31,CLI-0434,app,RIO DE JANEIRO,RJ,Casa & Decoração,Jogo de Toalhas 4 peças,4,158.18,"R$ 0,00",entregue,2024-06-09
PED-03496,2024-10-15,CLI-0772,app,São Paulo,SP,eletronicos,Fone Bluetooth TWS,1,268.6,"R$ 11,90",entregue,2024-10-27
PED-03402,2024-10-26,CLI-0056,app,Rio de Janeiro,RJ,Moda,"Mochila Notebook 15""",2,220.77,"R$ 0,00",entregue,2024-11-09
PED-02194,09/03/2023,CLI-1387,app,São Paulo,SP,Eletrônicos,Fone Bluetooth TWS,1,234.04,"R$ 12,17",entregue,18/03/2023
PED-00930,2024-08-20,CLI-1348,app,Curitiba,PR,Casa & Decoração,Jogo de Toalhas 4 peças,0,185.98,"R$ 0,00",entregue,2024-09-03
PED-03240,2023-11-07,CLI-1216,site,Fortaleza,CE,Moda,Camiseta Básica Algodão,1,69.89,"R$ 32,37",entregue,2023-11-17
PED-04378,18/07/2023,CLI-0892,site,Recife,PE,Esporte,Camiseta Dry Fit,1,93.21,"R$ 21,73",ENTREGUE,27/07/2023
PED-04312,03/10/2024,CLI-1269,app,Brasília,DF,Eletrônicos,Smartwatch Fit,2,729.09,"R$ 0,00",ENTREGUE,21/10/2024
PED-00874,2023-12-04,CLI-0057,site,Curitiba,PR,,Perfume Importado 100ml,2,623.32,"R$ 0,00",entregue,2023-12-11
PED-02789,2024-12-04,CLI-0493,app,São Paulo,SP,beleza,Kit Skincare Facial,4,272.47,"R$ 0,00",entregue,2024-12-10
PED-00849,2023-06-04,CLI-0953,app,Porto Alegre,RS,Casa & Decoração,Quadro Decorativo Abstrato,1,105.35,"R$ 20,84",ENTREGUE,2023-06-17
PED-00425,20/05/2024,CLI-0583,site,campinas,SP,Beleza,Kit Skincare Facial,4,89.89,"R$ 0,00",entregue,27/05/2024
PED-04032,2023-11-23,CLI-1262,site,Salvador,BA,Casa & Decoração,"Tapete Sala 1,5m",1,398.58,"R$ 0,00",entregue,2023-12-06
PED-03806,2023-06-12,CLI-0426,site,Porto Alegre,RS,Casa & Decoração,Quadro Decorativo Abstrato,1,132.4,"R$ 20,10",cancelado,
PED-00592,2024-01-20,CLI-1302,marketplace,Porto Alegre,RS,Moda,"Mochila Notebook 15""",1,131.72,"R$ 16,91",cancelado,
PED-01725,2024-03-02,CLI-0800,site,SALVADOR,BA,Beleza,Base Líquida Matte,4,78.86,"R$ 0,00",entregue,2024-03-11
PED-00032,2024-12-18,CLI-0471,app,Brasília,DF,Eletrônicos,Webcam Full HD,3,325.43,"R$ 0,00",entregue,2024-12-29
PED-04140,01/10/2024,CLI-1364,app,Belo Horizonte,MG,Beleza,Perfume Importado 100ml,1,518.69,"R$ 0,00",entregue,04/10/2024
PED-04411,01/12/2023,CLI-0932,site,Belo Horizonte,MG,Eletrônicos,Webcam Full HD,3,272.86,"R$ 0,00",entregue,09/12/2023
PED-03969,2024-01-06,CLI-0634,site,curitiba,PR,Casa & Decoração,Vaso Decorativo Cerâmica,1,121.14,"R$ 23,82",entregue,2024-01-13
PED-03740,2024-01-14,CLI-0472,site,Belo Horizonte,MG,Beleza,Kit Skincare Facial,3,121.27,"R$ 0,00",entregue,2024-01-24
PED-03150,2023-07-07,CLI-0471,site,Ribeirão Preto,SP,Casa & Decoração,Jogo de Toalhas 4 peças,2,181.91,"R$ 0,00",devolvido,2023-07-10
PED-04939,2024-06-07,CLI-0222,site,Recife,PE,Eletrônicos,Smartwatch Fit,1,689.53,"R$ 0,00",devolvido,2024-06-20
PED-02286,2023-04-14,CLI-0647,site,Belo Horizonte,MG,Moda,Jaqueta Jeans,2,228.75,"R$ 0,00",em transporte,
PED-02853,2024-10-14,CLI-1106,site,  São Paulo ,SP,Esporte,Garrafa Térmica 1L,1,73.87,"R$ 12,96",cancelado,
PED-00019,22/10/2024,CLI-0344,site,  Recife ,PE,eletronicos,Caixa de Som Portátil,1,313.42,"R$ 0,00",entregue,05/11/2024
PED-00448,24/05/2024,CLI-0192,site,porto alegre,RS,Casa & Decoração,Jogo de Toalhas 4 peças,1,145.29,"R$ 21,74",entregue,06/06/2024
PED-02888,07/12/2024,CLI-1159,marketplace,Fortaleza,,Casa & Decoração,Jogo de Toalhas 4 peças,2,228.28,"R$ 0,00",entregue,19/12/2024
PED-01454,10/12/2024,CLI-0850,app,  Campinas ,SP,Moda,Camiseta Básica Algodão,1,58.51,"R$ 10,64",em transporte,
PED-00152,2024-11-20,CLI-0535,marketplace,RECIFE,PE,Moda,Boné Aba Curva,1,58.45,"R$ 30,23",devolvido,2024-12-05
PED-02640,2023-07-21,CLI-1144,marketplace,São Paulo,SP,Eletrônicos,Webcam Full HD,2,282.05,"R$ 0,00",entregue,2023-07-26
PED-01121,2024-06-29,CLI-1277,site,Rio de Janeiro,RJ,Eletrônicos,Fone Bluetooth TWS,1,333.72,"R$ 0,00",entregue,2024-07-02
PED-02338,30/11/2023,CLI-0319,site,rio de janeiro,RJ,Eletrônicos,Caixa de Som Portátil,1,546.87,"R$ 0,00",entregue,04/12/2023
PED-04302,04/08/2024,CLI-0250,app,Belo Horizonte,MG,Esporte,Camiseta Dry Fit,2,61.74,"R$ 16,59",cancelado,
PED-01873,2024-12-25,CLI-0057,marketplace,Salvador,BA,Casa & Decoração,"Tapete Sala 1,5m",1,137.63,"R$ 31,38",em transporte,
PED-02196,14/10/2024,CLI-0432,site,Ribeirão Preto,SP,Beleza,Secador de Cabelo 2000W,4,279.07,"R$ 0,00",em transporte,
PED-04999,2023-11-22,CLI-1107,site,Porto Alegre,RS,eletronicos,Fone Bluetooth TWS,4,175.53,"R$ 0,00",entregue,2023-12-09
PED-02271,2024-06-05,CLI-0716,marketplace,Salvador,BA,Esporte,Tapete de Yoga 6mm,1,192.79,"R$ 31,30",entregue,2024-06-20
PED-04621,07/08/2023,CLI-0564,marketplace,Rio de Janeiro,RJ,Casa & Decoração,Luminária de Mesa LED,4,201.98,"R$ 0,00",devolvido,10/08/2023
PED-04801,2024-01-10,CLI-0345,marketplace,Porto Alegre,RS,Moda,"Mochila Notebook 15""",3,265.64,"R$ 0,00",em transporte,
PED-00534,2024-06-13,CLI-1358,app,RIO DE JANEIRO,,Beleza,Base Líquida Matte,2,,"R$ 16,01",entregue,2024-06-21
PED-04883,2024-05-18,CLI-0821,app,Belo Horizonte,MG,Moda,Jaqueta Jeans,1,152.93,"R$ 23,58",em transporte,
PED-04830,2024-11-24,CLI-0196,site,Recife,PE,Moda,Jaqueta Jeans,1,186.5,"R$ 26,59",devolvido,2024-12-10
PED-02246,2023-07-20,CLI-0055,app,São Paulo,SP,Eletrônicos,Caixa de Som Portátil,1,478.19,"R$ 0,00",ENTREGUE,2023-08-02
PED-00967,12/12/2024,CLI-0907,marketplace,Goiânia,GO,Casa & Decoração,Luminária de Mesa LED,4,96.5,"R$ 0,00",DEVOLVIDO,27/12/2024
PED-02805,08/05/2023,CLI-0981,site,Porto Alegre,RS,Beleza,Base Líquida Matte,2,76.17,"R$ 29,95",em transporte,
PED-01457,17/08/2023,CLI-1347,site,Belo Horizonte,MG,eletronicos,Fone Bluetooth TWS,2,229.13,"R$ 0,00",entregue,20/08/2023
PED-02376,04/06/2023,CLI-1030,app,Goiânia,GO,Beleza,Kit Skincare Facial,2,226.17,"R$ 0,00",entregue,18/06/2023
PED-03059,2023-08-07,CLI-0768,site,Belo Horizonte,MG,Beleza,Kit Skincare Facial,3,186.21,"R$ 0,00",entregue,2023-08-17
PED-02101,2024-08-29,CLI-1039,site,Porto Alegre,RS,Beleza,Kit Skincare Facial,4,164.65,"R$ 0,00",entregue,2024-09-09
PED-02339,2024-04-25,CLI-0836,app,São Paulo,SP,Eletrônicos,Carregador Turbo 30W,3,125.1,"R$ 0,00",Entregue,2024-05-03
PED-02905,2023-12-05,CLI-0471,site,Porto Alegre,RS,Esporte,Corda de Pular Speed,4,58.62,"R$ 26,56",entregue,2023-12-22
PED-00039,2023-08-18,CLI-0352,site,Salvador,,Beleza,Secador de Cabelo 2000W,1,313.83,"R$ 0,00",entregue,2023-08-27
PED-03776,2024-02-27,CLI-0985,site,Curitiba,PR,Moda,Boné Aba Curva,2,68.9,"R$ 18,45",entregue,2024-03-07
PED-02336,18/07/2024,CLI-0348,app,campinas,SP,Moda,"Mochila Notebook 15""",1,261.41,"R$ 13,61",entregue,21/07/2024
PED-03407,2024-03-17,CLI-0164,marketplace,São Paulo,SP,Esporte,Camiseta Dry Fit,2,100.76,"R$ 16,90",em transporte,
PED-04970,30/05/2024,CLI-0690,app,  Belo Horizonte ,MG,beleza,Secador de Cabelo 2000W,1,397.22,"R$ 0,00",entregue,07/06/2024
PED-04882,2024-05-15,CLI-1352,site,Campinas,SP,Moda,Tênis Casual Masculino,2,391.42,"R$ 0,00",entregue,2024-05-22
PED-01721,2023-01-28,CLI-0283,app,Rio de Janeiro,RJ,Moda,Tênis Casual Masculino,3,172.81,"R$ 0,00",Entregue,2023-02-09
PED-04218,2023-03-22,CLI-0849,app,Salvador,BA,Eletrônicos,Fone Bluetooth TWS,3,316.35,"R$ 0,00",entregue,2023-04-06
PED-00940,2023-04-21,CLI-0199,app,CAMPINAS,SP,Eletrônicos,Smartwatch Fit,1,534.02,"R$ 0,00",entregue,2023-04-29
PED-03120,2023-10-01,CLI-1130,site,Ribeirão Preto,SP,Eletrônicos,Caixa de Som Portátil,4,375.02,"R$ 0,00",em transporte,
PED-03203,2024-11-27,CLI-1196,marketplace,  Campinas ,SP,Eletrônicos,Carregador Turbo 30W,1,121.56,"R$ 15,03",entregue,2024-12-10
PED-01052,2023-05-17,CLI-0037,marketplace,Campinas,SP,Casa & Decoração,Vaso Decorativo Cerâmica,2,95.18,"R$ 12,45",em transporte,
PED-02963,2023-04-21,CLI-0467,site,Sao Paulo,SP,Beleza,Secador de Cabelo 2000W,4,257.84,"R$ 0,00",entregue,2023-04-28
PED-02833,01/02/2024,CLI-1338,marketplace,São Paulo,SP,Moda,Tênis Casual Masculino,3,419.82,"R$ 0,00",entregue,14/02/2024
PED-03504,2024-06-16,CLI-1392,marketplace,são paulo,SP,Esporte,Corda de Pular Speed,3,63.16,"R$ 13,72",devolvido,2024-06-26
PED-01228,13/02/2024,CLI-0713,site,Belo Horizonte,MG,moda,Jaqueta Jeans,1,147.91,"R$ 19,46",entregue,25/02/2024
PED-04335,2024-10-30,CLI-0352,app,Curitiba,PR,Moda,Boné Aba Curva,4,76.97,"R$ 0,00",entregue,2024-11-13
PED-00381,2024-04-14,CLI-0844,marketplace,São Paulo,SP,Eletrônicos,Carregador Turbo 30W,3,106.02,"R$ 0,00",devolvido,2024-04-24
PED-02064,2023-04-11,CLI-0714,site,São Paulo,SP,Esporte,Corda de Pular Speed,3,45.75,"R$ 17,95",entregue,2023-04-24
PED-00870,2023-07-27,CLI-1363,site,Brasília,DF,Moda,Boné Aba Curva,2,103.15,"R$ 26,94",entregue,2023-08-08
PED-02891,01/06/2023,CLI-0780,app,São Paulo,SP,Moda,Tênis Casual Masculino,4,165.36,"R$ 0,00",entregue,05/06/2023
PED-03854,2023-12-12,CLI-0772,app,Salvador,BA,Beleza,Secador de Cabelo 2000W,1,201.01,"R$ 29,56",em transporte,
PED-00813,29/12/2024,CLI-1251,app,Recife,PE,Beleza,Kit Skincare Facial,1,158.98,"R$ 27,02",entregue,09/01/2025
PED-00923,2024-05-27,CLI-0403,site,Curitiba,PR,Eletrônicos,Caixa de Som Portátil,1,499.34,"R$ 0,00",entregue,2024-06-10
PED-04834,2024-08-24,CLI-0818,app,Salvador,BA,Esporte,Garrafa Térmica 1L,2,92.04,"R$ 26,80",devolvido,2024-09-07
PED-02589,2024-01-23,CLI-1269,app,Brasília,DF,Moda,Camiseta Básica Algodão,1,53.4,"R$ 23,18",Entregue,2024-02-08
PED-03491,2024-05-09,CLI-1071,site,Brasília,DF,Casa & Decoração,"Tapete Sala 1,5m",1,421.1,"R$ 0,00",entregue,2024-05-17
PED-00900,2024-03-22,CLI-0642,app,Campinas,SP,ELETRÔNICOS,Fone Bluetooth TWS,1,235.74,"R$ 14,01",entregue,2024-04-01
PED-00650,2023-02-03,CLI-0457,site,Curitiba,PR,Eletrônicos,Carregador Turbo 30W,1,97.68,"R$ 22,28",entregue,2023-02-11
PED-00982,2024-10-16,CLI-1306,marketplace,Salvador,BA,Moda,Jaqueta Jeans,3,275.02,"R$ 0,00",entregue,2024-11-02
PED-02972,20/06/2024,CLI-1371,app,Fortaleza,CE,Eletrônicos,Fone Bluetooth TWS,2,166.67,"R$ 0,00",cancelado,
PED-04597,2024-01-09,CLI-0827,marketplace,Goiânia,GO,Moda,Tênis Casual Masculino,2,159.38,"R$ 0,00",entregue,2024-01-21
PED-03749,2023-11-01,CLI-0154,site,Salvador,BA,Moda,"Mochila Notebook 15""",2,,"R$ 0,00",entregue,2023-11-16
PED-01083,2024-11-29,CLI-0173,app,salvador,BA,Eletrônicos,Webcam Full HD,2,338.47,"R$ 0,00",entregue,2024-12-07
PED-04457,2023-06-03,CLI-0339,app,Curitiba,PR,Casa & Decoração,Luminária de Mesa LED,1,90.3,"R$ 21,02",CANCELADO,
PED-02767,2024-01-18,CLI-0008,site,São Paulo,SP,Moda,Jaqueta Jeans,2,218.22,"R$ 0,00",em transporte,
PED-00309,2023-09-25,CLI-1113,site,Rio de Janeiro,RJ,,Camiseta Dry Fit,1,106.71,"R$ 18,72",entregue,2023-09-28
PED-02999,23/12/2024,CLI-0732,marketplace,Curitiba,PR,Moda,Tênis Casual Masculino,4,382.74,"R$ 0,00",entregue,09/01/2025
PED-03660,08/03/2023,CLI-1334,app,Goiânia,GO,Esporte,Garrafa Térmica 1L,1,95.59,"R$ 30,26",em transporte,
PED-01047,20/07/2023,CLI-1267,app,Curitiba,PR,Casa & Decoração,Vaso Decorativo Cerâmica,2,126.79,"R$ 21,72",entregue,27/07/2023
PED-03061,2024-05-15,CLI-1004,site,Porto Alegre,RS,Eletrônicos,Carregador Turbo 30W,3,62.55,"R$ 24,57",em transporte,
PED-03163,29/05/2023,CLI-1330,app,Rio de Janeiro,RJ,Eletrônicos,Smartwatch Fit,3,304.51,"R$ 0,00",devolvido,09/06/2023
PED-00455,2023-04-12,CLI-0966,app,São Paulo,SP,Beleza,Perfume Importado 100ml,1,347.18,"R$ 0,00",cancelado,
PED-00520,2024-10-22,CLI-0261,app,São Paulo,SP,Beleza,Base Líquida Matte,3,83.31,"R$ 11,24",entregue,2024-10-26
PED-03209,2023-04-30,CLI-0577,site,Salvador,BA,Moda,Camiseta Básica Algodão,4,62.02,"R$ 32,60",em transporte,
PED-02523,2023-11-29,CLI-1221,app,Recife,PE,Eletrônicos,Caixa de Som Portátil,1,466.94,"R$ 0,00",ENTREGUE,2023-12-12
PED-02939,2023-09-05,CLI-1252,site,Belo Horizonte,MG,esporte,Tapete de Yoga 6mm,3,198.63,"R$ 0,00",entregue,2023-09-18
PED-04780,2024-06-24,CLI-0995,app,São Paulo,SP,Casa & Decoração,Jogo de Toalhas 4 peças,2,188.24,"R$ 0,00",cancelado,
PED-04175,27/09/2024,CLI-1279,marketplace,campinas,SP,Beleza,Base Líquida Matte,1,69.8,"R$ 11,99",entregue,09/10/2024
PED-03793,2023-01-27,CLI-0405,marketplace,são paulo,SP,Moda,Boné Aba Curva,2,103.69,"R$ 18,43",em transporte,
PED-02562,2024-07-10,CLI-0051,site,campinas,SP,Moda,Jaqueta Jeans,4,187.1,"R$ 0,00",entregue,2024-07-24
PED-01880,20/04/2024,CLI-0767,marketplace,Brasília,DF,Eletrônicos,Carregador Turbo 30W,3,72.95,"R$ 21,25",entregue,29/04/2024
PED-03717,2024-08-17,CLI-0166,app,São Paulo,SP,Beleza,Perfume Importado 100ml,2,416.92,"R$ 0,00",entregue,2024-08-22
PED-04889,2023-12-14,CLI-0337,site,São Paulo,SP,Moda,Boné Aba Curva,1,61.36,"R$ 12,95",entregue,2023-12-26
PED-00550,2024-01-08,CLI-0529,marketplace,Salvador,BA,Casa & Decoração,Vaso Decorativo Cerâmica,3,57.45,"R$ 32,61",entregue,2024-01-19
PED-03503,2023-01-01,CLI-0006,app,Curitiba,PR,Esporte,Garrafa Térmica 1L,2,121.08,"R$ 23,44",entregue,2023-01-10
PED-01603,09/07/2024,CLI-0533,site,Belo Horizonte,MG,Eletrônicos,Carregador Turbo 30W,4,125.36,"R$ 0,00",entregue,14/07/2024
PED-00880,04/05/2024,CLI-0577,site,Porto Alegre,RS,Moda,Tênis Casual Masculino,2,364.45,"R$ 0,00",entregue,15/05/2024
PED-04745,22/03/2023,CLI-0909,site,Campinas,SP,Esporte,Halter Emborrachado 5kg,4,79.53,"R$ 0,00",entregue,29/03/2023
PED-03460,29/09/2024,CLI-1106,app,  Rio de Janeiro ,RJ,Beleza,Kit Skincare Facial,2,146.95,"R$ 16,95",entregue,05/10/2024
PED-04589,2024-06-15,CLI-0702,site,São Paulo,SP,Eletrônicos,Webcam Full HD,3,373.6,"R$ 0,00",entregue,2024-06-20
PED-04607,2024-11-06,CLI-0428,app,Porto Alegre,RS,Eletrônicos,Carregador Turbo 30W,3,97.15,"R$ 26,22",entregue,2024-11-16
PED-02466,2024-08-19,CLI-0550,marketplace,São Paulo,SP,Moda,Jaqueta Jeans,2,191.92,"R$ 0,00",em transporte,
PED-04583,03/11/2024,CLI-0518,site,Brasília,DF,Beleza,Kit Skincare Facial,1,199.52,"R$ 24,44",entregue,13/11/2024
PED-00642,2024-10-05,CLI-0445,site,Curitiba,PR,Beleza,Kit Skincare Facial,2,118.02,"R$ 22,02",em transporte,
PED-00313,2023-08-24,CLI-0068,app,Porto Alegre,RS,Esporte,Corda de Pular Speed,1,59.01,"R$ 28,75",entregue,2023-08-31
PED-00158,26/06/2024,CLI-0164,app,Recife,PE,Beleza,Kit Skincare Facial,1,,"R$ 28,59",entregue,09/07/2024
PED-00196,2023-07-03,CLI-0463,site,Belo Horizonte,MG,ESPORTE,Camiseta Dry Fit,1,128.92,"R$ 17,23",entregue,2023-07-10
PED-03274,2024-08-01,CLI-1387,app,Goiânia,GO,Esporte,Corda de Pular Speed,2,57.25,"R$ 26,70",em transporte,
PED-01940,19/02/2023,CLI-0787,marketplace,Campinas,SP,Eletrônicos,Caixa de Som Portátil,1,534.89,"R$ 0,00",ENTREGUE,23/02/2023
PED-02225,2024-11-20,CLI-1386,site,Campinas,SP,,Jaqueta Jeans,2,151.16,"R$ 0,00",em transporte,
PED-00762,2023-06-05,CLI-0849,app,Campinas,SP,Esporte,Corda de Pular Speed,2,72.94,"R$ 8,19",entregue,2023-06-10
PED-01630,2023-12-23,CLI-0335,marketplace,São Paulo,SP,Moda,Boné Aba Curva,1,76.5,"R$ 14,03",entregue,2024-01-06
PED-00273,04/03/2023,CLI-0534,site,  Ribeirão Preto ,SP,,Carregador Turbo 30W,3,95.12,"R$ 12,13",entregue,12/03/2023
PED-01578,02/11/2024,CLI-0655,site,,RS,Eletrônicos,Fone Bluetooth TWS,3,362.48,"R$ 0,00",entregue,15/11/2024
PED-00686,2023-11-17,CLI-0571,site,Curitiba,PR,ELETRÔNICOS,Fone Bluetooth TWS,2,355.91,"R$ 0,00",Entregue,2023-12-05
PED-01565,2024-09-29,CLI-0936,site,Salvador,BA,Moda,Boné Aba Curva,1,107.2,"R$ 29,97",entregue,2024-10-11
PED-04007,2024-03-02,CLI-0512,site,Ribeirão Preto,SP,Esporte,Tapete de Yoga 6mm,3,102.85,"R$ 0,00",entregue,2024-03-14
PED-02869,2024-12-02,CLI-1252,marketplace,Salvador,BA,Moda,Tênis Casual Masculino,2,209.49,"R$ 0,00",entregue,2024-12-17
PED-03204,2024-06-19,CLI-1118,site,Brasilia,DF,Casa & Decoração,Vaso Decorativo Cerâmica,2,169.75,"R$ 0,00",entregue,2024-07-02
PED-03153,2023-11-22,CLI-0714,site,belo horizonte,MG,Eletrônicos,Fone Bluetooth TWS,1,331.02,"R$ 0,00",entregue,2023-11-25
PED-01862,29/12/2024,CLI-1362,marketplace,Fortaleza,CE,Moda,"Mochila Notebook 15""",4,,"R$ 0,00",entregue,07/01/2025
PED-02425,2024-11-21,CLI-0023,site,BRASÍLIA,DF,Beleza,Secador de Cabelo 2000W,2,348.08,"R$ 0,00",entregue,2024-12-09
PED-01507,21/08/2024,CLI-1174,app,  Rio de Janeiro ,RJ,Moda,Tênis Casual Masculino,1,280.99,"R$ 22,34",cancelado,
PED-01060,2024-07-26,CLI-1193,app,Recife,PE,Beleza,Kit Skincare Facial,3,141.11,"R$ 0,00",entregue,2024-08-04
PED-02502,2024-07-13,CLI-0247,marketplace,Recife,PE,Esporte,Garrafa Térmica 1L,1,71.85,"R$ 24,73",entregue,2024-07-25
PED-02899,2024-05-31,CLI-0546,app,  Campinas ,SP,Moda,Jaqueta Jeans,2,308.39,"R$ 0,00",entregue,2024-06-09
PED-03020,26/08/2023,CLI-0845,marketplace,Porto Alegre,RS,Moda,Jaqueta Jeans,1,235.0,"R$ 26,00",entregue,03/09/2023
PED-00376,02/06/2023,CLI-0052,site,Recife,PE,Eletrônicos,Caixa de Som Portátil,1,395.68,"R$ 0,00",ENTREGUE,11/06/2023
PED-01885,2023-11-13,CLI-0125,app,Goiânia,GO,Esporte,Corda de Pular Speed,1,39.86,"R$ 26,49",entregue,2023-11-24
PED-00677,2024-11-26,CLI-0389,marketplace,Rio de Janeiro,RJ,casa & decoracao,"Tapete Sala 1,5m",1,353.21,"R$ 0,00",entregue,2024-12-03
PED-01088,2024-09-09,CLI-1352,app,Rio de Janeiro,RJ,Moda,Camiseta Básica Algodão,1,84.28,"R$ 22,39",cancelado,
PED-04294,2024-05-10,CLI-1108,app,São Paulo,SP,Moda,Jaqueta Jeans,3,292.85,"R$ 0,00",Entregue,2024-05-15
PED-01135,22/12/2024,CLI-0252,marketplace,Campinas,SP,Moda,"Mochila Notebook 15""",2,151.91,"R$ 0,00",cancelado,
PED-01692,2024-11-26,CLI-0438,site,Fortaleza,CE,Beleza,Kit Skincare Facial,3,92.09,"R$ 34,04",entregue,2024-12-05
PED-00921,17/04/2023,CLI-1286,marketplace,Curitiba,PR,Eletrônicos,Carregador Turbo 30W,1,102.45,"R$ 27,64",entregue,27/04/2023
PED-00618,19/11/2023,CLI-1129,site,BELO HORIZONTE,MG,Casa & Decoração,Jogo de Toalhas 4 peças,1,151.4,"R$ 18,96",devolvido,01/12/2023
PED-04460,2024-10-20,CLI-0036,marketplace,Rio de Janeiro,RJ,Eletrônicos,Smartwatch Fit,1,852.27,"R$ 0,00",Entregue,2024-10-27
PED-02288,10/09/2024,CLI-0364,app,Rio de Janeiro,RJ,Eletrônicos,Carregador Turbo 30W,1,75.1,"R$ 12,21",cancelado,
PED-03978,2023-05-26,CLI-0653,app,Rio de Janeiro,RJ,Beleza,Kit Skincare Facial,1,121.71,"R$ 18,36",entregue,2023-06-09
PED-01271,2024-12-19,CLI-1074,app,São Paulo,SP,Beleza,Base Líquida Matte,2,67.64,"R$ 15,17",ENTREGUE,2024-12-25
PED-00612,2024-06-23,CLI-0550,site,Salvador,BA,moda,Camiseta Básica Algodão,2,69.0,"R$ 24,97",em transporte,
PED-01774,2024-11-15,CLI-1098,marketplace,rio de janeiro,RJ,Casa & Decoração,"Tapete Sala 1,5m",1,221.24,"R$ 21,56",Entregue,2024-11-22
PED-01130,2024-12-28,CLI-0044,site,Rio de Janeiro,RJ,Beleza,Secador de Cabelo 2000W,4,366.08,"R$ 0,00",entregue,2025-01-01
PED-02446,2024-04-28,CLI-0338,marketplace,São Paulo,SP,Beleza,Secador de Cabelo 2000W,1,365.28,"R$ 0,00",Entregue,2024-05-08
PED-04063,2023-06-16,CLI-0744,app,Curitiba,,casa & decoracao,Vaso Decorativo Cerâmica,2,153.11,"R$ 0,00",entregue,2023-06-30
PED-00850,15/12/2024,CLI-0123,site,São Paulo,SP,Eletrônicos,Webcam Full HD,1,379.6,"R$ 0,00",entregue,20/12/2024
PED-01012,2024-05-16,CLI-0899,app,Curitiba,PR,casa & decoracao,Luminária de Mesa LED,1,211.12,"R$ 20,17",entregue,2024-05-30
PED-03570,2023-10-30,CLI-1110,app,São Paulo,SP,Eletrônicos,Caixa de Som Portátil,1,260.47,"R$ 15,68",ENTREGUE,2023-11-04
PED-03412,2023-05-21,CLI-0674,site,Rio de Janeiro,RJ,Beleza,Kit Skincare Facial,1,153.67,"R$ 18,60",devolvido,2023-06-01
PED-00129,2023-04-24,CLI-0591,app,Belo Horizonte,MG,Eletrônicos,Carregador Turbo 30W,4,85.4,"R$ 0,00",entregue,2023-05-08
PED-00669,2023-10-21,CLI-0518,app,Rio de Janeiro,RJ,Moda,"Mochila Notebook 15""",2,157.74,"R$ 0,00",entregue,2023-11-02
PED-04330,2024-11-28,CLI-0641,marketplace,Fortaleza,CE,Eletrônicos,Caixa de Som Portátil,4,284.51,"R$ 0,00",CANCELADO,
PED-01843,2023-06-09,CLI-1037,app,SÃO PAULO,SP,Beleza,Secador de Cabelo 2000W,3,387.95,"R$ 0,00",entregue,2023-06-16
PED-00378,2024-01-11,CLI-0751,site,Rio de Janeiro,RJ,Moda,Boné Aba Curva,1,101.52,"R$ 25,87",cancelado,
PED-02649,2024-06-30,CLI-0622,site,SÃO PAULO,SP,Esporte,Garrafa Térmica 1L,1,115.06,"R$ 15,78",entregue,2024-07-05
PED-01341,2023-04-21,CLI-0729,app,Belo Horizonte,MG,Beleza,Base Líquida Matte,1,54.8,"R$ 16,49",Em transporte,
PED-04647,2024-11-28,CLI-0066,site,Fortaleza,CE,Beleza,Kit Skincare Facial,3,212.7,"R$ 0,00",entregue,2024-12-07
PED-03719,2024-12-04,CLI-1277,app,SÃO PAULO,SP,eletronicos,Webcam Full HD,4,388.57,"R$ 0,00",ENTREGUE,2024-12-12
PED-04317,2024-12-04,CLI-0872,site,Porto Alegre,RS,Moda,Boné Aba Curva,1,77.94,"R$ 24,25",Entregue,2024-12-12
PED-00293,2024-11-30,CLI-0809,site,campinas,SP,Casa & Decoração,Vaso Decorativo Cerâmica,1,88.54,"R$ 19,27",entregue,2024-12-13
PED-04029,2024-02-17,CLI-0653,site,Belo Horizonte,MG,Casa & Decoração,Luminária de Mesa LED,1,203.81,"R$ 18,98",entregue,2024-02-20
PED-02290,2023-10-18,CLI-0456,app,Campinas,,Beleza,Kit Skincare Facial,2,159.67,"R$ 0,00",entregue,2023-10-23
PED-02876,2023-08-08,CLI-0939,app,RIO DE JANEIRO,RJ,Beleza,Base Líquida Matte,2,129.92,"R$ 23,26",devolvido,2023-08-14
PED-03316,2023-03-15,CLI-0391,app,São Paulo,,Moda,Boné Aba Curva,1,115.63,"R$ 15,62",DEVOLVIDO,2023-03-19
PED-01868,26/07/2023,CLI-0740,site,São Paulo,SP,Eletrônicos,Fone Bluetooth TWS,4,398.19,"R$ 0,00",entregue,29/07/2023
PED-02725,2023-06-22,CLI-0038,site,Campinas,SP,Casa & Decoração,Jogo de Toalhas 4 peças,1,199.73,"R$ 12,06",entregue,2023-07-03
PED-04087,04/04/2024,CLI-0246,app,Fortaleza,CE,Moda,Boné Aba Curva,1,59.07,"R$ 34,80",entregue,12/04/2024
PED-01728,09/11/2024,CLI-1258,app,São Paulo,SP,Eletrônicos,Smartwatch Fit,1,811.93,"R$ 0,00",entregue,21/11/2024
PED-02100,2023-08-30,CLI-0745,app,curitiba,PR,Eletrônicos,Webcam Full HD,2,203.94,"R$ 0,00",devolvido,2023-09-17
PED-02033,2023-11-18,CLI-0029,site,Rio de Janeiro,RJ,Eletrônicos,Fone Bluetooth TWS,2,292.4,"R$ 0,00",entregue,2023-11-28
PED-03455,28/12/2024,CLI-0989,site,São Paulo,SP,eletronicos,Fone Bluetooth TWS,2,288.59,"R$ 0,00",entregue,09/01/2025
PED-01968,2024-11-03,CLI-1158,app,São Paulo,SP,Casa & Decoração,Jogo de Toalhas 4 peças,2,169.1,"R$ 0,00",entregue,2024-11-17
PED-04366,2023-05-07,CLI-0977,site,campinas,SP,Esporte,Corda de Pular Speed,1,43.76,"R$ 13,15",entregue,2023-05-12
PED-00464,25/10/2023,CLI-0817,app,Ribeirao Preto,,Moda,Tênis Casual Masculino,2,403.38,"R$ 0,00",entregue,30/10/2023
PED-03386,15/07/2024,CLI-0989,site,Rio de Janeiro,RJ,Casa & Decoração,Jogo de Toalhas 4 peças,2,127.5,"R$ 16,61",Entregue,18/07/2024
PED-01913,2024-11-22,CLI-0261,site,Rio de Janeiro,RJ,Eletrônicos,Smartwatch Fit,1,381.78,"R$ 0,00",entregue,2024-11-30
PED-00955,2024-12-06,CLI-0435,marketplace,Salvador,BA,Beleza,Perfume Importado 100ml,4,554.01,"R$ 0,00",entregue,2024-12-15
PED-04324,2023-03-09,CLI-0410,app,Goiânia,GO,Moda,Boné Aba Curva,1,64.6,"R$ 30,45",entregue,2023-03-25
PED-01647,15/10/2023,CLI-0069,site,  Belo Horizonte ,MG,Esporte,Garrafa Térmica 1L,1,123.96,"R$ 25,56",DEVOLVIDO,24/10/2023
PED-04915,08/11/2023,CLI-1248,marketplace,São Paulo,SP,Moda,"Mochila Notebook 15""",1,,"R$ 9,48",entregue,18/11/2023
PED-00247,2024-05-19,CLI-0615,marketplace,Salvador,BA,Beleza,Kit Skincare Facial,2,176.21,"R$ 0,00",entregue,2024-06-02
PED-03273,2024-06-14,CLI-1016,site,Porto Alegre,RS,Casa & Decoração,Vaso Decorativo Cerâmica,3,143.79,"R$ 0,00",entregue,2024-06-26
PED-01261,2023-02-21,CLI-0514,marketplace,Rio de Janeiro,RJ,Moda,Jaqueta Jeans,2,290.51,"R$ 0,00",cancelado,
PED-01844,2024-12-07,CLI-1337,app,São Paulo,SP,Esporte,Garrafa Térmica 1L,1,117.16,"R$ 13,56",entregue,2024-12-13
PED-00139,2024-09-23,CLI-0004,marketplace,Curitiba,PR,Eletrônicos,Fone Bluetooth TWS,4,333.24,"R$ 0,00",entregue,2024-10-03
PED-03384,17/04/2024,CLI-0316,site,goiânia,GO,Moda,Jaqueta Jeans,2,182.87,"R$ 0,00",entregue,02/05/2024
PED-01741,2023-09-06,CLI-0851,site,Recife,PE,Eletrônicos,Smartwatch Fit,1,729.9,"R$ 0,00",entregue,2023-09-19
PED-02119,2023-04-28,CLI-1266,site,Brasilia,DF,Moda,Boné Aba Curva,3,88.11,"R$ 39,92",entregue,2023-05-10
PED-04451,2024-10-31,CLI-0034,marketplace,Brasília,DF,casa & decoracao,Quadro Decorativo Abstrato,1,145.97,"R$ 22,42",entregue,2024-11-10
PED-00687,2023-12-29,CLI-0418,site,Porto Alegre,RS,Eletrônicos,Fone Bluetooth TWS,2,306.27,"R$ 0,00",entregue,2024-01-10
PED-02984,2024-05-21,CLI-0287,app,Campinas,SP,Eletrônicos,Smartwatch Fit,2,429.95,"R$ 0,00",entregue,2024-05-28
PED-00126,2024-03-01,CLI-0818,app,Rio de Janeiro,RJ,Moda,Jaqueta Jeans,4,153.55,"R$ 0,00",entregue,2024-03-08
PED-02544,2023-09-10,CLI-0261,site,Rio de Janeiro,RJ,eletronicos,Fone Bluetooth TWS,1,356.45,"R$ 0,00",entregue,2023-09-15
PED-04206,2024-09-01,CLI-0228,app,Rio de Janeiro,RJ,Esporte,Corda de Pular Speed,1,42.68,"R$ 24,36",entregue,2024-09-09
PED-03863,2024-07-08,CLI-0041,site,Rio de Janeiro,RJ,Eletrônicos,Webcam Full HD,1,165.9,"R$ 25,69",ENTREGUE,2024-07-13
PED-01944,30/06/2023,CLI-0578,app,Belo Horizonte,MG,MODA,"Mochila Notebook 15""",1,217.4,"R$ 25,13",entregue,07/07/2023
PED-03116,2024-06-07,CLI-0853,site,Rio de Janeiro,RJ,Moda,"Mochila Notebook 15""",1,168.81,"R$ 24,14",entregue,2024-06-19
PED-03067,2023-12-23,CLI-0261,site,São Paulo,SP,Moda,Jaqueta Jeans,1,153.97,"R$ 13,61",entregue,2024-01-05
PED-04792,2023-01-20,CLI-0216,app,Campinas,SP,Eletrônicos,Webcam Full HD,2,164.31,"R$ 0,00",entregue,2023-01-24
PED-01498,2024-06-06,CLI-0346,site,Brasília,DF,Casa & Decoração,Luminária de Mesa LED,4,124.66,"R$ 0,00",entregue,2024-06-22
PED-00984,2024-02-07,CLI-0890,site,Curitiba,PR,casa & decoracao,Luminária de Mesa LED,1,141.92,"R$ 15,34",entregue,2024-02-24
PED-03364,2024-05-14,CLI-0518,app,Rio de Janeiro,RJ,Beleza,Kit Skincare Facial,2,239.03,"R$ 0,00",entregue,2024-05-25
PED-03428,2024-11-13,CLI-0487,site,Salvador,BA,Moda,Camiseta Básica Algodão,3,62.94,"R$ 21,94",entregue,2024-11-27
PED-02518,2023-08-18,CLI-0260,marketplace,BRASÍLIA,DF,beleza,Secador de Cabelo 2000W,1,165.65,"R$ 27,26",entregue,2023-09-05
PED-02657,2023-12-14,CLI-1016,app,BRASÍLIA,DF,Casa & Decoração,"Tapete Sala 1,5m",4,370.39,"R$ 0,00",cancelado,
PED-03349,17/09/2024,CLI-0026,app,Salvador,BA,Beleza,Base Líquida Matte,1,141.43,"R$ 26,79",em transporte,
PED-03553,2023-11-18,CLI-1001,site,Belo Horizonte,MG,Beleza,Perfume Importado 100ml,2,240.1,"R$ 0,00",entregue,2023-11-28
PED-04648,2023-08-06,CLI-1138,site,Salvador,BA,Moda,Camiseta Básica Algodão,2,54.61,"R$ 32,13",entregue,2023-08-23
PED-02921,2024-12-31,CLI-1067,app,  Curitiba ,PR,Eletrônicos,Smartwatch Fit,3,501.19,"R$ 0,00",entregue,2025-01-18
PED-03030,2023-12-05,CLI-1055,marketplace,São Paulo,SP,Moda,Tênis Casual Masculino,1,337.49,"R$ 0,00",devolvido,2023-12-17
PED-00005,14/04/2023,CLI-0658,app,Rio de Janeiro,RJ,Esporte,Corda de Pular Speed,3,58.56,"R$ 18,90",entregue,28/04/2023
PED-02116,2024-12-01,CLI-0341,app,São Paulo,SP,Beleza,Perfume Importado 100ml,2,633.64,"R$ 0,00",entregue,2024-12-15
PED-03795,2024-04-21,CLI-0326,site,belo horizonte,MG,Esporte,Garrafa Térmica 1L,1,109.8,"R$ 21,53",entregue,2024-04-26
PED-03886,2023-02-15,CLI-0009,marketplace,Recife,PE,Casa & Decoração,Jogo de Toalhas 4 peças,4,160.34,"R$ 0,00",devolvido,2023-03-01
PED-02486,2023-12-08,CLI-1352,site,Porto Alegre,RS,Eletrônicos,Fone Bluetooth TWS,1,182.98,"R$ 28,68",entregue,2023-12-22
PED-01915,2023-06-04,CLI-0653,site,São Paulo,SP,Casa & Decoração,Luminária de Mesa LED,3,92.59,"R$ 11,45",entregue,2023-06-12
PED-00233,2024-12-17,CLI-0909,marketplace,Goiânia,GO,Casa & Decoração,Quadro Decorativo Abstrato,1,86.26,"R$ 25,64",cancelado,
PED-00978,2023-12-17,CLI-0264,site,Belo Horizonte,MG,Esporte,Halter Emborrachado 5kg,2,148.8,"R$ 19,77",entregue,2023-12-21
PED-01869,2024-03-27,CLI-1293,marketplace,Curitiba,PR,Esporte,Halter Emborrachado 5kg,4,95.63,"R$ 0,00",entregue,2024-04-10
PED-04393,2024-03-19,CLI-1084,app,Recife,PE,Moda,Tênis Casual Masculino,2,271.64,"R$ 0,00",Entregue,2024-03-27
PED-04545,2023-11-23,CLI-0755,app,Campinas,SP,Casa & Decoração,Jogo de Toalhas 4 peças,2,230.39,"R$ 0,00",em transporte,
PED-01301,06/08/2023,CLI-0383,marketplace,São Paulo,SP,MODA,Camiseta Básica Algodão,4,97.28,"R$ 0,00",em transporte,
PED-00934,2024-09-07,CLI-0518,site,Fortaleza,CE,Esporte,Garrafa Térmica 1L,3,115.6,"R$ 0,00",em transporte,
PED-04611,2024-11-08,CLI-1318,app,Rio de Janeiro,RJ,Eletrônicos,Smartwatch Fit,4,677.31,"R$ 0,00",entregue,2024-11-15
PED-03558,2024-11-30,CLI-0246,marketplace,Belo Horizonte,MG,Beleza,Kit Skincare Facial,1,267.01,"R$ 25,59",entregue,2024-12-04
PED-01163,19/10/2024,CLI-1072,app,belo horizonte,MG,eletronicos,Fone Bluetooth TWS,1,343.05,"R$ 0,00",entregue,28/10/2024
PED-00304,2024-03-16,CLI-0361,site,Fortaleza,CE,Casa & Decoração,Vaso Decorativo Cerâmica,4,91.56,"R$ 0,00",entregue,2024-03-24
PED-03232,02/05/2023,CLI-0550,app,Curitiba,PR,Eletrônicos,Webcam Full HD,1,321.79,"R$ 0,00",CANCELADO,
PED-04884,2023-11-16,CLI-1348,marketplace,Fortaleza,CE,Beleza,Secador de Cabelo 2000W,4,233.52,"R$ 0,00",entregue,2023-11-30
PED-04976,2023-12-24,CLI-0188,marketplace,Porto Alegre,RS,Moda,"Mochila Notebook 15""",1,194.18,"R$ 27,81",Em transporte,
PED-00289,23/03/2024,CLI-0021,site,Salvador,BA,Casa & Decoração,Jogo de Toalhas 4 peças,3,,"R$ 0,00",entregue,08/04/2024
PED-03801,2023-01-18,CLI-0057,site,  Belo Horizonte ,MG,Eletrônicos,Smartwatch Fit,4,889.22,"R$ 0,00",entregue,2023-01-24
PED-00809,2024-03-11,CLI-0600,site,Belo Horizonte,MG,Eletrônicos,Webcam Full HD,1,308.7,"R$ 0,00",entregue,2024-03-22
PED-01621,2023-07-30,CLI-0194,app,Porto Alegre,RS,Casa & Decoração,"Tapete Sala 1,5m",4,318.9,"R$ 0,00",entregue,2023-08-17
PED-03076,2024-11-23,CLI-0691,marketplace,Rio de Janeiro,RJ,Esporte,Tapete de Yoga 6mm,1,,"R$ 21,44",entregue,2024-12-04
PED-00256,29/08/2024,CLI-0190,site,belo horizonte,MG,Moda,"Mochila Notebook 15""",2,151.04,"R$ 0,00",entregue,11/09/2024
PED-01082,2024-11-26,CLI-0261,site,Ribeirão Preto,SP,Casa & Decoração,Quadro Decorativo Abstrato,4,186.35,"R$ 0,00",cancelado,
PED-02468,2024-05-12,CLI-0353,app,São Paulo,SP,Esporte,Tapete de Yoga 6mm,1,108.35,"R$ 14,05",entregue,2024-05-15
PED-02275,2024-11-10,CLI-1013,marketplace,Campinas,SP,Eletrônicos,Webcam Full HD,2,370.81,"R$ 0,00",entregue,2024-11-17
PED-04233,2024-08-18,CLI-0672,site,São Paulo,SP,Beleza,Secador de Cabelo 2000W,1,337.3,"R$ 0,00",entregue,2024-08-22
PED-00821,2023-03-01,CLI-1286,site,Goiânia,GO,Eletrônicos,Webcam Full HD,4,349.71,"R$ 0,00",em transporte,
PED-04964,2023-09-04,CLI-0116,marketplace,São Paulo,SP,Moda,Camiseta Básica Algodão,2,66.96,"R$ 17,08",entregue,2023-09-15
PED-02631,2023-04-02,CLI-0048,site,Rio de Janeiro,RJ,Moda,Tênis Casual Masculino,1,410.17,"R$ 0,00",em transporte,
PED-01426,12/12/2023,CLI-0130,site,Campinas,SP,Casa & Decoração,Vaso Decorativo Cerâmica,1,154.91,"R$ 16,52",entregue,15/12/2023
PED-03197,2024-04-15,CLI-1216,marketplace,Porto Alegre,RS,Eletrônicos,Smartwatch Fit,2,316.5,"R$ 0,00",entregue,2024-04-29
PED-01208,2024-02-23,CLI-1066,site,BELO HORIZONTE,MG,Eletrônicos,Carregador Turbo 30W,1,73.01,"R$ 18,82",entregue,2024-03-05
PED-00491,2024-07-27,CLI-0103,marketplace,  Curitiba ,PR,Moda,"Mochila Notebook 15""",1,-157.17,"R$ 21,42",entregue,2024-08-10
PED-03450,2024-10-18,CLI-1111,app,Recife,PE,Esporte,Halter Emborrachado 5kg,1,100.13,"R$ 27,97",cancelado,
PED-01965,24/08/2024,CLI-0874,app,São Paulo,SP,Moda,"Mochila Notebook 15""",4,161.03,"R$ 0,00",entregue,30/08/2024
PED-01268,2024-12-22,CLI-0070,app,Salvador,BA,Casa & Decoração,Quadro Decorativo Abstrato,1,158.64,"R$ 28,64",Entregue,2025-01-08
PED-02695,12/11/2024,CLI-0316,app,Salvador,BA,Beleza,Kit Skincare Facial,4,116.96,"R$ 0,00",entregue,26/11/2024
PED-03940,13/04/2023,CLI-0815,site,Campinas,SP,Casa & Decoração,"Tapete Sala 1,5m",1,206.69,"R$ 17,98",ENTREGUE,24/04/2023
PED-00087,2024-08-11,CLI-0601,site,Recife,PE,Casa & Decoração,Luminária de Mesa LED,1,170.76,"R$ 28,26",ENTREGUE,2024-08-26
PED-03421,2024-11-07,CLI-0258,site,brasília,DF,Moda,Camiseta Básica Algodão,3,83.45,"R$ 29,95",entregue,2024-11-22
PED-01564,2024-11-24,CLI-0999,site,Porto Alegre,RS,ELETRÔNICOS,Fone Bluetooth TWS,1,225.99,"R$ 21,28",entregue,2024-12-04
PED-04219,2024-12-21,CLI-0397,app,SÃO PAULO,SP,Eletrônicos,Carregador Turbo 30W,3,85.66,"R$ 18,22",cancelado,
PED-02216,2023-04-08,CLI-1299,site,São Paulo,SP,Eletrônicos,Caixa de Som Portátil,4,350.99,"R$ 0,00",entregue,2023-04-16
PED-02510,2024-06-14,CLI-0895,marketplace,Campinas,SP,Eletrônicos,Smartwatch Fit,3,719.25,"R$ 0,00",em transporte,
PED-03278,2024-03-30,CLI-1122,site,Curitiba,PR,casa & decoracao,"Tapete Sala 1,5m",1,206.6,"R$ 17,87",entregue,2024-04-09
PED-00038,2024-02-13,CLI-1252,app,São Paulo,SP,Eletrônicos,Webcam Full HD,2,257.41,"R$ 0,00",devolvido,2024-02-21
PED-01313,2024-05-03,CLI-0477,site,São Paulo,SP,Esporte,Halter Emborrachado 5kg,4,136.06,"R$ 0,00",em transporte,
PED-01548,2024-09-02,CLI-0463,app,Porto Alegre,RS,Beleza,Perfume Importado 100ml,1,226.24,"R$ 27,12",entregue,2024-09-15
PED-03253,2023-09-29,CLI-0098,marketplace,Fortaleza,CE,Eletrônicos,Carregador Turbo 30W,2,74.13,"R$ 33,11",em transporte,
PED-03916,2023-10-29,CLI-0941,app,Salvador,BA,Casa & Decoração,Vaso Decorativo Cerâmica,2,113.79,"R$ 27,74",cancelado,
PED-03973,2024-03-22,CLI-0261,app,Campinas,SP,Casa & Decoração,Quadro Decorativo Abstrato,4,160.57,"R$ 0,00",entregue,2024-03-28
PED-03666,2023-12-29,CLI-1212,app,Curitiba,PR,ESPORTE,Camiseta Dry Fit,3,72.26,"R$ 19,33",em transporte,
PED-04693,2024-08-14,CLI-0442,app,São Paulo,SP,Esporte,Tapete de Yoga 6mm,3,153.02,"R$ 0,00",entregue,2024-08-27
PED-04593,2024-08-16,CLI-1358,app,Campinas,SP,Casa & Decoração,Quadro Decorativo Abstrato,1,66.25,"R$ 11,57",entregue,2024-08-19
PED-02819,09/01/2024,CLI-0630,app,RIO DE JANEIRO,RJ,Esporte,Garrafa Térmica 1L,1,113.45,"R$ 22,64",entregue,23/01/2024
PED-02478,2023-07-16,CLI-0631,site,Rio de Janeiro,RJ,esporte,Camiseta Dry Fit,1,89.27,"R$ 18,61",entregue,2023-07-22
PED-04733,17/11/2023,CLI-0316,app,Curitiba,PR,BELEZA,Kit Skincare Facial,1,199.87,"R$ 25,27",entregue,27/11/2023
PED-01200,2024-08-20,CLI-0519,marketplace,Campinas,SP,,Secador de Cabelo 2000W,1,310.84,"R$ 0,00",em transporte,
PED-02333,2024-10-21,CLI-0805,site,Belo Horizonte,MG,Casa & Decoração,Vaso Decorativo Cerâmica,1,56.46,"R$ 23,72",em transporte,
PED-01292,26/06/2024,CLI-0587,marketplace,Recife,PE,Moda,"Mochila Notebook 15""",4,270.28,"R$ 0,00",Entregue,08/07/2024
PED-04798,2024-02-16,CLI-0624,app,RIBEIRÃO PRETO,SP,Casa & Decoração,Vaso Decorativo Cerâmica,2,176.58,"R$ 0,00",em transporte,
PED-00933,2023-12-20,CLI-0487,site,Rio de Janeiro,RJ,Eletrônicos,Smartwatch Fit,2,538.94,"R$ 0,00",em transporte,
PED-02480,2024-12-08,CLI-1354,app,Salvador,BA,Moda,Camiseta Básica Algodão,2,58.95,"R$ 35,20",Entregue,2024-12-18
PED-01530,01/10/2023,CLI-1350,site,Salvador,BA,Beleza,Kit Skincare Facial,1,102.4,"R$ 32,34",entregue,11/10/2023
PED-01478,2024-12-29,CLI-0271,app,são paulo,SP,Esporte,Garrafa Térmica 1L,3,58.89,"R$ 21,21",entregue,2025-01-04
PED-01275,16/05/2023,CLI-0086,app,São Paulo,SP,beleza,Base Líquida Matte,1,113.52,"R$ 15,14",entregue,30/05/2023
PED-03910,2024-10-17,CLI-0908,marketplace,São Paulo,SP,Casa & Decoração,Vaso Decorativo Cerâmica,3,70.51,"R$ 11,56",entregue,2024-10-22
PED-04564,2024-10-13,CLI-1202,app,Belo Horizonte,MG,ELETRÔNICOS,Caixa de Som Portátil,3,486.3,"R$ 0,00",entregue,2024-10-18
PED-03822,04/06/2024,CLI-0316,site,Porto Alegre,RS,BELEZA,Perfume Importado 100ml,1,548.76,"R$ 0,00",cancelado,
PED-00603,2024-11-22,CLI-1376,marketplace,Curitiba,PR,Moda,Tênis Casual Masculino,1,240.15,"R$ 20,43",entregue,2024-12-09
PED-04925,2024-02-12,CLI-0200,app,Porto Alegre,RS,casa & decoracao,Luminária de Mesa LED,4,156.4,"R$ 0,00",entregue,2024-02-22
PED-00738,2023-10-26,CLI-0547,marketplace,Fortaleza,CE,Moda,"Mochila Notebook 15""",3,256.54,"R$ 0,00",entregue,2023-11-03
PED-03889,01/12/2024,CLI-0818,app,FORTALEZA,CE,Beleza,Kit Skincare Facial,1,175.53,"R$ 35,74",CANCELADO,
PED-00726,17/02/2023,CLI-0893,site,São Paulo,SP,Eletrônicos,Webcam Full HD,3,210.86,"R$ 0,00",Em transporte,
PED-00407,2023-10-10,CLI-0220,site,São Paulo,SP,Eletrônicos,Carregador Turbo 30W,1,113.5,"R$ 14,49",entregue,2023-10-18
PED-01939,06/09/2023,CLI-1366,site,São Paulo,SP,Moda,Jaqueta Jeans,3,,"R$ 0,00",Entregue,12/09/2023
PED-04271,31/12/2024,CLI-0026,site,SÃO PAULO,SP,Eletrônicos,Webcam Full HD,4,202.9,"R$ 0,00",entregue,08/01/2025
PED-01229,04/12/2024,CLI-0354,app,Fortaleza,CE,Eletrônicos,Smartwatch Fit,2,487.53,"R$ 0,00",entregue,17/12/2024
PED-01527,24/11/2023,CLI-1093,site,salvador,BA,casa & decoracao,Vaso Decorativo Cerâmica,2,51.46,"R$ 29,13",ENTREGUE,03/12/2023
PED-01118,2024-09-28,CLI-1251,site,PORTO ALEGRE,RS,Eletrônicos,Fone Bluetooth TWS,3,353.91,"R$ 0,00",entregue,2024-10-10
PED-02306,2023-11-08,CLI-1161,marketplace,Campinas,SP,Beleza,Secador de Cabelo 2000W,2,261.03,"R$ 0,00",entregue,2023-11-16
PED-01276,07/11/2023,CLI-0545,app,São Paulo,SP,Beleza,Kit Skincare Facial,4,200.52,"R$ 0,00",entregue,19/11/2023
PED-01656,2023-12-18,CLI-1009,site,São Paulo,SP,eletronicos,Webcam Full HD,1,224.97,"R$ 18,25",entregue,2023-12-21
PED-02644,2024-11-08,CLI-0730,app,São Paulo,SP,Eletrônicos,Fone Bluetooth TWS,2,258.55,"R$ 0,00",entregue,2024-11-15
PED-01736,2024-08-29,CLI-0053,app,Ribeirão Preto,SP,Esporte,Garrafa Térmica 1L,1,82.9,"R$ 15,13",entregue,2024-09-09
PED-04407,28/11/2024,CLI-1262,app,São Paulo,SP,Esporte,Camiseta Dry Fit,2,112.43,"R$ 13,73",cancelado,
PED-04249,18/07/2023,CLI-0631,site,Ribeirão Preto,SP,Eletrônicos,Carregador Turbo 30W,2,87.74,"R$ 16,83",ENTREGUE,31/07/2023
PED-00227,2023-01-29,CLI-0947,site,RECIFE,PE,Eletrônicos,Caixa de Som Portátil,1,198.98,"R$ 31,98",entregue,2023-02-09
PED-03179,2023-01-05,CLI-0316,marketplace,Recife,PE,casa & decoracao,"Tapete Sala 1,5m",1,353.99,"R$ 0,00",entregue,2023-01-20
PED-04767,2024-06-26,CLI-0246,app,Porto Alegre,RS,Esporte,Corda de Pular Speed,1,78.74,"R$ 25,14",entregue,2024-07-12
PED-02287,2024-11-17,CLI-1067,site,Recife,PE,Eletrônicos,Carregador Turbo 30W,2,108.02,"R$ 32,43",entregue,2024-11-25
PED-03672,2024-05-24,CLI-0422,site,GOIÂNIA,GO,Eletrônicos,Caixa de Som Portátil,4,539.3,"R$ 0,00",entregue,2024-06-07
PED-04646,29/12/2024,CLI-0515,marketplace,Recife,PE,moda,"Mochila Notebook 15""",2,298.99,"R$ 0,00",entregue,15/01/2025
PED-04842,2023-12-31,CLI-0317,app,Goiânia,GO,Esporte,Tapete de Yoga 6mm,1,96.03,"R$ 27,41",entregue,2024-01-07
PED-00435,2023-02-16,CLI-0542,app,Recife,PE,moda,Boné Aba Curva,3,115.56,"R$ 0,00",entregue,2023-03-03
PED-00383,2024-09-21,CLI-0663,app,Porto Alegre,RS,Casa & Decoração,"Tapete Sala 1,5m",4,361.43,"R$ 0,00",entregue,2024-10-01
PED-00629,16/04/2024,CLI-0316,app,Ribeirão Preto,SP,Casa & Decoração,Jogo de Toalhas 4 peças,1,231.58,"R$ 12,07",cancelado,
PED-02334,2023-05-25,CLI-0246,site,Rio de Janeiro,RJ,Esporte,Halter Emborrachado 5kg,1,156.8,"R$ 17,71",entregue,2023-06-02
PED-03015,2023-10-06,CLI-0364,marketplace,Recife,,Eletrônicos,Smartwatch Fit,3,584.26,"R$ 0,00",entregue,2023-10-18
PED-03100,2023-06-24,CLI-0971,marketplace,PORTO ALEGRE,RS,ELETRÔNICOS,Webcam Full HD,4,298.93,"R$ 0,00",ENTREGUE,2023-07-02
PED-03361,2023-11-05,CLI-0588,app,Rio de Janeiro,RJ,Beleza,Secador de Cabelo 2000W,1,297.03,"R$ 21,70",cancelado,
PED-01186,19/10/2024,CLI-0778,app,Ribeirão Preto,SP,Eletrônicos,Carregador Turbo 30W,1,65.58,"R$ 13,08",cancelado,
PED-03518,2023-06-26,CLI-0014,app,Salvador,BA,Eletrônicos,Caixa de Som Portátil,1,216.52,"R$ 32,12",entregue,2023-07-11
PED-04358,2023-11-03,CLI-0790,marketplace,Recife,PE,Esporte,Garrafa Térmica 1L,2,60.85,"R$ 26,15",entregue,2023-11-10
PED-01863,2024-12-27,CLI-1260,site,Rio de Janeiro,RJ,Casa & Decoração,Vaso Decorativo Cerâmica,2,82.08,"R$ 16,96",ENTREGUE,2025-01-05
PED-02743,2023-06-28,CLI-0624,app,Rio de Janeiro,RJ,Moda,Tênis Casual Masculino,1,358.65,"R$ 0,00",em transporte,
PED-00326,2024-06-21,CLI-1372,app,Rio de Janeiro,RJ,Moda,Boné Aba Curva,1,78.95,"R$ 21,20",entregue,2024-06-26
PED-00748,2024-01-06,CLI-1348,site,Brasília,DF,Casa & Decoração,Luminária de Mesa LED,2,125.54,"R$ 24,75",em transporte,
PED-03855,2024-05-19,CLI-0827,site,Curitiba,PR,Esporte,Tapete de Yoga 6mm,1,120.58,"R$ 26,86",entregue,2024-06-05
PED-04922,2023-06-15,CLI-1133,app,São Paulo,SP,Eletrônicos,Carregador Turbo 30W,2,123.02,"R$ 15,15",em transporte,
PED-04849,23/05/2023,CLI-1015,site,São Paulo,SP,Eletrônicos,Caixa de Som Portátil,2,543.56,"R$ 0,00",cancelado,
PED-04365,28/08/2024,CLI-0409,app,Porto Alegre,RS,Moda,Boné Aba Curva,4,82.81,"R$ 0,00",entregue,15/09/2024
PED-02015,2023-12-25,CLI-0908,site,  São Paulo ,SP,Eletrônicos,Smartwatch Fit,2,867.19,"R$ 0,00",cancelado,
PED-04614,05/02/2024,CLI-0777,marketplace,RIO DE JANEIRO,RJ,Moda,Camiseta Básica Algodão,3,85.78,"R$ 15,19",entregue,12/02/2024
PED-03305,2024-08-08,CLI-0435,site,Curitiba,PR,Casa & Decoração,Vaso Decorativo Cerâmica,1,95.05,"R$ 18,61",entregue,2024-08-15
PED-01586,2024-12-06,CLI-0432,marketplace,Goiânia,GO,Beleza,Kit Skincare Facial,2,248.24,"R$ 0,00",entregue,2024-12-21
PED-04164,2023-12-15,CLI-0272,app,Recife,PE,ESPORTE,Tapete de Yoga 6mm,1,98.71,"R$ 30,09",cancelado,
PED-03875,2024-12-31,CLI-0316,marketplace,São Paulo,SP,Moda,"Mochila Notebook 15""",1,228.84,"R$ 14,74",em transporte,
PED-00968,2023-06-18,CLI-1171,app,Brasília,DF,moda,Camiseta Básica Algodão,1,88.64,"R$ 24,49",entregue,2023-06-27
PED-00637,08/07/2024,CLI-0867,app,  Rio de Janeiro ,RJ,,Carregador Turbo 30W,1,127.29,"R$ 24,77",entregue,16/07/2024
PED-01374,2024-10-10,CLI-0779,site,Ribeirão Preto,SP,Beleza,Base Líquida Matte,1,57.49,"R$ 11,94",entregue,2024-10-15
PED-03919,2024-06-27,CLI-1110,site,,PR,casa & decoracao,Quadro Decorativo Abstrato,4,165.37,"R$ 0,00",entregue,2024-07-04
PED-00744,2023-01-02,CLI-0361,marketplace,Salvador,BA,esporte,Corda de Pular Speed,1,39.49,"R$ 32,64",devolvido,2023-01-20
PED-04741,01/08/2023,CLI-0311,marketplace,Curitiba,PR,Moda,Tênis Casual Masculino,2,259.61,"R$ 0,00",cancelado,
PED-02874,2023-09-09,CLI-0378,app,Ribeirão Preto,SP,Beleza,Base Líquida Matte,2,120.14,"R$ 14,21",entregue,2023-09-14
PED-01072,2024-05-23,CLI-0030,marketplace,Fortaleza,CE,CASA & DECORAÇÃO,"Tapete Sala 1,5m",1,316.15,"R$ 0,00",entregue,2024-05-30
PED-03400,2024-06-18,CLI-0527,app,Rio de Janeiro,RJ,Moda,Camiseta Básica Algodão,1,42.45,"R$ 18,28",Entregue,2024-06-27
PED-04381,2024-03-22,CLI-0827,site,São Paulo,SP,Moda,Boné Aba Curva,2,77.36,"R$ 12,03",entregue,2024-04-03
PED-00078,2024-06-28,CLI-1400,app,Rio de Janeiro,RJ,Eletrônicos,Webcam Full HD,3,-252.18,"R$ 0,00",entregue,2024-07-06
PED-03272,2024-05-13,CLI-0010,site,Salvador,BA,Beleza,Kit Skincare Facial,1,275.9,"R$ 32,50",entregue,2024-05-23
PED-01794,17/07/2024,CLI-1349,app,São Paulo,SP,Moda,Camiseta Básica Algodão,3,43.68,"R$ 13,52",entregue,30/07/2024
PED-00073,2024-11-04,CLI-1361,app,  Salvador ,BA,Casa & Decoração,Jogo de Toalhas 4 peças,2,197.45,"R$ 0,00",devolvido,2024-11-12
PED-02079,2023-10-25,CLI-1145,site,São Paulo,SP,Moda,Camiseta Básica Algodão,2,60.43,"R$ 18,26",entregue,2023-10-28
PED-03596,2024-12-31,CLI-0908,site,Rio de Janeiro,RJ,Esporte,Tapete de Yoga 6mm,3,170.44,"R$ 0,00",entregue,2025-01-10
PED-00959,2024-02-27,CLI-1351,marketplace,Belo Horizonte,MG,Moda,Jaqueta Jeans,2,163.97,"R$ 0,00",entregue,2024-03-04
PED-02666,08/10/2024,CLI-0638,app,São Paulo,SP,Esporte,Camiseta Dry Fit,2,103.39,"R$ 9,87",entregue,11/10/2024
PED-02843,2024-01-12,CLI-0550,site,Campinas,SP,Moda,Camiseta Básica Algodão,1,89.29,"R$ 8,59",cancelado,
PED-03345,2024-03-07,CLI-0055,marketplace,Campinas,SP,Eletrônicos,Fone Bluetooth TWS,1,245.69,"R$ 10,18",entregue,2024-03-10
PED-03733,2024-04-29,CLI-1234,site,Rio de Janeiro,RJ,Casa & Decoração,"Tapete Sala 1,5m",4,346.52,"R$ 0,00",entregue,2024-05-04
PED-00842,2024-10-02,CLI-0264,marketplace,são paulo,SP,Beleza,Perfume Importado 100ml,4,226.32,"R$ 0,00",em transporte,
PED-01309,2023-03-03,CLI-0188,app,Belo Horizonte,MG,eletronicos,Carregador Turbo 30W,4,120.46,"R$ 0,00",Entregue,2023-03-14
PED-02176,24/04/2024,CLI-0941,site,São Paulo,SP,Moda,Jaqueta Jeans,2,327.1,"R$ 0,00",entregue,03/05/2024
PED-02551,07/04/2024,CLI-1365,marketplace,Curitiba,PR,Beleza,Kit Skincare Facial,1,268.21,"R$ 23,34",ENTREGUE,25/04/2024
PED-04416,2024-09-18,CLI-0290,marketplace,Recife,PE,ELETRÔNICOS,Carregador Turbo 30W,2,100.36,"R$ 29,58",entregue,2024-10-06
PED-03090,28/11/2024,CLI-0326,marketplace,São Paulo,SP,Beleza,Secador de Cabelo 2000W,4,193.5,"R$ 0,00",entregue,05/12/2024
PED-02731,2023-01-04,CLI-1082,marketplace,Fortaleza,CE,Casa & Decoração,Quadro Decorativo Abstrato,4,,"R$ 0,00",ENTREGUE,2023-01-20
PED-01742,2023-08-22,CLI-1120,site,Recife,PE,Moda,"Mochila Notebook 15""",1,209.07,"R$ 25,50",cancelado,
PED-00697,2024-08-26,CLI-1201,app,Goiânia,GO,Eletrônicos,Carregador Turbo 30W,1,78.75,"R$ 26,72",entregue,2024-09-12
PED-02212,2024-01-26,CLI-0577,site,Recife,PE,Eletrônicos,Webcam Full HD,1,331.25,"R$ 0,00",entregue,2024-02-06
PED-02698,07/02/2023,CLI-0996,app,Porto Alegre,RS,Eletrônicos,Webcam Full HD,1,210.61,"R$ 28,46",entregue,19/02/2023
PED-03336,2023-11-21,CLI-0316,marketplace,São Paulo,SP,Casa & Decoração,Luminária de Mesa LED,4,205.59,"R$ 0,00",entregue,2023-11-30
PED-04316,29/05/2024,CLI-1149,site,São Paulo,SP,moda,Jaqueta Jeans,4,168.34,"R$ 0,00",entregue,02/06/2024
PED-02203,2024-11-19,CLI-0435,app,Brasília,DF,Beleza,Perfume Importado 100ml,1,263.03,"R$ 25,87",entregue,2024-11-29
PED-01293,2024-04-15,CLI-0689,site,Belo Horizonte,MG,Eletrônicos,Webcam Full HD,2,357.77,"R$ 0,00",entregue,2024-04-26
PED-01877,27/09/2023,CLI-1222,site,Porto Alegre,RS,Eletrônicos,Smartwatch Fit,1,629.54,"R$ 0,00",entregue,04/10/2023
PED-02309,2024-05-15,CLI-0360,app,Fortaleza,CE,ELETRÔNICOS,Smartwatch Fit,1,763.09,"R$ 0,00",entregue,2024-05-29
PED-03943,2023-07-14,CLI-0948,site,São Paulo,SP,Esporte,Corda de Pular Speed,4,41.5,"R$ 14,91",entregue,2023-07-24
PED-03758,2023-10-05,CLI-0767,site,  Salvador ,BA,Eletrônicos,Webcam Full HD,1,212.19,"R$ 27,08",entregue,2023-10-15
PED-00388,2024-12-11,CLI-0256,site,São Paulo,,Esporte,Corda de Pular Speed,4,29.16,"R$ 17,80",entregue,2024-12-19
PED-00582,29/03/2024,CLI-1268,site,PORTO ALEGRE,RS,beleza,Perfume Importado 100ml,2,552.64,"R$ 0,00",devolvido,05/04/2024
PED-02076,2024-03-28,CLI-0561,app,Belo Horizonte,MG,Esporte,Garrafa Térmica 1L,2,122.93,"R$ 21,57",entregue,2024-04-06
PED-03744,2024-03-13,CLI-0185,app,são paulo,SP,Moda,Tênis Casual Masculino,2,419.84,"R$ 0,00",entregue,2024-03-25
PED-03019,2023-11-09,CLI-0281,site,PORTO ALEGRE,RS,Beleza,Base Líquida Matte,4,137.86,"R$ 0,00",entregue,2023-11-18
PED-01197,2023-08-12,CLI-0964,site,Fortaleza,CE,Casa & Decoração,Quadro Decorativo Abstrato,2,88.94,"R$ 33,98",cancelado,
PED-02103,2024-10-09,CLI-0823,app,  São Paulo ,SP,Moda,"Mochila Notebook 15""",1,208.49,"R$ 10,78",entregue,2024-10-18
PED-02096,2023-11-17,CLI-1367,app,GOIÂNIA,GO,Esporte,Garrafa Térmica 1L,1,77.71,"R$ 23,73",entregue,2023-11-25
PED-04003,2024-11-04,CLI-0640,app,Rio de Janeiro,RJ,Moda,"Mochila Notebook 15""",1,294.11,"R$ 19,49",entregue,2024-11-13
PED-00619,2023-05-12,CLI-0999,app,Recife,PE,Eletrônicos,Fone Bluetooth TWS,1,243.88,"R$ 32,20",entregue,2023-05-23
PED-02321,07/02/2023,CLI-0763,site,Porto Alegre,RS,casa & decoracao,Luminária de Mesa LED,4,167.8,"R$ 0,00",CANCELADO,
PED-03720,13/02/2024,CLI-1156,app,são paulo,SP,Eletrônicos,Fone Bluetooth TWS,2,196.56,"R$ 0,00",entregue,26/02/2024
PED-02251,2024-03-31,CLI-0256,site,SÃO PAULO,SP,Casa & Decoração,Vaso Decorativo Cerâmica,2,120.21,"R$ 11,06",entregue,2024-04-08
PED-00567,2024-09-09,CLI-0336,site,Recife,PE,Eletrônicos,Fone Bluetooth TWS,1,369.61,"R$ 0,00",entregue,2024-09-25
PED-04486,07/10/2023,CLI-0685,site,Porto Alegre,RS,Moda,"Mochila Notebook 15""",2,288.76,"R$ 0,00",Em transporte,
PED-04689,2024-11-06,CLI-1213,app,São Paulo,SP,Eletrônicos,Carregador Turbo 30W,3,82.73,"R$ 17,55",entregue,2024-11-11
PED-01375,2024-12-21,CLI-0429,app,Fortaleza,CE,Eletrônicos,Carregador Turbo 30W,2,107.27,"R$ 29,52",entregue,2024-12-28
PED-01124,2023-06-30,CLI-1338,site,rio de janeiro,RJ,Eletrônicos,Webcam Full HD,2,264.3,"R$ 0,00",entregue,2023-07-12
PED-03598,2024-11-15,CLI-0633,marketplace,Ribeirao Preto,SP,Beleza,Kit Skincare Facial,3,178.83,"R$ 0,00",entregue,2024-11-26
PED-02317,28/06/2023,CLI-0544,marketplace,Rio de Janeiro,RJ,Casa & Decoração,Luminária de Mesa LED,2,111.35,"R$ 23,23",entregue,10/07/2023
PED-02661,2024-10-30,CLI-1130,site,São Paulo,SP,Beleza,Kit Skincare Facial,2,165.67,"R$ 0,00",entregue,2024-11-12
PED-02754,2023-04-01,CLI-1353,app,Ribeirão Preto,SP,beleza,Perfume Importado 100ml,3,355.98,"R$ 0,00",entregue,2023-04-13
PED-02813,2024-07-21,CLI-1384,marketplace,São Paulo,SP,Beleza,Kit Skincare Facial,1,216.38,"R$ 12,21",entregue,2024-07-26
PED-00461,2024-04-29,CLI-1387,site,Goiânia,GO,Moda,"Mochila Notebook 15""",1,273.94,"R$ 23,96",entregue,2024-05-13
PED-04010,2024-05-24,CLI-0261,site,Campinas,SP,moda,Camiseta Básica Algodão,3,94.13,"R$ 12,38",entregue,2024-06-07
PED-04255,2024-11-02,CLI-0225,site,São Paulo,SP,Casa & Decoração,Luminária de Mesa LED,1,143.79,"R$ 12,50",entregue,2024-11-05
PED-00470,2024-03-11,CLI-0900,marketplace,São Paulo,SP,Beleza,Base Líquida Matte,1,125.87,"R$ 12,29",entregue,2024-03-23
PED-01542,01/09/2023,CLI-1208,app,Salvador,BA,Eletrônicos,Webcam Full HD,2,345.23,"R$ 0,00",em transporte,
PED-02578,2024-11-06,CLI-0709,site,Belo Horizonte,MG,Casa & Decoração,Jogo de Toalhas 4 peças,3,243.09,"R$ 0,00",entregue,2024-11-13
PED-00752,2023-11-07,CLI-0961,app,São Paulo,SP,Esporte,Corda de Pular Speed,1,-44.3,"R$ 23,08",cancelado,
PED-04763,29/11/2024,CLI-0836,site,  Ribeirão Preto ,SP,Eletrônicos,Smartwatch Fit,3,321.57,"R$ 0,00",entregue,06/12/2024
PED-04275,2023-08-03,CLI-0055,site,Rio de Janeiro,RJ,,Webcam Full HD,1,182.57,"R$ 17,48",entregue,2023-08-06
PED-04520,2023-09-05,CLI-1330,site,São Paulo,SP,casa & decoracao,Quadro Decorativo Abstrato,2,138.25,"R$ 12,93",entregue,2023-09-13
PED-01835,2023-08-08,CLI-0533,app,Rio de Janeiro,RJ,casa & decoracao,Luminária de Mesa LED,0,198.74,"R$ 21,52",entregue,2023-08-17
PED-03794,2023-06-08,CLI-0003,site,São Paulo,SP,esporte,Halter Emborrachado 5kg,4,142.03,"R$ 0,00",entregue,2023-06-12
PED-01797,2024-04-26,CLI-1330,app,Belo Horizonte,MG,Beleza,Perfume Importado 100ml,1,381.07,"R$ 0,00",entregue,2024-05-03
PED-02962,2024-12-19,CLI-0888,site,Porto Alegre,RS,Moda,Camiseta Básica Algodão,1,77.5,"R$ 21,89",entregue,2024-12-28
PED-01213,2024-04-20,CLI-0572,app,Fortaleza,CE,Eletrônicos,Carregador Turbo 30W,4,114.1,"R$ 0,00",Entregue,2024-04-27
PED-03790,2024-07-24,CLI-0261,marketplace,Ribeirão Preto,,Eletrônicos,Caixa de Som Portátil,3,391.8,"R$ 0,00",devolvido,2024-07-27
PED-00742,2023-05-02,CLI-0908,site,Campinas,SP,Esporte,Corda de Pular Speed,2,86.98,"R$ 16,68",entregue,2023-05-14
PED-02835,14/07/2024,CLI-0641,site,Belo Horizonte,MG,,Halter Emborrachado 5kg,2,75.08,"R$ 24,76",entregue,21/07/2024
PED-04186,2024-10-09,CLI-0870,marketplace,Belo Horizonte,MG,Moda,Camiseta Básica Algodão,1,66.3,"R$ 24,10",devolvido,2024-10-18
PED-03597,2024-11-10,CLI-0452,app,São Paulo,SP,Casa & Decoração,Vaso Decorativo Cerâmica,3,163.44,"R$ 0,00",entregue,2024-11-16
PED-04212,24/11/2023,CLI-0644,app,São Paulo,SP,Eletrônicos,Webcam Full HD,1,178.07,"R$ 14,25",entregue,06/12/2023
PED-01662,2024-06-12,CLI-0816,site,Campinas,SP,Eletrônicos,Carregador Turbo 30W,2,,"R$ 13,94",entregue,2024-06-25
PED-02253,2023-12-05,CLI-0369,app,São Paulo,SP,Beleza,Kit Skincare Facial,2,248.68,"R$ 0,00",entregue,2023-12-08
PED-02637,2024-02-03,CLI-0037,site,São Paulo,SP,Esporte,Corda de Pular Speed,1,34.65,"R$ 15,17",entregue,2024-02-13
PED-00335,20/05/2023,CLI-0838,app,Belo Horizonte,MG,Casa & Decoração,"Tapete Sala 1,5m",3,193.61,"R$ 0,00",Entregue,25/05/2023
PED-02420,2024-12-03,CLI-0550,app,  Belo Horizonte ,MG,Esporte,Garrafa Térmica 1L,1,120.76,"R$ 19,89",entregue,2024-12-17
PED-03277,20/02/2024,CLI-0818,marketplace,  Belo Horizonte ,MG,Casa & Decoração,"Tapete Sala 1,5m",2,213.43,"R$ 0,00",entregue,26/02/2024
PED-00576,2024-03-09,CLI-0651,app,fortaleza,CE,Casa & Decoração,Quadro Decorativo Abstrato,2,92.12,"R$ 35,91",entregue,2024-03-25
PED-02144,2024-10-08,CLI-0067,app,Porto Alegre,RS,Moda,Camiseta Básica Algodão,3,41.93,"R$ 25,19",entregue,2024-10-19
PED-01626,2024-08-29,CLI-0602,marketplace,São Paulo,SP,Moda,Tênis Casual Masculino,1,428.5,"R$ 0,00",Devolvido,2024-09-01
PED-02099,12/05/2023,CLI-1043,app,Fortaleza,CE,Eletrônicos,Carregador Turbo 30W,1,88.87,"R$ 31,67",entregue,19/05/2023
PED-02135,2024-03-08,CLI-0720,app,São Paulo,SP,eletronicos,Carregador Turbo 30W,1,98.27,"R$ 16,91",entregue,2024-03-13
PED-02959,08/09/2023,CLI-0657,app,FORTALEZA,CE,eletronicos,Fone Bluetooth TWS,3,260.07,"R$ 0,00",ENTREGUE,15/09/2023
PED-04576,2023-07-14,CLI-1072,site,Porto Alegre,RS,eletronicos,Fone Bluetooth TWS,1,165.2,"R$ 24,39",ENTREGUE,2023-07-26
PED-04981,2024-11-25,CLI-0113,marketplace,Brasília,DF,Casa & Decoração,Vaso Decorativo Cerâmica,1,57.42,"R$ 24,49",em transporte,
PED-01316,2024-07-11,CLI-0376,site,Fortaleza,CE,Beleza,Secador de Cabelo 2000W,1,260.4,"R$ 35,63",cancelado,
PED-01534,2024-07-29,CLI-1262,site,Campinas,SP,Eletrônicos,Webcam Full HD,2,376.84,"R$ 0,00",entregue,2024-08-11
PED-04298,2024-05-10,CLI-0698,site,Belo Horizonte,MG,Eletrônicos,Carregador Turbo 30W,3,59.6,"R$ 21,05",entregue,2024-05-21
PED-04725,2023-03-21,CLI-1121,marketplace,Rio de Janeiro,RJ,Esporte,Corda de Pular Speed,4,77.6,"R$ 0,00",em transporte,
PED-04123,2024-11-16,CLI-0767,marketplace,Goiânia,GO,Eletrônicos,Fone Bluetooth TWS,4,376.92,"R$ 0,00",entregue,2024-11-30
PED-02054,2024-11-01,CLI-1089,site,Recife,,Esporte,Halter Emborrachado 5kg,1,70.2,"R$ 34,22",Devolvido,2024-11-12
PED-00961,2024-04-02,CLI-0795,site,Rio de Janeiro,RJ,Esporte,Tapete de Yoga 6mm,2,138.04,"R$ 18,08",entregue,2024-04-12
PED-02208,2024-01-15,CLI-0290,site,São Paulo,SP,Casa & Decoração,Vaso Decorativo Cerâmica,4,100.16,"R$ 0,00",entregue,2024-01-29
PED-02459,2023-10-01,CLI-0550,app,Rio de Janeiro,RJ,Moda,Boné Aba Curva,2,70.25,"R$ 23,17",entregue,2023-10-10
PED-00885,2023-07-19,CLI-0494,app,Curitiba,PR,Moda,Tênis Casual Masculino,1,323.71,"R$ 0,00",Entregue,2023-07-28
PED-04640,2023-08-12,CLI-0798,app,Salvador,BA,Eletrônicos,Carregador Turbo 30W,2,85.98,"R$ 27,79",devolvido,2023-08-28
PED-03459,2023-01-24,CLI-0740,app,Goiânia,GO,Eletrônicos,Fone Bluetooth TWS,1,161.57,"R$ 34,06",em transporte,
PED-02319,2024-03-02,CLI-1112,site,São Paulo,SP,Moda,"Mochila Notebook 15""",2,185.82,"R$ 0,00",entregue,2024-03-05
PED-03669,2023-12-06,CLI-1330,site,São Paulo,SP,Esporte,Halter Emborrachado 5kg,3,100.39,"R$ 0,00",entregue,2023-12-10
PED-02020,2023-12-02,CLI-0680,app,recife,PE,Beleza,Kit Skincare Facial,1,247.72,"R$ 29,41",cancelado,
PED-00414,20/11/2024,CLI-1277,app,fortaleza,CE,moda,Jaqueta Jeans,1,156.67,"R$ 34,14",entregue,29/11/2024
PED-04677,01/05/2023,CLI-1347,marketplace,Porto Alegre,RS,Eletrônicos,Carregador Turbo 30W,3,110.29,"R$ 0,00",entregue,17/05/2023
PED-04524,03/11/2024,CLI-1252,marketplace,Salvador,BA,Casa & Decoração,Jogo de Toalhas 4 peças,3,229.09,"R$ 0,00",entregue,21/11/2024
PED-01070,2023-12-17,CLI-0927,marketplace,Curitiba,PR,Casa & Decoração,Jogo de Toalhas 4 peças,1,153.01,"R$ 22,04",entregue,2023-12-25
PED-04270,2024-09-05,CLI-1069,app,Salvador,BA,Esporte,Garrafa Térmica 1L,2,127.5,"R$ 27,63",entregue,2024-09-23
PED-03127,2024-04-05,CLI-0077,app,Fortaleza,CE,Casa & Decoração,Jogo de Toalhas 4 peças,2,236.42,"R$ 0,00",entregue,2024-04-18
PED-03301,2024-12-07,CLI-1175,app,Goiania,GO,ELETRÔNICOS,Carregador Turbo 30W,2,72.48,"R$ 21,20",devolvido,2024-12-18
PED-01505,12/10/2024,CLI-1252,app,Fortaleza,CE,Casa & Decoração,"Tapete Sala 1,5m",1,369.64,"R$ 0,00",Devolvido,30/10/2024
PED-02005,2023-05-05,CLI-0243,site,São Paulo,SP,Esporte,Corda de Pular Speed,1,44.27,"R$ 16,73",entregue,2023-05-12
PED-03480,2024-04-22,CLI-0052,app,RECIFE,PE,Moda,Camiseta Básica Algodão,3,67.76,"R$ 29,16",entregue,2024-04-30
PED-00174,04/12/2024,CLI-0364,site,Ribeirão Preto,SP,Beleza,Secador de Cabelo 2000W,2,284.83,"R$ 0,00",entregue,12/12/2024
PED-01932,2024-05-23,CLI-0572,site,Belo Horizonte,MG,Eletrônicos,Smartwatch Fit,2,860.86,"R$ 0,00",entregue,2024-06-04
PED-04582,28/09/2024,CLI-1320,site,CURITIBA,,Eletrônicos,Caixa de Som Portátil,1,239.98,"R$ 25,51",entregue,16/10/2024
PED-00853,06/11/2024,CLI-0615,site,Campinas,SP,Beleza,Perfume Importado 100ml,3,365.97,"R$ 0,00",entregue,19/11/2024
PED-00185,15/09/2024,CLI-1247,site,Brasília,DF,CASA & DECORAÇÃO,Luminária de Mesa LED,2,204.1,"R$ 0,00",devolvido,28/09/2024
PED-03297,2024-09-05,CLI-1121,marketplace,Belo Horizonte,MG,Eletrônicos,Webcam Full HD,3,306.09,"R$ 0,00",entregue,2024-09-12
PED-01174,02/09/2024,CLI-1036,site,Curitiba,PR,Casa & Decoração,Vaso Decorativo Cerâmica,2,140.98,"R$ 23,54",em transporte,
PED-00499,2023-11-26,CLI-1004,app,Belo Horizonte,MG,Casa & Decoração,"Tapete Sala 1,5m",1,-387.18,"R$ 0,00",Entregue,2023-12-07
PED-04813,11/03/2024,CLI-0754,app,Belo Horizonte,MG,Casa & Decoração,Jogo de Toalhas 4 peças,3,104.23,"R$ 0,00",entregue,18/03/2024
PED-03938,2024-06-19,CLI-0416,site,Ribeirão Preto,SP,Moda,Jaqueta Jeans,2,140.38,"R$ 16,38",entregue,2024-06-28
PED-01405,2023-07-12,CLI-0785,app,Curitiba,PR,Esporte,Corda de Pular Speed,3,43.1,"R$ 17,74",entregue,2023-07-26
PED-02439,2024-01-11,CLI-0073,marketplace,Belo Horizonte,MG,Casa & Decoração,Jogo de Toalhas 4 peças,1,110.83,"R$ 20,46",entregue,2024-01-20
PED-00740,2023-12-27,CLI-0441,app,curitiba,PR,Casa & Decoração,Luminária de Mesa LED,1,110.93,"R$ 22,90",entregue,2024-01-05
PED-02140,2024-11-01,CLI-0583,app,Rio de Janeiro,RJ,Moda,Boné Aba Curva,1,77.27,"R$ 22,01",em transporte,
PED-02213,2024-11-11,CLI-0363,marketplace,Brasília,DF,Esporte,Corda de Pular Speed,1,78.5,"R$ 25,13",entregue,2024-11-25
PED-01709,12/11/2024,CLI-1233,site,São Paulo,,Moda,Boné Aba Curva,1,108.68,"R$ 12,39",Entregue,21/11/2024
PED-03533,2024-02-11,CLI-0376,site,Campinas,SP,Eletrônicos,Fone Bluetooth TWS,4,164.34,"R$ 0,00",entregue,2024-02-23
PED-03567,07/11/2024,CLI-1317,app,Curitiba,PR,ELETRÔNICOS,Caixa de Som Portátil,1,484.81,"R$ 0,00",em transporte,
PED-04300,2024-07-17,CLI-1171,app,Goiânia,GO,Moda,Camiseta Básica Algodão,1,47.31,"R$ 27,24",entregue,2024-07-25
PED-01353,2023-10-11,CLI-0274,app,Rio de Janeiro,RJ,Casa & Decoração,Luminária de Mesa LED,3,138.42,"R$ 0,00",Devolvido,2023-10-15
PED-00095,2023-10-26,CLI-1298,app,Campinas,SP,Esporte,Halter Emborrachado 5kg,1,144.75,"R$ 13,73",devolvido,2023-11-03
PED-02948,2024-10-03,CLI-0921,marketplace,fortaleza,CE,Beleza,Secador de Cabelo 2000W,3,146.04,"R$ 0,00",cancelado,
PED-02024,08/09/2023,CLI-1120,app,Curitiba,PR,Casa & Decoração,Vaso Decorativo Cerâmica,1,76.72,"R$ 23,15",Entregue,15/09/2023
PED-01980,2023-08-07,CLI-0323,app,Brasília,,Casa & Decoração,Luminária de Mesa LED,3,160.58,"R$ 0,00",em transporte,
PED-04055,2024-10-22,CLI-0261,site,Salvador,BA,Moda,Tênis Casual Masculino,1,257.87,"R$ 29,62",entregue,2024-11-03
PED-01410,31/07/2024,CLI-0335,marketplace,BELO HORIZONTE,MG,Beleza,Base Líquida Matte,1,92.22,"R$ 17,65",entregue,07/08/2024
PED-01772,2024-09-17,CLI-1132,marketplace,Recife,PE,Esporte,Camiseta Dry Fit,1,128.28,"R$ 30,62",entregue,2024-10-04
PED-02136,2024-03-29,CLI-0002,site,BELO HORIZONTE,MG,Casa & Decoração,Vaso Decorativo Cerâmica,2,52.63,"R$ 27,46",em transporte,
PED-02399,2023-05-12,CLI-1127,site,Belo Horizonte,MG,Beleza,Base Líquida Matte,2,90.03,"R$ 13,94",Devolvido,2023-05-17
PED-00702,07/11/2023,CLI-0814,marketplace,Porto Alegre,RS,Eletrônicos,Caixa de Som Portátil,1,376.45,"R$ 0,00",entregue,23/11/2023
PED-03813,2024-04-22,CLI-1173,site,Campinas,SP,Moda,Jaqueta Jeans,3,348.44,"R$ 0,00",em transporte,
PED-00929,2024-05-06,CLI-0122,app,Campinas,SP,Casa & Decoração,"Tapete Sala 1,5m",4,433.38,"R$ 0,00",entregue,2024-05-18
PED-04267,30/12/2023,CLI-0834,site,São Paulo,SP,Casa & Decoração,Luminária de Mesa LED,1,111.28,"R$ 17,03",ENTREGUE,08/01/2024
PED-01055,2023-10-10,CLI-0264,marketplace,Campinas,SP,Casa & Decoração,Quadro Decorativo Abstrato,1,105.6,"R$ 13,45",entregue,2023-10-18
PED-01921,2024-03-01,CLI-0455,site,curitiba,PR,Casa & Decoração,Luminária de Mesa LED,2,103.25,"R$ 22,61",entregue,2024-03-09
PED-01737,16/11/2024,CLI-0545,site,Belo Horizonte,MG,Moda,Tênis Casual Masculino,2,351.45,"R$ 0,00",entregue,22/11/2024
PED-00604,2024-08-09,CLI-0312,site,Recife,PE,Casa & Decoração,Quadro Decorativo Abstrato,1,115.92,"R$ 31,23",entregue,2024-08-21
PED-03256,2024-10-07,CLI-0373,site,Curitiba,PR,Eletrônicos,Smartwatch Fit,1,443.66,"R$ 0,00",ENTREGUE,2024-10-18
PED-00274,2024-05-11,CLI-0518,site,São Paulo,SP,eletronicos,Webcam Full HD,1,234.31,"R$ 14,52",Devolvido,2024-05-22
PED-02677,2024-02-10,CLI-1211,app,BELO HORIZONTE,MG,Moda,Jaqueta Jeans,1,272.22,"R$ 9,73",cancelado,
PED-01976,11/08/2023,CLI-1359,marketplace,Curitiba,PR,Eletrônicos,Caixa de Som Portátil,2,316.83,"R$ 0,00",cancelado,
PED-02685,11/10/2023,CLI-0567,site,Campinas,SP,Esporte,Tapete de Yoga 6mm,3,173.29,"R$ 0,00",entregue,20/10/2023
PED-02088,2023-11-20,CLI-0319,site,Campinas,SP,Beleza,Secador de Cabelo 2000W,3,300.52,"R$ 0,00",entregue,2023-12-04
PED-01825,2024-08-22,CLI-1368,site,Rio de Janeiro,RJ,Moda,"Mochila Notebook 15""",2,193.03,"R$ 0,00",entregue,2024-09-01
PED-01283,2024-01-06,CLI-0902,marketplace,Fortaleza,CE,Moda,"Mochila Notebook 15""",2,142.41,"R$ 35,71",cancelado,
PED-04076,21/12/2023,CLI-0647,site,Ribeirão Preto,SP,Eletrônicos,Smartwatch Fit,4,743.83,"R$ 0,00",entregue,28/12/2023
PED-03432,2024-04-17,CLI-0481,app,São Paulo,SP,Casa & Decoração,Quadro Decorativo Abstrato,3,81.18,"R$ 14,35",entregue,2024-04-26
PED-00117,2024-09-06,CLI-0583,app,Salvador,BA,Casa & Decoração,Luminária de Mesa LED,2,160.11,"R$ 0,00",entregue,2024-09-13
PED-01189,2023-05-24,CLI-0668,marketplace,São Paulo,SP,Casa & Decoração,Vaso Decorativo Cerâmica,1,168.93,"R$ 20,42",cancelado,
PED-01809,22/12/2023,CLI-1070,app,Fortaleza,,Eletrônicos,Fone Bluetooth TWS,4,,"R$ 0,00",entregue,04/01/2024
PED-01296,2023-12-05,CLI-1283,marketplace,Fortaleza,CE,ELETRÔNICOS,Smartwatch Fit,2,649.22,"R$ 0,00",entregue,2023-12-21
PED-03563,2024-11-23,CLI-1008,site,Recife,PE,Eletrônicos,Fone Bluetooth TWS,1,171.68,"R$ 29,29",entregue,2024-12-07
PED-01377,2024-06-21,CLI-1387,site,Ribeirão Preto,SP,Beleza,Secador de Cabelo 2000W,1,397.96,"R$ 0,00",em transporte,
PED-02238,2023-11-06,CLI-0197,app,São Paulo,SP,Beleza,Secador de Cabelo 2000W,1,158.5,"R$ 19,68",entregue,2023-11-16
PED-02368,2023-12-28,CLI-0424,app,Curitiba,PR,Esporte,Corda de Pular Speed,4,30.23,"R$ 19,46",em transporte,
PED-00113,2023-10-29,CLI-0607,app,Ribeirão Preto,SP,Beleza,Kit Skincare Facial,-1,-260.59,"R$ 0,00",entregue,2023-11-04
PED-03311,2024-12-03,CLI-0118,site,Fortaleza,CE,Casa & Decoração,Vaso Decorativo Cerâmica,4,123.41,"R$ 0,00",entregue,2024-12-12
PED-01993,2023-11-16,CLI-1067,app,salvador,BA,Eletrônicos,Fone Bluetooth TWS,1,337.97,"R$ 0,00",entregue,2023-11-25
PED-02609,2024-07-01,CLI-0873,site,Brasília,DF,Casa & Decoração,Vaso Decorativo Cerâmica,2,154.2,"R$ 0,00",entregue,2024-07-09
PED-00487,2024-02-12,CLI-0886,app,São Paulo,SP,Beleza,Kit Skincare Facial,1,177.95,"R$ 18,26",Devolvido,2024-02-20
PED-00877,2023-12-14,CLI-1016,site,Ribeirão Preto,SP,Beleza,Secador de Cabelo 2000W,2,155.59,"R$ 0,00",em transporte,
PED-04405,06/02/2024,CLI-0819,marketplace,Brasília,DF,Eletrônicos,Caixa de Som Portátil,1,416.33,"R$ 0,00",entregue,15/02/2024
PED-03668,2023-05-16,CLI-0580,marketplace,SÃO PAULO,SP,Moda,Tênis Casual Masculino,1,411.79,"R$ 0,00",cancelado,
PED-03786,2024-12-01,CLI-0367,site,Curitiba,PR,Beleza,Secador de Cabelo 2000W,2,249.15,"R$ 0,00",entregue,2024-12-09
PED-01158,2023-01-01,CLI-1386,site,São Paulo,SP,Casa & Decoração,Vaso Decorativo Cerâmica,1,105.23,"R$ 16,49",entregue,2023-01-07
PED-01013,2024-02-10,CLI-0650,marketplace,Porto Alegre,RS,Esporte,Tapete de Yoga 6mm,4,150.95,"R$ 0,00",entregue,2024-02-24
PED-02916,2023-06-09,CLI-0692,app,GOIÂNIA,GO,Eletrônicos,Webcam Full HD,1,317.99,"R$ 0,00",entregue,2023-06-18
PED-02511,2024-02-01,CLI-0003,app,São Paulo,SP,Casa & Decoração,Luminária de Mesa LED,2,176.09,"R$ 0,00",entregue,2024-02-14
PED-00681,2023-03-18,CLI-1199,app,Brasília,DF,Moda,Jaqueta Jeans,1,293.87,"R$ 27,29",cancelado,
PED-01832,16/12/2024,CLI-0435,app,Ribeirão Preto,SP,Beleza,Base Líquida Matte,2,148.93,"R$ 16,20",ENTREGUE,19/12/2024
PED-03520,11/09/2024,CLI-0844,app,Porto Alegre,RS,Eletrônicos,Carregador Turbo 30W,1,96.61,"R$ 29,73",entregue,22/09/2024
PED-02156,06/11/2024,CLI-1387,site,São Paulo,SP,Moda,"Mochila Notebook 15""",2,203.43,"R$ 0,00",entregue,20/11/2024
PED-04712,2023-09-06,CLI-0354,site,Sao Paulo,SP,casa & decoracao,Luminária de Mesa LED,2,120.61,"R$ 13,91",entregue,2023-09-15
PED-00510,2023-05-05,CLI-0744,site,Curitiba,PR,Eletrônicos,Smartwatch Fit,2,314.09,"R$ 0,00",Entregue,2023-05-23
PED-01750,2024-01-21,CLI-0299,marketplace,Ribeirão Preto,SP,Casa & Decoração,"Tapete Sala 1,5m",3,294.43,"R$ 0,00",entregue,2024-02-03
PED-02004,20/06/2024,CLI-0140,site,Rio de Janeiro,RJ,Beleza,Kit Skincare Facial,1,267.7,"R$ 19,71",entregue,29/06/2024
PED-02896,2023-04-08,CLI-0281,app,Rio de Janeiro,RJ,eletronicos,Webcam Full HD,-2,324.57,"R$ 0,00",entregue,2023-04-11
PED-04341,2023-05-15,CLI-0048,app,Brasília,DF,Eletrônicos,Caixa de Som Portátil,1,488.66,"R$ 0,00",entregue,2023-05-29
PED-01010,2024-01-31,CLI-1125,app,  Fortaleza ,CE,Casa & Decoração,Quadro Decorativo Abstrato,1,62.38,"R$ 30,14",entregue,2024-02-14
PED-00389,08/05/2023,CLI-0084,site,Belo Horizonte,MG,MODA,Jaqueta Jeans,2,200.99,"R$ 0,00",entregue,12/05/2023
PED-02920,01/08/2024,CLI-1139,site,São Paulo,SP,Casa & Decoração,Vaso Decorativo Cerâmica,4,94.07,"R$ 0,00",entregue,11/08/2024
PED-04735,24/11/2024,CLI-0842,site,Recife,PE,Beleza,Perfume Importado 100ml,2,277.32,"R$ 0,00",em transporte,
PED-01483,2024-05-12,CLI-0398,app,  Porto Alegre ,RS,Eletrônicos,Caixa de Som Portátil,2,474.37,"R$ 0,00",em transporte,
PED-00329,2024-06-07,CLI-0536,site,Campinas,SP,Eletrônicos,Fone Bluetooth TWS,3,366.33,"R$ 0,00",devolvido,2024-06-10
PED-00161,2023-04-28,CLI-0168,app,Campinas,SP,Eletrônicos,Smartwatch Fit,2,374.71,"R$ 0,00",devolvido,2023-05-03
PED-00983,25/08/2024,CLI-1167,app,Belo Horizonte,MG,Moda,"Mochila Notebook 15""",1,315.67,"R$ 0,00",cancelado,
PED-04101,2023-10-20,CLI-0747,app,Fortaleza,CE,moda,"Mochila Notebook 15""",2,152.82,"R$ 0,00",entregue,2023-10-31
PED-03851,2023-12-31,CLI-0787,marketplace,Fortaleza,CE,Beleza,Kit Skincare Facial,1,117.65,"R$ 34,55",entregue,2024-01-14
PED-00811,05/01/2023,CLI-0989,app,Salvador,BA,Eletrônicos,Smartwatch Fit,3,654.68,"R$ 0,00",cancelado,
PED-00939,2024-11-20,CLI-0744,site,Ribeirão Preto,SP,Moda,Tênis Casual Masculino,2,,"R$ 0,00",cancelado,
PED-00460,2024-06-10,CLI-1126,marketplace,São Paulo,SP,,Corda de Pular Speed,2,54.34,"R$ 20,01",entregue,2024-06-13
PED-00324,2024-04-01,CLI-0787,site,Rio de Janeiro,RJ,Beleza,Kit Skincare Facial,1,89.84,"R$ 20,92",entregue,2024-04-06
PED-02189,2023-09-22,CLI-0352,site,Goiânia,GO,Eletrônicos,Smartwatch Fit,1,397.79,"R$ 0,00",entregue,2023-10-05
PED-04194,2024-10-27,CLI-1168,marketplace,São Paulo,SP,Moda,Boné Aba Curva,2,101.23,"R$ 16,06",ENTREGUE,2024-11-07
PED-01127,06/03/2024,CLI-0012,site,Curitiba,PR,Eletrônicos,Caixa de Som Portátil,1,408.65,"R$ 0,00",entregue,15/03/2024
PED-00796,2023-11-19,CLI-1144,site,Sao Paulo,SP,Casa & Decoração,Quadro Decorativo Abstrato,2,101.2,"R$ 14,68",entregue,2023-12-03
PED-02526,2023-06-05,CLI-0085,app,São Paulo,SP,Moda,Camiseta Básica Algodão,1,94.98,"R$ 16,85",entregue,2023-06-11
PED-03151,2023-01-01,CLI-1012,site,São Paulo,SP,Casa & Decoração,Jogo de Toalhas 4 peças,1,89.94,"R$ 15,17",entregue,2023-01-14
PED-03538,2024-05-12,CLI-1351,app,São Paulo,SP,Moda,Tênis Casual Masculino,1,261.24,"R$ 10,23",cancelado,
PED-03086,2023-11-04,CLI-0663,marketplace,São Paulo,SP,Beleza,Perfume Importado 100ml,3,326.17,"R$ 0,00",devolvido,2023-11-17
PED-00255,2023-08-28,CLI-1376,site,Recife,PE,Moda,"Mochila Notebook 15""",2,280.04,"R$ 0,00",devolvido,2023-09-12
PED-03252,14/04/2024,CLI-0311,site,  Rio de Janeiro ,RJ,Beleza,Base Líquida Matte,3,111.87,"R$ 0,00",entregue,25/04/2024
PED-01699,2024-12-15,CLI-0352,site,CURITIBA,PR,Beleza,Secador de Cabelo 2000W,1,330.58,"R$ 0,00",em transporte,
PED-03825,2024-08-11,CLI-0817,site,Rio de Janeiro,RJ,Moda,"Mochila Notebook 15""",2,244.83,"R$ 0,00",entregue,2024-08-16
PED-01066,2024-12-21,CLI-0970,marketplace,porto alegre,RS,Casa & Decoração,"Tapete Sala 1,5m",4,287.67,"R$ 0,00",entregue,2024-12-29
PED-00042,2024-10-25,CLI-1388,marketplace,São Paulo,SP,Esporte,Corda de Pular Speed,2,63.59,"R$ 14,59",devolvido,2024-10-28
PED-03929,25/05/2023,CLI-0764,marketplace,Salvador,BA,Esporte,Camiseta Dry Fit,1,75.5,"R$ 28,58",entregue,03/06/2023
PED-02799,2024-07-11,CLI-0633,site,recife,PE,Moda,Jaqueta Jeans,2,151.76,"R$ 0,00",entregue,2024-07-22
PED-02796,04/05/2024,CLI-0350,marketplace,São Paulo,SP,Eletrônicos,Webcam Full HD,1,369.2,"R$ 0,00",entregue,11/05/2024
PED-04471,2024-11-23,CLI-1121,site,Ribeirão Preto,SP,Eletrônicos,Webcam Full HD,4,159.89,"R$ 0,00",ENTREGUE,2024-12-04
PED-03536,2024-10-01,CLI-0809,site,Porto Alegre,RS,Beleza,Secador de Cabelo 2000W,1,342.34,"R$ 0,00",entregue,2024-10-18
PED-02460,2024-03-26,CLI-1134,site,Salvador,BA,Eletrônicos,Webcam Full HD,1,376.4,"R$ 0,00",entregue,2024-04-08
PED-00892,2024-12-12,CLI-1270,site,São Paulo,SP,Moda,Jaqueta Jeans,4,208.49,"R$ 0,00",entregue,2024-12-15
PED-03713,28/12/2024,CLI-0232,site,Belo Horizonte,MG,Esporte,Halter Emborrachado 5kg,3,140.83,"R$ 0,00",cancelado,
PED-03320,2023-11-02,CLI-0896,marketplace,Recife,PE,Moda,Tênis Casual Masculino,4,,"R$ 0,00",entregue,2023-11-13
PED-03987,11/08/2023,CLI-0402,app,  Rio de Janeiro ,RJ,Moda,Camiseta Básica Algodão,2,73.87,"R$ 24,87",entregue,20/08/2023
PED-01100,2023-06-21,CLI-0082,marketplace,São Paulo,,Eletrônicos,Webcam Full HD,1,231.19,"R$ 13,07",em transporte,
PED-00720,2024-12-13,CLI-0275,app,Brasília,DF,Esporte,Tapete de Yoga 6mm,4,106.46,"R$ 0,00",em transporte,
PED-02909,2024-11-29,CLI-1381,site,BRASÍLIA,DF,Eletrônicos,Smartwatch Fit,1,862.12,"R$ 0,00",entregue,2024-12-06
PED-04150,2023-12-26,CLI-0636,marketplace,São Paulo,SP,Moda,"Mochila Notebook 15""",1,154.28,"R$ 13,63",DEVOLVIDO,2024-01-07
PED-00719,2024-06-22,CLI-0996,site,Belo Horizonte,MG,Eletrônicos,Carregador Turbo 30W,2,123.45,"R$ 19,97",entregue,2024-06-27
PED-03282,2023-02-08,CLI-1325,site,Rio de Janeiro,RJ,Casa & Decoração,Luminária de Mesa LED,2,159.39,"R$ 0,00",entregue,2023-02-19
PED-03992,2023-12-30,CLI-0569,app,Goiânia,GO,Eletrônicos,Smartwatch Fit,1,783.43,"R$ 0,00",ENTREGUE,2024-01-12
PED-03796,2024-06-22,CLI-0461,site,Recife,PE,Eletrônicos,Caixa de Som Portátil,1,540.42,"R$ 0,00",entregue,2024-07-05
PED-01864,25/03/2024,CLI-0427,marketplace,Salvador,BA,Eletrônicos,Carregador Turbo 30W,1,107.74,"R$ 31,69",cancelado,
PED-02508,2024-12-05,CLI-0512,app,São Paulo,SP,Moda,Boné Aba Curva,3,86.65,"R$ 17,98",entregue,2024-12-16
PED-04595,03/08/2023,CLI-1031,marketplace,São Paulo,SP,Moda,Boné Aba Curva,1,69.94,"R$ 10,78",cancelado,
PED-04979,2024-10-12,CLI-1169,site,goiânia,GO,CASA & DECORAÇÃO,Quadro Decorativo Abstrato,2,130.34,"R$ 26,49",entregue,2024-10-25
PED-04797,2023-07-11,CLI-1146,app,São Paulo,SP,Moda,Boné Aba Curva,2,69.4,"R$ 8,80",entregue,2023-07-15
PED-01183,2023-04-06,CLI-0690,marketplace,Rio de Janeiro,RJ,BELEZA,Kit Skincare Facial,1,265.37,"R$ 27,07",devolvido,2023-04-20
PED-03164,2024-08-05,CLI-0965,app,rio de janeiro,RJ,Eletrônicos,Webcam Full HD,1,168.67,"R$ 17,00",entregue,2024-08-11
PED-01350,08/05/2023,CLI-1239,app,São Paulo,SP,Moda,Tênis Casual Masculino,1,261.61,"R$ 17,61",entregue,22/05/2023
PED-01366,2024-03-22,CLI-0346,site,Campinas,SP,Moda,Jaqueta Jeans,2,203.8,"R$ 0,00",Entregue,2024-03-26
PED-02590,2023-12-19,CLI-0754,site,São Paulo,SP,Esporte,Tapete de Yoga 6mm,1,190.34,"R$ 14,22",em transporte,
PED-04838,2023-01-13,CLI-0380,site,Salvador,BA,Casa & Decoração,"Tapete Sala 1,5m",2,381.15,"R$ 0,00",entregue,2023-01-27
PED-03983,2024-05-05,CLI-0004,site,Curitiba,PR,Moda,"Mochila Notebook 15""",1,128.96,"R$ 25,72",entregue,2024-05-23
PED-04265,2024-07-15,CLI-0669,site,Salvador,BA,Beleza,Base Líquida Matte,1,97.21,"R$ 28,75",entregue,2024-08-02
PED-01411,2024-10-23,CLI-1181,site,Sao Paulo,SP,Beleza,Base Líquida Matte,2,123.97,"R$ 9,70",cancelado,
PED-03883,2024-08-04,CLI-0524,site,Rio de Janeiro,RJ,Eletrônicos,Caixa de Som Portátil,1,242.42,"R$ 19,00",entregue,2024-08-11
PED-04998,2024-02-09,CLI-0039,app,belo horizonte,MG,Beleza,Perfume Importado 100ml,4,209.44,"R$ 0,00",entregue,2024-02-22
PED-03181,05/12/2024,CLI-1337,site,Campinas,SP,Beleza,Perfume Importado 100ml,2,493.88,"R$ 0,00",entregue,13/12/2024
PED-01546,2023-12-13,CLI-1217,marketplace,Goiania,GO,Esporte,Tapete de Yoga 6mm,2,122.74,"R$ 26,74",entregue,2023-12-23
PED-04220,2024-07-14,CLI-0048,app,São Paulo,SP,Casa & Decoração,Quadro Decorativo Abstrato,1,125.47,"R$ 12,70",entregue,2024-07-26
PED-01562,2024-05-25,CLI-0793,app,Belo Horizonte,MG,Moda,Tênis Casual Masculino,2,400.43,"R$ 0,00",entregue,2024-05-28
PED-04887,2023-04-29,CLI-0165,marketplace,Salvador,BA,,Quadro Decorativo Abstrato,1,134.42,"R$ 36,32",entregue,2023-05-15
PED-04352,2023-03-19,CLI-1225,marketplace,Fortaleza,CE,Esporte,Corda de Pular Speed,1,81.54,"R$ 34,59",entregue,2023-03-27
PED-04077,2024-06-19,CLI-1262,app,são paulo,SP,Esporte,Tapete de Yoga 6mm,-1,171.73,"R$ 19,57",cancelado,
PED-03897,02/11/2023,CLI-0530,site,Fortaleza,CE,Moda,Jaqueta Jeans,1,331.49,"R$ 0,00",entregue,20/11/2023
PED-00176,2023-02-22,CLI-0577,site,fortaleza,CE,Esporte,Tapete de Yoga 6mm,1,91.9,"R$ 28,86",devolvido,2023-03-10
PED-02617,2023-07-20,CLI-0273,site,Belo Horizonte,MG,Moda,Boné Aba Curva,2,45.17,"R$ 17,34",Entregue,2023-07-27
PED-00496,2024-04-11,CLI-0806,site,Belo Horizonte,MG,BELEZA,Kit Skincare Facial,2,148.29,"R$ 19,00",entregue,2024-04-25
PED-02643,2024-04-30,CLI-0909,app,Goiânia,GO,Eletrônicos,Caixa de Som Portátil,2,247.7,"R$ 0,00",ENTREGUE,2024-05-09
PED-04995,14/05/2024,CLI-0357,app,São Paulo,SP,Moda,Camiseta Básica Algodão,1,68.16,"R$ 12,93",entregue,25/05/2024
PED-04817,28/08/2023,CLI-0094,app,Campinas,SP,Moda,Camiseta Básica Algodão,2,92.76,"R$ 15,34",devolvido,08/09/2023
PED-00319,2023-10-22,CLI-1166,app,PORTO ALEGRE,RS,Beleza,Perfume Importado 100ml,1,451.64,"R$ 0,00",entregue,2023-11-06
PED-04878,2024-07-11,CLI-0466,site,Brasília,DF,Esporte,Camiseta Dry Fit,3,126.14,"R$ 0,00",entregue,2024-07-20
PED-00993,2024-09-30,CLI-1245,marketplace,Curitiba,PR,Beleza,Perfume Importado 100ml,1,580.68,"R$ 0,00",Entregue,2024-10-17
PED-04017,2023-09-10,CLI-0346,site,,SP,Eletrônicos,Caixa de Som Portátil,4,240.65,"R$ 0,00",entregue,2023-09-16
PED-03146,2024-06-12,CLI-0874,app,Brasília,DF,Beleza,Secador de Cabelo 2000W,1,338.26,"R$ 0,00",em transporte,
PED-00009,2023-05-16,CLI-0635,marketplace,Fortaleza,CE,Beleza,Perfume Importado 100ml,2,378.55,"R$ 0,00",entregue,2023-05-23
PED-00072,2023-12-22,CLI-0413,app,Campinas,SP,Eletrônicos,Webcam Full HD,4,384.04,"R$ 0,00",entregue,2024-01-02
PED-02694,2024-12-26,CLI-1330,site,Fortaleza,CE,casa & decoracao,Quadro Decorativo Abstrato,3,129.92,"R$ 0,00",entregue,2025-01-05
PED-00638,04/08/2024,CLI-1057,site,Porto Alegre,RS,Moda,"Mochila Notebook 15""",1,141.65,"R$ 21,65",entregue,11/08/2024
PED-04867,2023-10-18,CLI-0164,site,CAMPINAS,SP,Beleza,Perfume Importado 100ml,2,532.21,"R$ 0,00",entregue,2023-10-21
PED-04796,05/07/2023,CLI-0888,marketplace,Belo Horizonte,MG,Eletrônicos,Carregador Turbo 30W,4,83.76,"R$ 0,00",EM TRANSPORTE,
PED-01632,2024-11-07,CLI-1387,site,  Ribeirão Preto ,SP,Casa & Decoração,"Tapete Sala 1,5m",3,384.36,"R$ 0,00",em transporte,
PED-02877,2023-10-02,CLI-0631,app,Ribeirão Preto,SP,Moda,Boné Aba Curva,1,58.26,"R$ 17,10",entregue,2023-10-05
PED-00229,2024-06-08,CLI-0580,site,São Paulo,SP,Moda,"Mochila Notebook 15""",2,177.12,"R$ 0,00",entregue,2024-06-16
PED-02810,2023-06-20,CLI-1269,site,Recife,PE,Beleza,Perfume Importado 100ml,3,581.38,"R$ 0,00",devolvido,2023-06-27
PED-00802,2023-11-05,CLI-0814,app,Salvador,BA,Moda,Camiseta Básica Algodão,1,61.2,"R$ 31,39",Entregue,2023-11-14
PED-04553,2023-01-02,CLI-1121,marketplace,Fortaleza,CE,Moda,"Mochila Notebook 15""",1,284.86,"R$ 30,66",em transporte,
PED-03079,2024-05-22,CLI-0690,marketplace,FORTALEZA,CE,Beleza,Base Líquida Matte,1,136.87,"R$ 27,61",entregue,2024-06-07
PED-01627,2023-12-01,CLI-1384,marketplace,Curitiba,PR,Casa & Decoração,"Tapete Sala 1,5m",3,214.96,"R$ 0,00",entregue,2023-12-10
PED-04363,26/06/2024,CLI-0525,site,Recife,PE,Esporte,Corda de Pular Speed,4,47.84,"R$ 30,62",entregue,08/07/2024
PED-00141,2024-02-23,CLI-1217,site,São Paulo,SP,Eletrônicos,Caixa de Som Portátil,4,461.62,"R$ 0,00",entregue,2024-02-27
PED-04905,2024-08-02,CLI-0062,app,Rio de Janeiro,RJ,Beleza,Base Líquida Matte,2,125.62,"R$ 22,00",cancelado,
PED-02736,30/01/2024,CLI-1383,marketplace,Porto Alegre,RS,casa & decoracao,"Tapete Sala 1,5m",2,392.67,"R$ 0,00",entregue,12/02/2024
PED-01260,2024-12-30,CLI-0624,site,Campinas,SP,eletronicos,Fone Bluetooth TWS,1,218.24,"R$ 12,37",entregue,2025-01-06
PED-02816,2024-04-18,CLI-1197,app,Porto Alegre,RS,Esporte,Corda de Pular Speed,4,42.14,"R$ 24,64",em transporte,
PED-03409,2024-03-10,CLI-0908,site,Fortaleza,CE,Moda,"Mochila Notebook 15""",1,308.28,"R$ 0,00",em transporte,
PED-00537,2024-03-24,CLI-0428,site,Brasília,DF,Beleza,Kit Skincare Facial,0,219.78,"R$ 0,00",entregue,2024-04-09
PED-00410,2024-12-31,CLI-0445,site,Rio de Janeiro,RJ,eletronicos,Smartwatch Fit,4,,"R$ 0,00",entregue,2025-01-09
PED-02926,10/05/2024,CLI-1361,marketplace,Porto Alegre,RS,Eletrônicos,Smartwatch Fit,2,742.33,"R$ 0,00",entregue,17/05/2024
PED-02973,2023-05-16,CLI-0082,app,São Paulo,SP,Moda,Boné Aba Curva,2,70.09,"R$ 19,04",entregue,2023-05-27
PED-02277,2024-04-16,CLI-0687,app,São Paulo,SP,Moda,"Mochila Notebook 15""",1,302.63,"R$ 0,00",entregue,2024-04-20
PED-04992,2024-11-05,CLI-1195,site,Goiânia,GO,Beleza,Perfume Importado 100ml,1,605.15,"R$ 0,00",CANCELADO,
PED-04507,2023-12-24,CLI-1298,site,Rio de Janeiro,RJ,,"Tapete Sala 1,5m",1,312.86,"R$ 0,00",entregue,2023-12-30
PED-04234,2024-09-16,CLI-1164,site,Rio de Janeiro,RJ,Casa & Decoração,Vaso Decorativo Cerâmica,1,162.04,"R$ 18,09",entregue,2024-09-23
PED-03257,2023-04-22,CLI-0416,app,Salvador,BA,casa & decoracao,Vaso Decorativo Cerâmica,2,53.95,"R$ 32,32",entregue,2023-04-29
PED-01615,2024-10-27,CLI-0735,site,São Paulo,SP,Eletrônicos,Fone Bluetooth TWS,2,355.48,"R$ 0,00",entregue,2024-11-04
PED-04859,2023-01-27,CLI-0352,marketplace,  Salvador ,BA,Moda,Tênis Casual Masculino,1,214.73,"R$ 26,28",entregue,2023-02-05
PED-03894,23/03/2024,CLI-1370,site,Curitiba,PR,Eletrônicos,Webcam Full HD,3,337.07,"R$ 0,00",entregue,06/04/2024
PED-04950,19/07/2024,CLI-0993,site,São Paulo,SP,CASA & DECORAÇÃO,"Tapete Sala 1,5m",2,236.56,"R$ 0,00",entregue,27/07/2024
PED-04458,2024-05-06,CLI-0099,app,São Paulo,SP,Moda,Jaqueta Jeans,3,144.85,"R$ 0,00",cancelado,
PED-03149,2024-11-06,CLI-0261,app,Fortaleza,CE,Moda,Boné Aba Curva,2,63.3,"R$ 33,26",Devolvido,2024-11-13
PED-00836,24/04/2024,CLI-0207,site,São Paulo,SP,Beleza,Secador de Cabelo 2000W,1,371.71,"R$ 0,00",Devolvido,06/05/2024
PED-00564,2024-06-11,CLI-1372,site,SÃO PAULO,SP,Eletrônicos,Webcam Full HD,2,176.79,"R$ 0,00",entregue,2024-06-24
PED-04231,21/12/2024,CLI-0151,app,Porto Alegre,RS,Esporte,Corda de Pular Speed,3,40.1,"R$ 29,20",entregue,03/01/2025
PED-01935,2024-08-03,CLI-0168,site,Porto Alegre,RS,Moda,Boné Aba Curva,4,95.03,"R$ 0,00",Entregue,2024-08-14
PED-04791,2024-02-27,CLI-1032,site,Porto Alegre,RS,Moda,Boné Aba Curva,4,63.31,"R$ 21,36",ENTREGUE,2024-03-16
PED-02463,2023-04-10,CLI-0508,site,são paulo,SP,Eletrônicos,Webcam Full HD,1,275.87,"R$ 14,98",entregue,2023-04-21
PED-04606,2023-11-07,CLI-0566,app,Rio de Janeiro,RJ,Eletrônicos,Webcam Full HD,1,252.28,"R$ 23,40",Entregue,2023-11-12
PED-04171,2024-12-15,CLI-1352,site,Goiânia,GO,Beleza,Perfume Importado 100ml,1,605.59,"R$ 0,00",EM TRANSPORTE,
PED-04036,2023-12-13,CLI-0888,app,Salvador,BA,casa & decoracao,Vaso Decorativo Cerâmica,4,97.99,"R$ 0,00",cancelado,
PED-03771,2024-12-06,CLI-0090,site,São Paulo,,ELETRÔNICOS,Fone Bluetooth TWS,2,249.16,"R$ 0,00",entregue,2024-12-17
PED-01471,05/12/2024,CLI-1307,app,Curitiba,PR,Beleza,Secador de Cabelo 2000W,4,277.61,"R$ 0,00",devolvido,12/12/2024
PED-03706,2023-06-07,CLI-0465,app,RECIFE,PE,Casa & Decoração,"Tapete Sala 1,5m",4,280.91,"R$ 0,00",Entregue,2023-06-17
PED-01214,2023-12-09,CLI-1388,site,Rio de Janeiro,RJ,Moda,Jaqueta Jeans,4,318.09,"R$ 0,00",entregue,2023-12-13
PED-02849,2024-09-12,CLI-0158,site,Salvador,BA,Beleza,Secador de Cabelo 2000W,4,332.47,"R$ 0,00",entregue,2024-09-30
PED-00442,2023-06-09,CLI-0859,marketplace,Salvador,BA,CASA & DECORAÇÃO,Jogo de Toalhas 4 peças,1,189.57,"R$ 31,82",entregue,2023-06-26
PED-00265,2024-11-28,CLI-0421,marketplace,CAMPINAS,SP,Casa & Decoração,Luminária de Mesa LED,2,142.65,"R$ 14,84",entregue,2024-12-10
PED-02429,07/06/2024,CLI-1245,site,Curitiba,PR,Casa & Decoração,Quadro Decorativo Abstrato,1,123.82,"R$ 20,61",entregue,17/06/2024
PED-03575,2023-11-07,CLI-0422,app,São Paulo,SP,Beleza,Perfume Importado 100ml,1,619.9,"R$ 0,00",Entregue,2023-11-20
PED-03814,12/03/2023,CLI-1359,marketplace,Campinas,SP,Beleza,Base Líquida Matte,2,135.49,"R$ 13,09",entregue,21/03/2023
PED-04084,2023-11-01,CLI-0099,app,Ribeirão Preto,SP,Eletrônicos,Fone Bluetooth TWS,1,263.75,"R$ 13,22",ENTREGUE,2023-11-07
PED-00063,2024-04-23,CLI-1104,site,Recife,PE,Esporte,Corda de Pular Speed,1,35.07,"R$ 29,98",Entregue,2024-05-11
PED-02473,2024-08-11,CLI-0554,site,São Paulo,SP,Esporte,Tapete de Yoga 6mm,4,145.8,"R$ 0,00",entregue,2024-08-14
PED-02134,01/12/2024,CLI-0495,site,Belo Horizonte,MG,Beleza,Kit Skincare Facial,1,89.56,"R$ 20,04",ENTREGUE,04/12/2024
PED-00871,27/08/2024,CLI-0616,marketplace,SALVADOR,BA,Esporte,Camiseta Dry Fit,2,,"R$ 26,72",entregue,06/09/2024
PED-02393,2023-11-25,CLI-0261,marketplace,Ribeirão Preto,SP,Moda,Boné Aba Curva,1,58.5,"R$ 13,24",entregue,2023-11-28
PED-00717,2024-04-21,CLI-1311,app,Rio de Janeiro,RJ,Eletrônicos,Smartwatch Fit,1,377.74,"R$ 0,00",entregue,2024-04-25
PED-00725,2023-04-23,CLI-1026,site,Brasilia,DF,Eletrônicos,Carregador Turbo 30W,2,84.28,"R$ 26,01",cancelado,
PED-03987,11/08/2023,CLI-0402,app,  Rio de Janeiro ,RJ,Moda,Camiseta Básica Algodão,2,73.87,"R$ 24,87",entregue,20/08/2023
PED-04293,26/03/2023,CLI-1326,app,São Paulo,SP,ELETRÔNICOS,Fone Bluetooth TWS,1,388.36,"R$ 0,00",entregue,29/03/2023
PED-03154,12/05/2023,CLI-0274,marketplace,Rio de Janeiro,RJ,moda,"Mochila Notebook 15""",1,271.48,"R$ 19,54",Entregue,23/05/2023
PED-01441,2023-08-28,CLI-0984,site,São Paulo,SP,Moda,"Mochila Notebook 15""",1,297.14,"R$ 10,24",devolvido,2023-09-10
PED-03827,2023-09-29,CLI-0264,app,Rio de Janeiro,RJ,Casa & Decoração,Vaso Decorativo Cerâmica,4,88.01,"R$ 0,00",entregue,2023-10-04
PED-02563,2024-08-29,CLI-0601,site,Recife,PE,Eletrônicos,Carregador Turbo 30W,2,79.42,"R$ 31,43",entregue,2024-09-16
PED-01328,23/04/2024,CLI-0577,app,Fortaleza,CE,Eletrônicos,Smartwatch Fit,3,594.97,"R$ 0,00",entregue,04/05/2024
PED-01659,2023-12-17,CLI-0352,site,Campinas,SP,Moda,Boné Aba Curva,1,47.58,"R$ 13,60",entregue,2023-12-29
PED-04815,2024-01-03,CLI-0734,app,Campinas,SP,Casa & Decoração,"Tapete Sala 1,5m",1,298.39,"R$ 18,38",entregue,2024-01-17
PED-00909,2023-09-12,CLI-0986,site,Recife,PE,Moda,Camiseta Básica Algodão,1,70.5,"R$ 30,31",Entregue,2023-09-29
PED-04165,2024-06-12,CLI-1245,site,goiânia,GO,Casa & Decoração,Luminária de Mesa LED,2,170.99,"R$ 0,00",entregue,2024-06-29
PED-02190,2024-12-02,CLI-0531,site,rio de janeiro,RJ,MODA,Camiseta Básica Algodão,2,88.07,"R$ 23,98",cancelado,
PED-00020,2024-06-07,CLI-1027,marketplace,Campinas,,Eletrônicos,Carregador Turbo 30W,2,128.16,"R$ 15,15",Entregue,2024-06-12
PED-02904,2024-12-30,CLI-0688,app,  São Paulo ,SP,Moda,Camiseta Básica Algodão,2,52.68,"R$ 15,62",entregue,2025-01-07
PED-00750,2024-10-31,CLI-1251,app,,PR,Eletrônicos,Fone Bluetooth TWS,2,343.57,"R$ 0,00",devolvido,2024-11-13
PED-00315,2023-11-28,CLI-1281,site,  Brasília ,DF,Eletrônicos,Smartwatch Fit,1,840.67,"R$ 0,00",entregue,2023-12-11
PED-00626,24/12/2023,CLI-0715,site,Recife,PE,Moda,Tênis Casual Masculino,3,425.45,"R$ 0,00",entregue,01/01/2024
PED-02894,2024-05-23,CLI-0005,site,Brasilia,DF,Moda,Boné Aba Curva,2,46.27,"R$ 26,40",em transporte,
PED-03371,2024-11-18,CLI-0546,site,Rio de Janeiro,RJ,Eletrônicos,Fone Bluetooth TWS,2,332.28,"R$ 0,00",entregue,2024-11-27
PED-03541,2024-11-17,CLI-0463,site,Ribeirão Preto,SP,Esporte,Halter Emborrachado 5kg,4,153.85,"R$ 0,00",entregue,2024-11-21
PED-03112,14/09/2023,CLI-0931,marketplace,Ribeirão Preto,SP,Eletrônicos,Smartwatch Fit,4,511.45,"R$ 0,00",entregue,26/09/2023
PED-04199,28/06/2023,CLI-0670,app,Ribeirao Preto,SP,Moda,"Mochila Notebook 15""",3,292.51,"R$ 0,00",Entregue,02/07/2023
PED-02074,05/11/2024,CLI-0503,site,Rio de Janeiro,RJ,Eletrônicos,Fone Bluetooth TWS,4,153.97,"R$ 0,00",devolvido,18/11/2024
PED-03390,2023-09-27,CLI-0633,site,Curitiba,PR,Esporte,Camiseta Dry Fit,1,115.51,"R$ 23,98",entregue,2023-10-13
PED-04777,2024-01-05,CLI-0150,site,Rio de Janeiro,RJ,Casa & Decoração,Quadro Decorativo Abstrato,1,117.74,"R$ 24,14",ENTREGUE,2024-01-11
PED-00135,2024-05-11,CLI-1048,site,São Paulo,SP,Moda,Jaqueta Jeans,1,140.71,"R$ 15,34",entregue,2024-05-22
PED-04554,2024-07-08,CLI-0063,site,Porto Alegre,RS,Beleza,Kit Skincare Facial,2,99.1,"R$ 27,42",entregue,2024-07-23
PED-01682,2024-10-17,CLI-0586,app,Salvador,BA,Beleza,Kit Skincare Facial,1,259.95,"R$ 28,93",cancelado,
PED-00244,2024-03-28,CLI-0089,marketplace,Rio de Janeiro,RJ,Casa & Decoração,Quadro Decorativo Abstrato,3,186.22,"R$ 0,00",devolvido,2024-04-08
PED-04090,2023-07-02,CLI-1084,site,São Paulo,SP,Casa & Decoração,Vaso Decorativo Cerâmica,2,77.88,"R$ 9,21",entregue,2023-07-05
PED-03158,2023-03-07,CLI-1330,site,Porto Alegre,RS,Moda,Boné Aba Curva,4,74.25,"R$ 19,80",cancelado,
PED-01051,2024-07-02,CLI-0909,marketplace,Salvador,BA,Moda,Boné Aba Curva,2,74.23,"R$ 25,59",entregue,2024-07-10
PED-02779,19/09/2023,CLI-1396,app,Rio de Janeiro,RJ,ESPORTE,Corda de Pular Speed,3,,"R$ 21,70",entregue,02/10/2023
PED-04903,03/07/2023,CLI-0080,app,Fortaleza,CE,Casa & Decoração,Luminária de Mesa LED,4,188.58,"R$ 0,00",entregue,14/07/2023
PED-01999,2024-11-02,CLI-0577,app,São Paulo,SP,Beleza,Secador de Cabelo 2000W,3,299.15,"R$ 0,00",entregue,2024-11-15
PED-01143,2024-10-25,CLI-0511,site,Salvador,BA,Casa & Decoração,Jogo de Toalhas 4 peças,1,164.45,"R$ 29,56",Entregue,2024-11-09
PED-01128,2024-07-15,CLI-1377,app,Fortaleza,CE,Beleza,Secador de Cabelo 2000W,2,355.51,"R$ 0,00",devolvido,2024-07-24
PED-02548,2023-06-27,CLI-1314,site,Curitiba,PR,Moda,"Mochila Notebook 15""",2,168.57,"R$ 0,00",entregue,2023-07-11
PED-00124,26/12/2023,CLI-0718,site,São Paulo,SP,Esporte,Corda de Pular Speed,3,49.79,"R$ 18,90",entregue,31/12/2023
PED-01492,2024-10-18,CLI-0849,app,Belo Horizonte,MG,Casa & Decoração,Luminária de Mesa LED,1,84.96,"R$ 15,86",entregue,2024-10-26
PED-02823,04/03/2023,CLI-0097,site,Fortaleza,,Eletrônicos,Carregador Turbo 30W,1,105.53,"R$ 36,47",entregue,18/03/2023
PED-00408,2024-10-28,CLI-0459,site,RIO DE JANEIRO,RJ,Casa & Decoração,Quadro Decorativo Abstrato,1,75.29,"R$ 13,20",Entregue,2024-10-31
PED-01235,2023-08-05,CLI-0606,site,Fortaleza,CE,Casa & Decoração,Quadro Decorativo Abstrato,2,144.88,"R$ 37,38",entregue,2023-08-16
PED-00881,22/12/2023,CLI-0369,app,Porto Alegre,RS,Eletrônicos,Webcam Full HD,1,342.33,"R$ 0,00",entregue,29/12/2023
PED-02053,2024-01-24,CLI-0027,app,  São Paulo ,SP,Casa & Decoração,Jogo de Toalhas 4 peças,3,213.73,"R$ 0,00",entregue,2024-02-03
PED-02224,2023-07-13,CLI-0475,marketplace,Belo Horizonte,MG,Beleza,Secador de Cabelo 2000W,1,250.76,"R$ 22,34",devolvido,2023-07-19
PED-00203,2024-03-06,CLI-0909,site,  Belo Horizonte ,MG,Esporte,Tapete de Yoga 6mm,4,158.21,"R$ 0,00",entregue,2024-03-15
PED-00029,2023-06-09,CLI-1109,site,Porto Alegre,RS,Eletrônicos,Caixa de Som Portátil,2,328.76,"R$ 0,00",entregue,2023-06-16
PED-02621,13/11/2024,CLI-0933,app,Ribeirão Preto,SP,Beleza,Perfume Importado 100ml,1,260.52,"R$ 8,70",entregue,26/11/2024
PED-04182,2023-05-15,CLI-0820,marketplace,Salvador,BA,Eletrônicos,Webcam Full HD,1,332.43,"R$ 0,00",Entregue,2023-05-30
PED-02489,2023-05-01,CLI-0307,app,  São Paulo ,SP,Moda,Tênis Casual Masculino,1,317.9,"R$ 0,00",entregue,2023-05-08
PED-04894,27/09/2023,CLI-0261,app,Curitiba,PR,Eletrônicos,Smartwatch Fit,3,623.7,"R$ 0,00",entregue,12/10/2023
PED-01264,2024-12-10,CLI-1092,app,BELO HORIZONTE,MG,Eletrônicos,Webcam Full HD,3,281.23,"R$ 0,00",entregue,2024-12-20
PED-01278,2023-04-23,CLI-0533,site,Campinas,SP,Beleza,Base Líquida Matte,1,114.21,"R$ 9,14",em transporte,
PED-02872,28/01/2024,CLI-0147,site,São Paulo,SP,Casa & Decoração,Jogo de Toalhas 4 peças,1,124.77,"R$ 12,46",entregue,09/02/2024
PED-04413,26/08/2024,CLI-0529,site,São Paulo,SP,Casa & Decoração,"Tapete Sala 1,5m",3,416.84,"R$ 0,00",cancelado,
PED-02934,2024-11-15,CLI-0566,marketplace,Goiânia,GO,Esporte,Tapete de Yoga 6mm,3,100.35,"R$ 0,00",entregue,2024-12-03
PED-00912,2024-11-13,CLI-0904,site,São Paulo,SP,Casa & Decoração,Quadro Decorativo Abstrato,2,152.88,"R$ 0,00",entregue,2024-11-16
PED-04774,2024-01-19,CLI-0892,site,Fortaleza,CE,Beleza,Secador de Cabelo 2000W,3,205.6,"R$ 0,00",entregue,2024-01-26
PED-04932,2024-06-05,CLI-0383,marketplace,Porto Alegre,RS,Eletrônicos,Fone Bluetooth TWS,4,309.1,"R$ 0,00",entregue,2024-06-19
PED-04360,2024-08-25,CLI-0393,site,Fortaleza,CE,Beleza,Kit Skincare Facial,1,273.2,"R$ 33,90",entregue,2024-09-12
PED-03519,07/04/2024,CLI-0514,marketplace,Campinas,SP,Moda,Camiseta Básica Algodão,1,42.18,"R$ 11,57",Entregue,12/04/2024
PED-04929,2024-08-06,CLI-1266,app,  Goiânia ,GO,casa & decoracao,Vaso Decorativo Cerâmica,4,72.5,"R$ 25,12",entregue,2024-08-15
PED-01091,2023-09-01,CLI-0201,app,BELO HORIZONTE,MG,Moda,"Mochila Notebook 15""",3,221.87,"R$ 0,00",ENTREGUE,2023-09-11
PED-02883,11/04/2024,CLI-0851,marketplace,Belo Horizonte,MG,Eletrônicos,Webcam Full HD,1,299.2,"R$ 20,42",entregue,20/04/2024
PED-04990,23/04/2023,CLI-0331,site,Rio de Janeiro,RJ,Beleza,Perfume Importado 100ml,3,426.3,"R$ 0,00",Em transporte,
PED-03761,2024-12-27,CLI-0352,app,Salvador,BA,Eletrônicos,Webcam Full HD,1,245.91,"R$ 26,64",entregue,2025-01-05
PED-00965,2024-12-11,CLI-0147,app,  Goiânia ,GO,Moda,Tênis Casual Masculino,2,281.17,"R$ 0,00",entregue,2024-12-27
PED-00543,29/10/2024,CLI-0198,marketplace,Belo Horizonte,MG,Eletrônicos,Caixa de Som Portátil,4,258.78,"R$ 0,00",entregue,02/11/2024
PED-04739,2023-05-19,CLI-1325,marketplace,São Paulo,SP,casa & decoracao,Jogo de Toalhas 4 peças,1,210.5,"R$ 16,31",entregue,2023-05-29
PED-00915,2024-12-24,CLI-1264,app,Goiânia,,Beleza,Perfume Importado 100ml,1,562.56,"R$ 0,00",entregue,2025-01-04
PED-02259,2023-03-09,CLI-0199,site,Fortaleza,CE,Eletrônicos,Fone Bluetooth TWS,2,334.92,"R$ 0,00",entregue,2023-03-19
PED-04291,2023-04-04,CLI-1002,marketplace,São Paulo,,Eletrônicos,Webcam Full HD,2,176.15,"R$ 0,00",entregue,2023-04-10
PED-03914,2023-12-09,CLI-0729,app,São Paulo,SP,Eletrônicos,Smartwatch Fit,2,494.92,"R$ 0,00",entregue,2023-12-18
PED-01462,2024-04-05,CLI-0497,marketplace,rio de janeiro,RJ,Casa & Decoração,Jogo de Toalhas 4 peças,1,208.01,"R$ 19,17",entregue,2024-04-16
PED-00459,2024-09-24,CLI-1042,site,Recife,PE,Casa & Decoração,Quadro Decorativo Abstrato,1,163.62,"R$ 28,52",entregue,2024-10-02
PED-04904,2024-11-13,CLI-0565,app,Curitiba,PR,Eletrônicos,Fone Bluetooth TWS,1,190.22,"R$ 23,78",cancelado,
PED-04453,2024-06-22,CLI-0255,site,Belo Horizonte,MG,Eletrônicos,Fone Bluetooth TWS,1,163.88,"R$ 22,15",cancelado,
PED-03358,2024-02-18,CLI-1226,marketplace,Rio de Janeiro,RJ,Esporte,Tapete de Yoga 6mm,1,196.27,"R$ 24,56",entregue,2024-03-03
PED-02308,2024-01-06,CLI-0329,app,Porto Alegre,RS,Casa & Decoração,Jogo de Toalhas 4 peças,2,220.59,"R$ 0,00",entregue,2024-01-18
PED-03352,2023-05-06,CLI-0547,app,curitiba,PR,Esporte,Tapete de Yoga 6mm,1,101.37,"R$ 23,72",entregue,2023-05-17
PED-02450,2024-05-07,CLI-0410,marketplace,São Paulo,SP,Eletrônicos,Carregador Turbo 30W,2,100.18,"R$ 20,99",devolvido,2024-05-14
PED-04942,2023-03-04,CLI-0392,site,Porto Alegre,RS,Eletrônicos,Smartwatch Fit,3,656.17,"R$ 0,00",entregue,2023-03-21
PED-02947,2023-11-08,CLI-1034,marketplace,Brasília,DF,Eletrônicos,Carregador Turbo 30W,4,122.63,"R$ 0,00",entregue,2023-11-23
PED-02209,2023-06-11,CLI-0264,site,Brasília,DF,Eletrônicos,Fone Bluetooth TWS,3,339.2,"R$ 0,00",devolvido,2023-06-19
PED-02517,2023-05-31,CLI-0508,app,  Salvador ,BA,Moda,Tênis Casual Masculino,2,207.49,"R$ 0,00",entregue,2023-06-12
PED-03241,2024-11-20,CLI-0147,site,Curitiba,PR,moda,Camiseta Básica Algodão,4,83.43,"R$ 0,00",entregue,2024-12-07
PED-04103,2024-04-19,CLI-1300,site,Belo Horizonte,MG,Moda,"Mochila Notebook 15""",2,169.64,"R$ 0,00",entregue,2024-05-03
PED-02181,2024-09-24,CLI-0555,site,Rio de Janeiro,RJ,esporte,Camiseta Dry Fit,2,59.67,"R$ 20,33",entregue,2024-10-05
PED-03857,2024-10-07,CLI-1227,site,Belo Horizonte,MG,Esporte,Camiseta Dry Fit,1,120.74,"R$ 21,18",em transporte,
PED-02699,2023-12-13,CLI-0330,app,Belo Horizonte,MG,Casa & Decoração,Vaso Decorativo Cerâmica,1,102.08,"R$ 20,77",entregue,2023-12-17
PED-01461,2024-09-15,CLI-0690,site,  Belo Horizonte ,MG,BELEZA,Kit Skincare Facial,1,215.55,"R$ 21,77",entregue,2024-09-20
PED-02456,2024-04-02,CLI-0469,site,Campinas,SP,,Kit Skincare Facial,2,102.99,"R$ 14,97",entregue,2024-04-09
PED-02381,2024-11-02,CLI-0261,app,Campinas,SP,Beleza,Perfume Importado 100ml,4,580.07,"R$ 0,00",cancelado,
PED-04474,2023-02-17,CLI-0898,site,São Paulo,SP,Beleza,Kit Skincare Facial,1,147.24,"R$ 14,58",entregue,2023-02-21
PED-04385,2024-10-31,CLI-0423,app,Porto Alegre,RS,Casa & Decoração,Jogo de Toalhas 4 peças,3,158.24,"R$ 0,00",entregue,2024-11-13
PED-03952,14/12/2024,CLI-1122,app,Curitiba,PR,Moda,Jaqueta Jeans,4,303.48,"R$ 0,00",Entregue,29/12/2024
PED-04148,18/07/2024,CLI-0612,site,São Paulo,SP,Eletrônicos,Caixa de Som Portátil,1,475.29,"R$ 0,00",entregue,22/07/2024
PED-02803,12/03/2023,CLI-0335,site,Belo Horizonte,MG,Beleza,Base Líquida Matte,3,142.02,"R$ 0,00",entregue,15/03/2023
PED-04056,2024-11-03,CLI-0837,marketplace,Rio de Janeiro,RJ,Moda,Camiseta Básica Algodão,2,43.41,"R$ 19,14",entregue,2024-11-08
PED-03003,2023-09-05,CLI-1328,site,  Ribeirão Preto ,SP,Eletrônicos,Webcam Full HD,1,338.86,"R$ 0,00",CANCELADO,
PED-04085,2024-04-04,CLI-0469,marketplace,Ribeirão Preto,SP,Moda,Boné Aba Curva,4,79.14,"R$ 0,00",cancelado,
PED-01778,2024-01-19,CLI-0217,site,Campinas,SP,Moda,Camiseta Básica Algodão,1,59.49,"R$ 14,98",entregue,2024-02-02
PED-03915,2023-12-15,CLI-0271,site,Belo Horizonte,MG,Casa & Decoração,Vaso Decorativo Cerâmica,1,116.63,"R$ 20,44",entregue,2023-12-27
PED-02228,2023-03-18,CLI-1015,app,Brasília,DF,Beleza,Base Líquida Matte,4,97.5,"R$ 0,00",entregue,2023-03-26
PED-01556,2024-09-09,CLI-0039,site,BELO HORIZONTE,MG,Moda,Tênis Casual Masculino,1,214.33,"R$ 21,67",devolvido,2024-09-21
PED-00279,2024-11-12,CLI-0055,site,Curitiba,PR,Eletrônicos,Webcam Full HD,1,172.02,"R$ 21,81",ENTREGUE,2024-11-29
PED-03489,2023-07-31,CLI-0380,marketplace,Curitiba,PR,Moda,Jaqueta Jeans,2,-281.84,"R$ 0,00",entregue,2023-08-16
PED-01622,19/03/2024,CLI-1376,site,Ribeirão Preto,SP,Esporte,Halter Emborrachado 5kg,1,106.5,"R$ 19,04",cancelado,
PED-00693,2023-08-27,CLI-0570,site,Fortaleza,CE,eletronicos,Webcam Full HD,4,265.58,"R$ 0,00",entregue,2023-09-10
PED-03065,2023-12-02,CLI-0345,site,Rio de Janeiro,RJ,Beleza,Kit Skincare Facial,1,113.07,"R$ 25,56",cancelado,
PED-01170,2023-04-13,CLI-0950,site,São Paulo,SP,Casa & Decoração,Quadro Decorativo Abstrato,2,188.58,"R$ 0,00",entregue,2023-04-18
PED-03877,03/01/2023,CLI-0307,site,SÃO PAULO,SP,Eletrônicos,Caixa de Som Portátil,1,-342.72,"R$ 0,00",entregue,07/01/2023
PED-01365,2024-02-01,CLI-0975,site,Curitiba,PR,Eletrônicos,Carregador Turbo 30W,1,75.65,"R$ 25,19",entregue,2024-02-09
PED-04303,2024-12-30,CLI-0423,app,SÃO PAULO,SP,Moda,Boné Aba Curva,3,103.88,"R$ 0,00",ENTREGUE,2025-01-07
PED-01966,2023-03-26,CLI-0395,site,Curitiba,PR,Casa & Decoração,Quadro Decorativo Abstrato,4,182.98,"R$ 0,00",entregue,2023-04-03
PED-03760,19/06/2023,CLI-0286,site,Belo Horizonte,MG,Moda,Jaqueta Jeans,3,266.13,"R$ 0,00",entregue,24/06/2023
PED-01401,2024-01-17,CLI-0303,site,GOIÂNIA,GO,Beleza,Kit Skincare Facial,1,240.69,"R$ 31,78",em transporte,
PED-02585,2023-01-05,CLI-0543,site,Recife,PE,Beleza,Secador de Cabelo 2000W,1,330.07,"R$ 0,00",entregue,2023-01-18
PED-01371,2023-04-17,CLI-1365,site,Belo Horizonte,,Moda,Tênis Casual Masculino,3,347.56,"R$ 0,00",entregue,2023-05-01
PED-04899,17/11/2024,CLI-1027,site,Porto Alegre,RS,Eletrônicos,Webcam Full HD,1,292.28,"R$ 23,69",entregue,29/11/2024
PED-02464,2024-05-12,CLI-0675,site,São Paulo,SP,Beleza,Kit Skincare Facial,1,114.35,"R$ 15,93",ENTREGUE,2024-05-22
PED-01883,2023-12-22,CLI-0269,app,Rio de Janeiro,RJ,Moda,Jaqueta Jeans,3,313.13,"R$ 0,00",entregue,2024-01-03
PED-03615,2024-05-18,CLI-1133,site,Recife,PE,Casa & Decoração,Vaso Decorativo Cerâmica,1,171.91,"R$ 31,17",entregue,2024-05-29
PED-04245,2024-08-07,CLI-0105,site,São Paulo,SP,Beleza,Secador de Cabelo 2000W,1,214.02,"R$ 10,07",entregue,2024-08-19
PED-03942,2023-07-09,CLI-0271,app,São Paulo,SP,Casa & Decoração,Jogo de Toalhas 4 peças,4,175.26,"R$ 0,00",entregue,2023-07-19
PED-02472,2024-11-08,CLI-1046,app,Curitiba,,,Quadro Decorativo Abstrato,1,183.94,"R$ 28,06",entregue,2024-11-25
PED-04154,2024-02-12,CLI-1064,site,Recife,PE,Esporte,Garrafa Térmica 1L,1,110.91,"R$ 32,85",entregue,2024-02-29
PED-02720,17/04/2024,CLI-0192,site,Brasília,DF,Beleza,Kit Skincare Facial,2,200.91,"R$ 0,00",entregue,02/05/2024
PED-04516,2023-10-25,CLI-0956,app,PORTO ALEGRE,RS,Casa & Decoração,Quadro Decorativo Abstrato,1,59.09,"R$ 28,19",entregue,2023-11-01
PED-02651,2024-12-29,CLI-0747,site,Ribeirão Preto,SP,Casa & Decoração,Vaso Decorativo Cerâmica,2,154.18,"R$ 0,00",devolvido,2025-01-01
PED-01467,2024-01-09,CLI-1269,app,campinas,SP,Esporte,Garrafa Térmica 1L,1,-99.55,"R$ 9,30",entregue,2024-01-17
PED-00479,2024-06-09,CLI-0352,app,  Curitiba ,PR,Casa & Decoração,Vaso Decorativo Cerâmica,2,165.34,"R$ 0,00",Entregue,2024-06-17
PED-04862,16/11/2024,CLI-0316,site,Brasília,DF,Moda,Jaqueta Jeans,2,256.89,"R$ 0,00",entregue,24/11/2024
PED-02812,2024-11-11,CLI-0577,app,São Paulo,SP,Esporte,Corda de Pular Speed,1,63.08,"R$ 15,78",devolvido,2024-11-22
PED-03561,2024-08-02,CLI-0261,app,Belo Horizonte,MG,Eletrônicos,Fone Bluetooth TWS,4,359.86,"R$ 0,00",Entregue,2024-08-09
PED-02379,2023-05-21,CLI-1002,app,Porto Alegre,RS,Eletrônicos,Smartwatch Fit,2,840.46,"R$ 0,00",entregue,2023-06-02
PED-01867,2024-12-03,CLI-0286,marketplace,Goiânia,GO,Esporte,Tapete de Yoga 6mm,1,128.45,"R$ 28,09",entregue,2024-12-14
PED-03342,2024-10-18,CLI-1272,app,Belo Horizonte,MG,Moda,Tênis Casual Masculino,2,326.0,"R$ 0,00",ENTREGUE,2024-10-29
PED-01006,2023-12-13,CLI-0817,app,São Paulo,SP,Eletrônicos,Fone Bluetooth TWS,4,367.99,"R$ 0,00",entregue,2023-12-19
PED-03040,09/06/2024,CLI-0691,app,Goiânia,GO,Moda,Tênis Casual Masculino,2,235.53,"R$ 0,00",entregue,20/06/2024
PED-03008,01/05/2023,CLI-0217,site,Rio de Janeiro,RJ,Beleza,Perfume Importado 100ml,1,445.24,"R$ 0,00",entregue,04/05/2023
PED-00393,2024-05-09,CLI-0976,marketplace,Rio de Janeiro,RJ,Esporte,Garrafa Térmica 1L,2,76.85,"R$ 26,35",entregue,2024-05-23
PED-00318,15/07/2024,CLI-0884,app,Salvador,BA,Eletrônicos,Carregador Turbo 30W,1,94.92,"R$ 28,65",entregue,26/07/2024
PED-01906,2024-01-17,CLI-0280,app,Recife,PE,Moda,Camiseta Básica Algodão,1,51.5,"R$ 29,56",cancelado,
PED-03994,2023-11-08,CLI-0518,site,Campinas,SP,Esporte,Halter Emborrachado 5kg,2,78.86,"R$ 13,12",entregue,2023-11-14
PED-01624,09/04/2023,CLI-0718,site,Porto Alegre,RS,Esporte,Halter Emborrachado 5kg,2,130.92,"R$ 24,30",entregue,27/04/2023
PED-03239,23/11/2023,CLI-1208,app,Sao Paulo,SP,moda,Camiseta Básica Algodão,2,91.54,"R$ 16,93",em transporte,
PED-02435,2024-07-23,CLI-0870,app,Rio de Janeiro,RJ,Eletrônicos,Webcam Full HD,1,333.96,"R$ 0,00",entregue,2024-08-01
PED-02083,2024-07-11,CLI-0882,site,  Brasília ,DF,moda,"Mochila Notebook 15""",1,284.1,"R$ 24,84",ENTREGUE,2024-07-29
PED-01415,15/05/2023,CLI-0197,app,Porto Alegre,RS,Moda,"Mochila Notebook 15""",1,292.31,"R$ 26,45",entregue,26/05/2023
PED-03032,2023-03-15,CLI-0999,site,recife,PE,Eletrônicos,Webcam Full HD,4,204.54,"R$ 0,00",entregue,2023-03-28
PED-03080,2023-09-26,CLI-0129,marketplace,Belo Horizonte,MG,Moda,Boné Aba Curva,1,108.08,"R$ 17,69",em transporte,
PED-03754,2024-09-01,CLI-1074,app,Campinas,SP,ELETRÔNICOS,Webcam Full HD,1,197.3,"R$ 13,61",entregue,2024-09-06
PED-04439,2023-10-21,CLI-0705,app,Goiânia,GO,Casa & Decoração,Vaso Decorativo Cerâmica,3,144.11,"R$ 0,00",devolvido,2023-11-08
PED-04266,14/03/2024,CLI-0261,site,Campinas,SP,Beleza,Base Líquida Matte,1,53.01,"R$ 17,35",entregue,19/03/2024
PED-01963,2024-04-28,CLI-0950,app,Salvador,BA,Esporte,Corda de Pular Speed,1,53.26,"R$ 35,27",entregue,2024-05-15
PED-00150,2023-01-25,CLI-0357,marketplace,Rio de Janeiro,RJ,Casa & Decoração,Vaso Decorativo Cerâmica,2,150.98,"R$ 0,00",devolvido,2023-02-02
PED-02957,2023-06-11,CLI-0989,app,Ribeirão Preto,SP,Eletrônicos,Carregador Turbo 30W,2,107.01,"R$ 13,97",entregue,2023-06-14
PED-02191,2023-05-05,CLI-0724,site,São Paulo,SP,Beleza,Secador de Cabelo 2000W,1,397.41,"R$ 0,00",entregue,2023-05-09
PED-03084,2024-09-21,CLI-0877,site,São Paulo,SP,Moda,"Mochila Notebook 15""",2,285.45,"R$ 0,00",entregue,2024-09-26
PED-03052,2023-04-18,CLI-0297,site,Curitiba,PR,Casa & Decoração,Luminária de Mesa LED,1,181.67,"R$ 27,56",ENTREGUE,2023-05-04
PED-04916,2024-10-14,CLI-0415,marketplace,Salvador,BA,esporte,Garrafa Térmica 1L,3,,"R$ 29,19",entregue,2024-10-23
PED-02219,2024-12-09,CLI-0615,site,Campinas,SP,Moda,"Mochila Notebook 15""",1,123.16,"R$ 14,41",em transporte,
PED-02365,2024-06-30,CLI-0792,marketplace,São Paulo,SP,Moda,"Mochila Notebook 15""",0,317.66,"R$ 0,00",entregue,2024-07-10
PED-04145,12/02/2024,CLI-0837,app,Belo Horizonte,MG,Moda,Boné Aba Curva,3,103.93,"R$ 0,00",entregue,16/02/2024
PED-01477,10/01/2024,CLI-1188,marketplace,Campinas,SP,Beleza,Perfume Importado 100ml,1,451.23,"R$ 0,00",entregue,20/01/2024
PED-01628,12/07/2023,CLI-0656,app,Belo Horizonte,MG,Moda,Camiseta Básica Algodão,4,73.14,"R$ 22,50",entregue,24/07/2023
PED-01080,2023-11-13,CLI-1078,site,brasília,DF,Casa & Decoração,Vaso Decorativo Cerâmica,2,167.79,"R$ 0,00",Entregue,2023-12-01
PED-04435,2024-05-01,CLI-1071,site,São Paulo,SP,Eletrônicos,Smartwatch Fit,4,562.48,"R$ 0,00",entregue,2024-05-05
PED-01408,14/04/2023,CLI-1110,marketplace,Campinas,SP,Beleza,Secador de Cabelo 2000W,3,217.65,"R$ 0,00",cancelado,
PED-03161,2024-12-24,CLI-1378,site,Recife,PE,Beleza,Secador de Cabelo 2000W,4,182.99,"R$ 0,00",entregue,2025-01-03
PED-02031,25/01/2023,CLI-0375,site,Recife,PE,Eletrônicos,Carregador Turbo 30W,2,94.8,"R$ 27,26",devolvido,12/02/2023
PED-02440,05/09/2024,CLI-0809,site,São Paulo,SP,Eletrônicos,Carregador Turbo 30W,2,113.63,"R$ 10,05",entregue,10/09/2024
PED-00732,2023-03-01,CLI-0441,marketplace,Belo Horizonte,MG,Moda,Boné Aba Curva,2,117.29,"R$ 26,05",entregue,2023-03-14
PED-04538,2024-11-09,CLI-0313,site,São Paulo,SP,esporte,Corda de Pular Speed,1,35.49,"R$ 11,71",cancelado,
PED-02828,11/08/2023,CLI-0070,site,Belo Horizonte,MG,Beleza,Perfume Importado 100ml,2,634.02,"R$ 0,00",entregue,23/08/2023
PED-01048,20/09/2024,CLI-1039,app,Belo Horizonte,MG,esporte,Garrafa Térmica 1L,3,118.54,"R$ 0,00",cancelado,
PED-01445,2023-07-18,CLI-0161,site,Campinas,SP,Esporte,Camiseta Dry Fit,4,72.41,"R$ 17,41",entregue,2023-07-31
PED-02938,2023-04-06,CLI-0695,marketplace,Brasília,DF,,Camiseta Dry Fit,2,99.24,"R$ 26,36",cancelado,
PED-03047,2024-01-31,CLI-0128,marketplace,Salvador,BA,Esporte,Tapete de Yoga 6mm,2,162.91,"R$ 0,00",entregue,2024-02-13
PED-01133,2023-04-15,CLI-0352,app,Ribeirão Preto,SP,Moda,Boné Aba Curva,3,78.35,"R$ 16,04",entregue,2023-04-28
PED-00060,2023-05-04,CLI-0073,app,Belo Horizonte,MG,Casa & Decoração,Vaso Decorativo Cerâmica,1,110.89,"R$ 20,93",entregue,2023-05-10
PED-04499,2024-11-05,CLI-1352,site,Porto Alegre,,Eletrônicos,Fone Bluetooth TWS,2,273.92,"R$ 0,00",entregue,2024-11-15
PED-02854,2023-11-07,CLI-0508,marketplace,São Paulo,SP,Beleza,Perfume Importado 100ml,1,303.05,"R$ 0,00",cancelado,
PED-03991,2024-12-23,CLI-1292,marketplace,salvador,BA,Beleza,Secador de Cabelo 2000W,2,280.59,"R$ 0,00",entregue,2025-01-04
PED-01681,28/08/2024,CLI-0824,site,Rio de Janeiro,RJ,Moda,Jaqueta Jeans,1,268.82,"R$ 16,61",entregue,01/09/2024
PED-01926,2023-02-23,CLI-0550,site,Porto Alegre,RS,Esporte,Camiseta Dry Fit,2,125.73,"R$ 21,59",entregue,2023-03-12
PED-03319,2023-04-05,CLI-0345,site,Belo Horizonte,MG,Eletrônicos,Caixa de Som Portátil,3,414.46,"R$ 0,00",entregue,2023-04-11
PED-00371,09/09/2024,CLI-0191,marketplace,Rio de Janeiro,RJ,Eletrônicos,Carregador Turbo 30W,2,72.28,"R$ 21,15",entregue,12/09/2024
PED-00405,30/12/2024,CLI-0988,app,Rio de Janeiro,RJ,Beleza,Secador de Cabelo 2000W,1,,"R$ 0,00",entregue,04/01/2025
PED-01242,2023-11-06,CLI-0508,app,Campinas,SP,Eletrônicos,Fone Bluetooth TWS,1,254.79,"R$ 13,66",cancelado,
PED-03287,04/06/2024,CLI-0119,marketplace,São Paulo,SP,Casa & Decoração,Vaso Decorativo Cerâmica,1,89.33,"R$ 15,19",entregue,10/06/2024
PED-03674,2023-11-19,CLI-0316,marketplace,Brasília,DF,Moda,"Mochila Notebook 15""",3,186.61,"R$ 0,00",entregue,2023-12-03
PED-04612,2023-10-27,CLI-0126,site,Fortaleza,CE,Eletrônicos,Webcam Full HD,2,249.64,"R$ 0,00",entregue,2023-11-11
PED-04816,19/01/2023,CLI-0381,site,Rio de Janeiro,RJ,Eletrônicos,Caixa de Som Portátil,1,449.68,"R$ 0,00",entregue,24/01/2023
PED-02538,2023-12-04,CLI-1048,site,CAMPINAS,SP,Eletrônicos,Fone Bluetooth TWS,2,223.9,"R$ 0,00",entregue,2023-12-13
PED-04757,26/12/2023,CLI-0184,marketplace,Belo Horizonte,MG,beleza,Secador de Cabelo 2000W,4,316.67,"R$ 0,00",entregue,06/01/2024
PED-02442,2023-06-14,CLI-0056,site,Belo Horizonte,MG,Eletrônicos,Fone Bluetooth TWS,1,239.67,"R$ 23,51",em transporte,
PED-04880,2023-11-27,CLI-0068,site,Goiânia,GO,Eletrônicos,Caixa de Som Portátil,4,540.8,"R$ 0,00",entregue,2023-12-12
PED-02497,13/04/2024,CLI-1103,app,Curitiba,PR,Beleza,Secador de Cabelo 2000W,2,120.61,"R$ 23,05",entregue,01/05/2024
PED-04864,2024-09-18,CLI-0792,marketplace,Fortaleza,CE,CASA & DECORAÇÃO,Vaso Decorativo Cerâmica,4,85.98,"R$ 0,00",entregue,2024-09-25
PED-03603,2024-03-06,CLI-0002,site,Curitiba,PR,Casa & Decoração,Jogo de Toalhas 4 peças,1,199.97,"R$ 20,17",entregue,2024-03-20
PED-03182,2023-09-16,CLI-0909,site,  Fortaleza ,CE,Esporte,Garrafa Térmica 1L,2,119.46,"R$ 33,69",entregue,2023-09-29
PED-04447,07/12/2023,CLI-0948,marketplace,Recife,PE,Eletrônicos,Carregador Turbo 30W,3,62.66,"R$ 33,73",entregue,21/12/2023
PED-04333,2023-03-18,CLI-0624,marketplace,RIO DE JANEIRO,RJ,Eletrônicos,Smartwatch Fit,3,757.88,"R$ 0,00",EM TRANSPORTE,
PED-02513,2023-05-09,CLI-0336,site,RIO DE JANEIRO,RJ,Esporte,Halter Emborrachado 5kg,1,105.13,"R$ 19,19",entregue,2023-05-19
PED-00598,08/06/2024,CLI-1353,app,Belo Horizonte,MG,Casa & Decoração,Jogo de Toalhas 4 peças,2,186.25,"R$ 0,00",entregue,13/06/2024
PED-04445,2023-04-30,CLI-1230,app,Rio de Janeiro,RJ,casa & decoracao,Luminária de Mesa LED,2,184.74,"R$ 0,00",Entregue,2023-05-03
PED-01456,2023-04-11,CLI-0909,site,brasília,,Eletrônicos,Smartwatch Fit,1,760.64,"R$ 0,00",em transporte,
PED-00465,2024-05-02,CLI-0915,app,Brasília,DF,Casa & Decoração,Jogo de Toalhas 4 peças,3,198.4,"R$ 0,00",entregue,2024-05-09
PED-01817,2024-09-08,CLI-0914,site,São Paulo,SP,Eletrônicos,Webcam Full HD,1,206.96,"R$ 17,67",entregue,2024-09-19
PED-02539,2023-01-15,CLI-0376,app,Salvador,BA,Eletrônicos,Webcam Full HD,1,276.83,"R$ 27,01",cancelado,
PED-00902,2023-09-18,CLI-0203,site,Goiânia,GO,Casa & Decoração,Luminária de Mesa LED,3,92.34,"R$ 23,07",entregue,2023-10-05
PED-04720,2023-06-03,CLI-1250,site,São Paulo,SP,Beleza,Perfume Importado 100ml,3,588.86,"R$ 0,00",entregue,2023-06-06
PED-02762,2024-11-28,CLI-1041,site,Porto Alegre,RS,Beleza,Perfume Importado 100ml,1,454.38,"R$ 0,00",cancelado,
PED-04373,2024-03-14,CLI-1348,app,Goiânia,GO,Casa & Decoração,"Tapete Sala 1,5m",1,256.33,"R$ 23,77",entregue,2024-03-25
PED-04240,2024-06-23,CLI-1234,app,Recife,PE,Casa & Decoração,Quadro Decorativo Abstrato,3,94.06,"R$ 38,76",entregue,2024-07-03
PED-04613,2024-07-08,CLI-0560,site,Salvador,BA,Eletrônicos,Webcam Full HD,1,369.65,"R$ 0,00",Entregue,2024-07-16
PED-02880,2023-01-02,CLI-0090,site,  Fortaleza ,CE,Casa & Decoração,"Tapete Sala 1,5m",3,414.84,"R$ 0,00",Entregue,2023-01-09
PED-03888,2024-11-03,CLI-1310,marketplace,Ribeirão Preto,SP,Eletrônicos,Fone Bluetooth TWS,1,360.23,"R$ 0,00",em transporte,
PED-03366,2023-11-11,CLI-0083,site,Porto Alegre,RS,Moda,Tênis Casual Masculino,-1,395.34,"R$ 0,00",entregue,2023-11-25
PED-01960,2024-05-26,CLI-0989,site,Brasília,DF,Casa & Decoração,"Tapete Sala 1,5m",2,392.93,"R$ 0,00",entregue,2024-06-13
PED-00001,2024-09-17,CLI-0948,site,Campinas,SP,Moda,Jaqueta Jeans,2,314.87,"R$ 0,00",entregue,2024-09-27
PED-02324,2023-03-31,CLI-1361,marketplace,Brasília,DF,Moda,Boné Aba Curva,2,69.09,"R$ 21,85",devolvido,2023-04-11
PED-04581,2024-07-10,CLI-0663,site,São Paulo,SP,Eletrônicos,Caixa de Som Portátil,1,230.37,"R$ 15,63",entregue,2024-07-23
PED-02097,2023-02-15,CLI-0467,app,campinas,SP,Moda,Boné Aba Curva,3,56.73,"R$ 12,11",entregue,2023-02-21
PED-01154,2023-06-08,CLI-1384,site,Salvador,BA,moda,Camiseta Básica Algodão,3,43.64,"R$ 32,44",entregue,2023-06-20
PED-04223,2023-11-13,CLI-0274,site,  Brasília ,DF,Eletrônicos,Smartwatch Fit,1,669.36,"R$ 0,00",entregue,2023-11-25
PED-04388,2023-06-09,CLI-0121,site,Salvador,BA,Esporte,Tapete de Yoga 6mm,1,98.98,"R$ 26,72",em transporte,
PED-02010,2024-07-16,CLI-1257,site,Rio de Janeiro,RJ,beleza,Perfume Importado 100ml,1,295.43,"R$ 18,51",entregue,2024-07-28
PED-04177,2024-05-24,CLI-0668,site,Brasília,DF,Moda,"Mochila Notebook 15""",4,147.56,"R$ 0,00",entregue,2024-06-04
PED-02871,2024-05-30,CLI-1086,site,Fortaleza,CE,Moda,Boné Aba Curva,1,69.53,"R$ 33,17",entregue,2024-06-10
PED-01669,2023-03-01,CLI-0786,site,São Paulo,SP,Eletrônicos,Webcam Full HD,2,363.88,"R$ 0,00",cancelado,
PED-02935,02/07/2024,CLI-0659,site,Salvador,BA,Eletrônicos,Webcam Full HD,3,195.06,"R$ 0,00",entregue,13/07/2024
PED-04051,10/12/2024,CLI-0909,app,Porto Alegre,RS,Eletrônicos,Webcam Full HD,1,223.4,"R$ 28,57",ENTREGUE,18/12/2024
PED-03096,2023-02-25,CLI-0709,site,Recife,PE,Esporte,Camiseta Dry Fit,1,111.76,"R$ 27,41",cancelado,
PED-03638,2023-08-08,CLI-1127,app,São Paulo,,Casa & Decoração,Luminária de Mesa LED,3,202.89,"R$ 0,00",entregue,2023-08-18
PED-03303,2023-09-15,CLI-1348,marketplace,Ribeirão Preto,SP,Eletrônicos,Webcam Full HD,3,299.99,"R$ 0,00",devolvido,2023-09-26
PED-00903,2023-02-22,CLI-0057,marketplace,Porto Alegre,RS,moda,Boné Aba Curva,1,102.21,"R$ 24,03",entregue,2023-03-06
PED-01334,2024-12-17,CLI-0396,site,RECIFE,PE,Moda,Camiseta Básica Algodão,4,73.64,"R$ 37,16",entregue,2024-12-29
PED-02941,2024-12-26,CLI-0333,app,Curitiba,PR,Esporte,Camiseta Dry Fit,1,65.79,"R$ 20,40",entregue,2025-01-11
PED-04832,24/10/2023,CLI-0415,site,São Paulo,SP,Esporte,Camiseta Dry Fit,1,79.51,"R$ 19,80",entregue,01/11/2023
PED-00992,2024-09-01,CLI-1290,app,São Paulo,SP,Casa & Decoração,"Tapete Sala 1,5m",2,232.87,"R$ 0,00",entregue,2024-09-06
PED-04400,2024-09-20,CLI-0082,site,São Paulo,SP,CASA & DECORAÇÃO,Vaso Decorativo Cerâmica,1,160.12,"R$ 21,93",entregue,2024-09-24
PED-04565,14/06/2023,CLI-0922,app,são paulo,SP,Beleza,Secador de Cabelo 2000W,4,383.64,"R$ 0,00",EM TRANSPORTE,
PED-04868,29/08/2023,CLI-0315,app,SÃO PAULO,SP,Casa & Decoração,Quadro Decorativo Abstrato,1,181.9,"R$ 19,41",devolvido,01/09/2023
PED-03627,2024-11-16,CLI-0261,app,Campinas,SP,Casa & Decoração,Quadro Decorativo Abstrato,3,98.69,"R$ 15,34",entregue,2024-11-20
PED-01970,13/03/2024,CLI-1208,app,São Paulo,SP,Moda,Tênis Casual Masculino,1,399.65,"R$ 0,00",entregue,27/03/2024
PED-02361,24/10/2024,CLI-1280,site,Rio de Janeiro,RJ,Eletrônicos,Webcam Full HD,2,221.2,"R$ 0,00",entregue,02/11/2024
PED-01840,19/08/2024,CLI-1288,app,Curitiba,PR,Moda,Boné Aba Curva,1,69.54,"R$ 21,81",entregue,29/08/2024
PED-01724,2024-04-22,CLI-0957,site,Belo Horizonte,MG,casa & decoracao,Vaso Decorativo Cerâmica,1,57.26,"R$ 18,10",entregue,2024-04-28
PED-04039,05/12/2023,CLI-0199,site,Belo Horizonte,MG,Eletrônicos,Fone Bluetooth TWS,1,161.05,"R$ 23,62",entregue,09/12/2023
PED-03756,2023-11-18,CLI-0656,app,São Paulo,SP,Beleza,Kit Skincare Facial,1,198.89,"R$ 9,27",entregue,2023-11-30
PED-01945,2024-10-20,CLI-0599,site,Salvador,BA,Esporte,Tapete de Yoga 6mm,1,163.57,"R$ 32,15",entregue,2024-11-05
PED-00403,2024-09-22,CLI-1394,site,Belo Horizonte,MG,Beleza,Secador de Cabelo 2000W,1,364.27,"R$ 0,00",entregue,2024-09-29
PED-03369,2023-05-22,CLI-0041,site,Recife,PE,Esporte,Garrafa Térmica 1L,2,87.71,"R$ 30,93",entregue,2023-06-04
PED-01245,2023-11-24,CLI-0550,site,São Paulo,SP,ELETRÔNICOS,Carregador Turbo 30W,2,95.18,"R$ 21,38",entregue,2023-11-29
PED-00712,07/07/2024,CLI-0256,site,Belo Horizonte,MG,Moda,Jaqueta Jeans,1,254.05,"R$ 21,48",cancelado,
PED-00372,2023-09-29,CLI-1361,site,campinas,SP,Eletrônicos,Fone Bluetooth TWS,1,365.94,"R$ 0,00",entregue,2023-10-08
PED-01623,2024-10-11,CLI-0575,site,Ribeirão Preto,SP,Esporte,Camiseta Dry Fit,1,112.69,"R$ 11,03",entregue,2024-10-25
PED-02427,2023-03-19,CLI-0034,site,São Paulo,SP,Casa & Decoração,Luminária de Mesa LED,2,116.44,"R$ 14,10",em transporte,
PED-02453,2024-06-14,CLI-0264,site,BRASÍLIA,DF,MODA,Tênis Casual Masculino,1,211.26,"R$ 24,22",entregue,2024-06-23
PED-03490,2024-03-04,CLI-0363,site,CURITIBA,PR,Esporte,Tapete de Yoga 6mm,1,158.18,"R$ 18,60",devolvido,2024-03-13
PED-01093,2023-10-15,CLI-1333,app,Fortaleza,CE,Moda,Jaqueta Jeans,1,241.33,"R$ 35,53",entregue,2023-10-29
PED-03382,2024-11-09,CLI-0695,site,Fortaleza,CE,Casa & Decoração,Jogo de Toalhas 4 peças,1,241.14,"R$ 27,21",cancelado,
PED-03866,2023-11-08,CLI-1399,site,Porto Alegre,,Moda,Tênis Casual Masculino,3,252.08,"R$ 0,00",ENTREGUE,2023-11-25
PED-02687,2023-08-30,CLI-0039,app,  Porto Alegre ,RS,beleza,Perfume Importado 100ml,1,205.87,"R$ 22,60",cancelado,
PED-01137,31/01/2024,CLI-0746,site,Ribeirão Preto,SP,Casa & Decoração,Jogo de Toalhas 4 peças,2,230.35,"R$ 0,00",entregue,05/02/2024
PED-01891,19/08/2023,CLI-0547,site,São Paulo,SP,Eletrônicos,Smartwatch Fit,1,744.68,"R$ 0,00",em transporte,
PED-00123,2023-04-04,CLI-0972,app,Belo Horizonte,MG,Moda,Jaqueta Jeans,4,279.92,"R$ 0,00",em transporte,
PED-01625,14/12/2023,CLI-0316,app,Campinas,SP,Eletrônicos,Caixa de Som Portátil,1,210.7,"R$ 8,32",entregue,22/12/2023
PED-02662,2023-12-15,CLI-0518,site,Rio de Janeiro,RJ,Moda,Jaqueta Jeans,4,172.02,"R$ 0,00",entregue,2023-12-20
PED-00026,2023-07-17,CLI-0767,marketplace,Belo Horizonte,MG,Esporte,Tapete de Yoga 6mm,1,149.13,"R$ 13,88",cancelado,
PED-02148,29/12/2024,CLI-1080,app,PORTO ALEGRE,RS,Esporte,Camiseta Dry Fit,2,61.8,"R$ 31,18",entregue,10/01/2025
PED-01352,2024-10-28,CLI-0362,app,Salvador,BA,Beleza,Perfume Importado 100ml,2,243.22,"R$ 0,00",entregue,2024-11-06
PED-01058,2023-07-25,CLI-1026,marketplace,Goiânia,GO,Moda,Camiseta Básica Algodão,2,95.01,"R$ 25,01",devolvido,2023-08-04
PED-00974,2024-11-27,CLI-0278,site,Campinas,SP,Eletrônicos,Smartwatch Fit,1,586.1,"R$ 0,00",em transporte,
PED-02795,2024-11-02,CLI-0046,app,São Paulo,SP,Moda,"Mochila Notebook 15""",1,247.32,"R$ 16,31",entregue,2024-11-07
PED-02262,26/12/2024,CLI-0476,site,Porto Alegre,RS,moda,"Mochila Notebook 15""",4,299.65,"R$ 0,00",entregue,11/01/2025
PED-04771,2024-06-15,CLI-0709,app,Brasília,DF,Casa & Decoração,Luminária de Mesa LED,3,154.37,"R$ 0,00",entregue,2024-06-24
PED-03220,2023-11-11,CLI-1394,app,Salvador,BA,Eletrônicos,Webcam Full HD,2,351.21,"R$ 0,00",entregue,2023-11-25
PED-01212,21/10/2024,CLI-0745,app,Porto Alegre,RS,Casa & Decoração,Vaso Decorativo Cerâmica,1,158.07,"R$ 23,39",entregue,06/11/2024
PED-02602,02/07/2024,CLI-0533,site,PORTO ALEGRE,RS,Beleza,Base Líquida Matte,1,57.89,"R$ 24,29",entregue,15/07/2024
PED-01084,2024-11-01,CLI-0136,site,são paulo,SP,Beleza,Perfume Importado 100ml,1,582.23,"R$ 0,00",entregue,2024-11-11
PED-04781,2023-11-01,CLI-0930,app,Sao Paulo,SP,Casa & Decoração,"Tapete Sala 1,5m",3,240.57,"R$ 0,00",em transporte,
PED-01519,2023-06-09,CLI-0691,site,São Paulo,,Esporte,Garrafa Térmica 1L,1,135.89,"R$ 11,67",cancelado,
PED-02430,05/09/2024,CLI-0958,site,Campinas,SP,Moda,"Mochila Notebook 15""",4,249.53,"R$ 0,00",cancelado,
PED-03569,2024-10-28,CLI-0871,app,Rio de Janeiro,RJ,Esporte,Tapete de Yoga 6mm,1,157.94,"R$ 20,47",entregue,2024-11-03
PED-00872,2023-01-27,CLI-0442,app,Rio de Janeiro,,BELEZA,Kit Skincare Facial,2,150.19,"R$ 0,00",cancelado,
PED-00806,2023-05-30,CLI-0827,app,Ribeirão Preto,SP,Moda,Jaqueta Jeans,3,257.35,"R$ 0,00",ENTREGUE,2023-06-06
PED-01826,2023-03-23,CLI-1010,site,Salvador,BA,Casa & Decoração,"Tapete Sala 1,5m",2,358.88,"R$ 0,00",cancelado,
PED-02865,2023-12-26,CLI-0352,app,belo horizonte,MG,Esporte,Corda de Pular Speed,1,64.05,"R$ 22,30",cancelado,
PED-04296,2023-12-19,CLI-1143,app,São Paulo,SP,Casa & Decoração,Quadro Decorativo Abstrato,2,122.52,"R$ 12,34",entregue,2024-01-02
PED-01570,2024-03-01,CLI-0989,app,São Paulo,,Eletrônicos,Smartwatch Fit,1,863.86,"R$ 0,00",entregue,2024-03-10
PED-01380,2024-01-04,CLI-0232,app,Rio de Janeiro,RJ,Eletrônicos,Caixa de Som Portátil,2,220.09,"R$ 0,00",entregue,2024-01-08
PED-04280,2024-07-25,CLI-0828,site,belo horizonte,MG,Beleza,Base Líquida Matte,1,50.53,"R$ 26,49",Entregue,2024-08-07
PED-02506,2023-03-04,CLI-1361,app,Rio de Janeiro,RJ,Moda,Boné Aba Curva,1,117.27,"R$ 21,42",CANCELADO,
PED-04216,2023-07-09,CLI-1089,app,Porto Alegre,RS,Eletrônicos,Fone Bluetooth TWS,1,183.56,"R$ 27,67",entregue,2023-07-19
PED-00358,04/10/2024,CLI-1080,site,São Paulo,SP,esporte,Corda de Pular Speed,1,35.1,"R$ 18,77",entregue,18/10/2024
PED-00423,2023-01-07,CLI-0943,app,São Paulo,SP,Esporte,Halter Emborrachado 5kg,1,73.19,"R$ 14,07",entregue,2023-01-19
PED-00251,2024-06-21,CLI-1002,site,rio de janeiro,,Eletrônicos,Fone Bluetooth TWS,3,397.73,"R$ 0,00",cancelado,
PED-02039,2024-05-17,CLI-1328,site,  Rio de Janeiro ,RJ,Esporte,Tapete de Yoga 6mm,1,138.62,"R$ 16,63",entregue,2024-05-23
PED-03704,2024-07-14,CLI-1265,site,São Paulo,SP,,Boné Aba Curva,1,53.48,"R$ 12,35",entregue,2024-07-20
PED-01657,2023-08-16,CLI-0972,site,são paulo,,Eletrônicos,Carregador Turbo 30W,1,96.31,"R$ 15,04",DEVOLVIDO,2023-08-21
PED-03177,2024-11-09,CLI-1100,site,  Belo Horizonte ,MG,Casa & Decoração,Luminária de Mesa LED,3,121.48,"R$ 0,00",cancelado,
PED-01116,20/03/2023,CLI-0586,site,Curitiba,PR,esporte,Halter Emborrachado 5kg,4,121.69,"R$ 0,00",devolvido,01/04/2023
PED-04305,2023-01-14,CLI-0943,marketplace,Campinas,SP,Eletrônicos,Fone Bluetooth TWS,2,206.37,"R$ 0,00",entregue,2023-01-17
PED-04956,2023-08-28,CLI-0261,app,São Paulo,SP,Casa & Decoração,Vaso Decorativo Cerâmica,2,150.95,"R$ 0,00",entregue,2023-09-02
PED-02012,2023-10-13,CLI-0746,marketplace,Rio de Janeiro,RJ,Beleza,Secador de Cabelo 2000W,3,253.07,"R$ 0,00",entregue,2023-10-24
PED-03110,2024-12-05,CLI-0878,site,Rio de Janeiro,RJ,Eletrônicos,Smartwatch Fit,1,506.81,"R$ 0,00",entregue,2024-12-08
PED-01032,2024-08-09,CLI-1279,site,Belo Horizonte,MG,Moda,Jaqueta Jeans,1,292.26,"R$ 19,42",entregue,2024-08-17
PED-04332,2024-12-06,CLI-0653,site,São Paulo,SP,Casa & Decoração,Jogo de Toalhas 4 peças,3,221.4,"R$ 0,00",entregue,2024-12-14
PED-03092,2024-11-27,CLI-0138,site,  Rio de Janeiro ,RJ,Moda,"Mochila Notebook 15""",1,149.48,"R$ 19,32",em transporte,
PED-02522,22/04/2024,CLI-0720,app,Rio de Janeiro,RJ,Casa & Decoração,Vaso Decorativo Cerâmica,4,172.0,"R$ 0,00",entregue,01/05/2024
PED-03089,2024-04-09,CLI-1208,app,Salvador,BA,Beleza,Secador de Cabelo 2000W,1,338.16,"R$ 0,00",Entregue,2024-04-18
PED-01638,2024-11-29,CLI-1143,marketplace,Campinas,SP,Moda,"Mochila Notebook 15""",1,166.79,"R$ 16,26",Entregue,2024-12-12
PED-02002,19/01/2024,CLI-1110,app,Porto Alegre,RS,Beleza,Perfume Importado 100ml,4,291.3,"R$ 0,00",cancelado,
PED-03559,31/05/2024,CLI-0538,marketplace,São Paulo,SP,Eletrônicos,Smartwatch Fit,2,834.05,"R$ 0,00",entregue,05/06/2024
PED-00070,2024-01-10,CLI-0896,app,São Paulo,SP,Casa & Decoração,Jogo de Toalhas 4 peças,2,168.29,"R$ 0,00",entregue,2024-01-19
PED-00463,2024-12-09,CLI-1046,site,Curitiba,PR,Eletrônicos,Fone Bluetooth TWS,1,337.73,"R$ 0,00",entregue,2024-12-16
PED-02261,2024-07-24,CLI-0055,site,São Paulo,SP,Esporte,Garrafa Térmica 1L,1,78.61,"R$ 18,48",ENTREGUE,2024-08-03
PED-00288,02/12/2023,CLI-1372,app,Salvador,BA,Moda,Camiseta Básica Algodão,4,98.64,"R$ 0,00",entregue,16/12/2023
PED-03709,2024-01-12,CLI-0655,app,São Paulo,SP,Esporte,Halter Emborrachado 5kg,1,92.83,"R$ 18,68",entregue,2024-01-26
PED-01421,29/07/2024,CLI-0794,site,Goiânia,GO,Casa & Decoração,"Tapete Sala 1,5m",1,240.22,"R$ 26,93",entregue,14/08/2024
PED-00977,2024-02-03,CLI-1048,site,Rio de Janeiro,RJ,moda,"Mochila Notebook 15""",2,312.0,"R$ 0,00",entregue,2024-02-07
PED-01021,2024-11-18,CLI-1094,site,Campinas,SP,eletronicos,Smartwatch Fit,2,645.41,"R$ 0,00",entregue,2024-11-22
PED-00216,23/08/2024,CLI-1196,site,Porto Alegre,RS,Eletrônicos,Fone Bluetooth TWS,1,196.16,"R$ 24,80",em transporte,
PED-01090,27/01/2024,CLI-1148,app,Porto Alegre,RS,CASA & DECORAÇÃO,"Tapete Sala 1,5m",2,326.15,"R$ 0,00",entregue,08/02/2024
PED-02965,16/09/2023,CLI-0341,marketplace,Porto Alegre,RS,Eletrônicos,Caixa de Som Portátil,3,442.37,"R$ 0,00",entregue,23/09/2023
PED-01679,2024-11-13,CLI-0566,marketplace,RECIFE,PE,Eletrônicos,Caixa de Som Portátil,1,232.23,"R$ 27,77",devolvido,2024-11-27
PED-04549,13/08/2024,CLI-0476,site,São Paulo,SP,Beleza,Kit Skincare Facial,1,151.65,"R$ 10,78",entregue,24/08/2024
PED-01315,2023-02-14,CLI-0352,site,Brasília,DF,Beleza,Kit Skincare Facial,2,143.82,"R$ 27,47",entregue,2023-03-04
PED-03610,2023-08-17,CLI-0524,site,Porto Alegre,RS,Esporte,Halter Emborrachado 5kg,2,96.82,"R$ 27,26",entregue,2023-09-02
PED-04573,17/06/2023,CLI-0577,site,,PR,Esporte,Garrafa Térmica 1L,1,93.69,"R$ 20,37",entregue,05/07/2023
PED-04345,17/08/2024,CLI-0709,app,Salvador,BA,,Tapete de Yoga 6mm,3,160.83,"R$ 0,00",devolvido,24/08/2024
PED-04228,2023-06-30,CLI-0774,site,Porto Alegre,RS,Eletrônicos,Smartwatch Fit,1,,"R$ 0,00",cancelado,
PED-02806,2023-09-05,CLI-1089,site,Fortaleza,CE,Casa & Decoração,Vaso Decorativo Cerâmica,1,88.16,"R$ 30,67",cancelado,
PED-01433,2023-02-10,CLI-0364,site,GOIÂNIA,GO,Moda,Tênis Casual Masculino,1,397.98,"R$ 0,00",entregue,2023-02-25
PED-01660,10/02/2023,CLI-1177,site,Rio de Janeiro,RJ,Eletrônicos,Carregador Turbo 30W,4,83.46,"R$ 0,00",entregue,21/02/2023
PED-02836,15/06/2024,CLI-0261,app,Salvador,BA,Casa & Decoração,Jogo de Toalhas 4 peças,2,218.42,"R$ 0,00",entregue,28/06/2024
PED-02243,2023-11-30,CLI-0686,app,Salvador,BA,casa & decoracao,"Tapete Sala 1,5m",4,193.18,"R$ 0,00",entregue,2023-12-10
PED-03173,02/08/2024,CLI-0261,app,Sao Paulo,SP,Moda,Tênis Casual Masculino,1,169.04,"R$ 15,11",entregue,15/08/2024
PED-02742,2024-11-01,CLI-0908,app,Porto Alegre,RS,Eletrônicos,Fone Bluetooth TWS,4,200.4,"R$ 0,00",entregue,2024-11-09
PED-02001,2024-11-01,CLI-0172,site,Curitiba,PR,Eletrônicos,Caixa de Som Portátil,1,462.66,"R$ 0,00",entregue,2024-11-14
PED-03722,16/03/2024,CLI-0232,site,Porto Alegre,RS,Esporte,Corda de Pular Speed,2,31.33,"R$ 22,66",entregue,30/03/2024
PED-00511,2023-03-23,CLI-0501,site,BRASÍLIA,DF,Esporte,Halter Emborrachado 5kg,1,80.24,"R$ 27,61",entregue,2023-03-30
PED-04237,2023-12-08,CLI-0969,app,Belo Horizonte,MG,Casa & Decoração,"Tapete Sala 1,5m",3,254.97,"R$ 0,00",entregue,2023-12-18
PED-04983,2023-11-02,CLI-0207,site,rio de janeiro,RJ,Esporte,Camiseta Dry Fit,2,67.44,"R$ 18,59",entregue,2023-11-15
PED-00954,2023-06-15,CLI-0352,app,São Paulo,SP,Eletrônicos,Fone Bluetooth TWS,1,255.82,"R$ 15,35",entregue,2023-06-28
PED-03525,2024-03-10,CLI-1384,app,São Paulo,SP,eletronicos,Smartwatch Fit,2,771.52,"R$ 0,00",entregue,2024-03-20
PED-03632,2024-12-17,CLI-0989,site,São Paulo,SP,Beleza,Perfume Importado 100ml,1,200.87,"R$ 13,27",entregue,2024-12-24
PED-02245,09/12/2023,CLI-0016,app,São Paulo,SP,Casa & Decoração,"Tapete Sala 1,5m",1,443.46,"R$ 0,00",entregue,23/12/2023
PED-00896,14/11/2024,CLI-0082,marketplace,Brasília,DF,Moda,Tênis Casual Masculino,2,246.33,"R$ 0,00",entregue,30/11/2024
PED-04130,2024-11-24,CLI-0569,site,rio de janeiro,RJ,Casa & Decoração,Vaso Decorativo Cerâmica,3,102.82,"R$ 0,00",entregue,2024-12-08
PED-04527,2024-08-12,CLI-0822,site,Rio de Janeiro,RJ,Moda,Jaqueta Jeans,1,278.05,"R$ 18,98",entregue,2024-08-25
PED-04073,2023-12-28,CLI-1277,site,são paulo,SP,Moda,Jaqueta Jeans,-2,163.12,"R$ 0,00",em transporte,
PED-03367,2024-07-21,CLI-1359,marketplace,São Paulo,SP,Esporte,Garrafa Térmica 1L,2,96.16,"R$ 11,56",entregue,2024-07-25
PED-02995,2024-04-21,CLI-0982,site,  Porto Alegre ,RS,Beleza,Kit Skincare Facial,2,225.37,"R$ 0,00",entregue,2024-04-28
PED-04736,2024-08-28,CLI-1219,site,GOIÂNIA,GO,Eletrônicos,Fone Bluetooth TWS,3,188.3,"R$ 0,00",cancelado,
PED-00878,2023-11-06,CLI-0475,marketplace,Campinas,SP,Beleza,Kit Skincare Facial,1,170.27,"R$ 8,18",entregue,2023-11-19
PED-04454,2024-06-27,CLI-0422,app,Recife,PE,Esporte,Camiseta Dry Fit,2,124.81,"R$ 31,49",entregue,2024-07-13
PED-01385,2024-12-14,CLI-0139,site,BRASÍLIA,DF,Casa & Decoração,Quadro Decorativo Abstrato,3,95.24,"R$ 22,73",entregue,2024-12-22
PED-00659,2024-05-10,CLI-0881,site,Curitiba,PR,Beleza,Secador de Cabelo 2000W,2,268.98,"R$ 0,00",entregue,2024-05-24
PED-03113,2024-08-02,CLI-0932,app,Belo Horizonte,MG,Beleza,Secador de Cabelo 2000W,1,319.15,"R$ 0,00",entregue,2024-08-09
PED-00829,2024-11-12,CLI-0531,app,São Paulo,SP,Casa & Decoração,Quadro Decorativo Abstrato,1,144.38,"R$ 13,60",Em transporte,
PED-01167,19/10/2024,CLI-0547,site,Fortaleza,CE,Moda,Jaqueta Jeans,1,302.04,"R$ 0,00",entregue,03/11/2024
PED-01219,2024-07-09,CLI-1078,app,Porto Alegre,RS,Esporte,Camiseta Dry Fit,2,100.31,"R$ 21,07",entregue,2024-07-16
PED-04069,25/11/2024,CLI-0093,site,Recife,PE,Moda,Boné Aba Curva,2,102.46,"R$ 30,49",entregue,06/12/2024
PED-00145,2024-02-11,CLI-0578,site,Brasília,DF,Eletrônicos,Carregador Turbo 30W,3,126.5,"R$ 0,00",entregue,2024-02-28
PED-04415,2023-09-16,CLI-0406,app,Belo Horizonte,MG,Beleza,Secador de Cabelo 2000W,2,182.3,"R$ 0,00",cancelado,
PED-02120,2023-09-01,CLI-0613,site,BRASÍLIA,DF,Eletrônicos,Fone Bluetooth TWS,3,386.33,"R$ 0,00",entregue,2023-09-10
PED-02009,2023-06-07,CLI-1342,site,Fortaleza,CE,Casa & Decoração,Quadro Decorativo Abstrato,2,,"R$ 34,47",entregue,2023-06-18
PED-04649,01/11/2023,CLI-0076,site,são paulo,SP,eletronicos,Smartwatch Fit,4,766.91,"R$ 0,00",entregue,08/11/2023
PED-03568,20/02/2024,CLI-0161,app,Porto Alegre,RS,Eletrônicos,Smartwatch Fit,3,330.91,"R$ 0,00",entregue,01/03/2024
PED-01984,02/09/2023,CLI-0039,site,Curitiba,PR,Casa & Decoração,Vaso Decorativo Cerâmica,2,99.5,"R$ 22,18",devolvido,15/09/2023
PED-00207,2023-05-19,CLI-0705,marketplace,Fortaleza,CE,eletronicos,Caixa de Som Portátil,1,,"R$ 31,32",entregue,2023-05-30
PED-00449,2023-03-05,CLI-1302,site,Recife,PE,Esporte,Camiseta Dry Fit,3,103.34,"R$ 0,00",entregue,2023-03-18
PED-04536,10/04/2023,CLI-0220,app,São Paulo,SP,Casa & Decoração,Jogo de Toalhas 4 peças,1,149.99,"R$ 18,71",entregue,15/04/2023
PED-03504,2024-06-16,CLI-1392,marketplace,são paulo,SP,Esporte,Corda de Pular Speed,3,63.16,"R$ 13,72",devolvido,2024-06-26
PED-02385,2023-02-25,CLI-0139,site,SÃO PAULO,SP,Esporte,Camiseta Dry Fit,2,107.89,"R$ 17,51",entregue,2023-03-07
PED-02121,2023-10-02,CLI-0964,site,São Paulo,SP,Moda,Jaqueta Jeans,1,180.54,"R$ 18,89",entregue,2023-10-13
PED-03647,2023-11-21,CLI-1226,app,Campinas,SP,ESPORTE,Garrafa Térmica 1L,4,66.59,"R$ 10,08",cancelado,
PED-02191,2023-05-05,CLI-0724,site,São Paulo,SP,Beleza,Secador de Cabelo 2000W,1,397.41,"R$ 0,00",entregue,2023-05-09
PED-03069,2024-08-18,CLI-1251,marketplace,Campinas,SP,Moda,"Mochila Notebook 15""",1,185.11,"R$ 18,02",entregue,2024-08-24
PED-01122,02/05/2023,CLI-1372,app,Rio de Janeiro,RJ,Eletrônicos,Caixa de Som Portátil,3,441.09,"R$ 0,00",entregue,07/05/2023
PED-00641,24/08/2024,CLI-0261,app,São Paulo,SP,Esporte,Tapete de Yoga 6mm,2,96.95,"R$ 15,27",ENTREGUE,28/08/2024
PED-00331,2024-08-20,CLI-0484,app,Rio de Janeiro,RJ,Eletrônicos,Smartwatch Fit,1,566.27,"R$ 0,00",entregue,2024-08-27
PED-04913,2023-12-10,CLI-1153,app,São Paulo,SP,Casa & Decoração,Quadro Decorativo Abstrato,1,105.22,"R$ 14,13",em transporte,
PED-01949,2023-01-21,CLI-0740,marketplace,São Paulo,SP,Casa & Decoração,Luminária de Mesa LED,3,191.59,"R$ 0,00",entregue,2023-02-03
PED-00186,2024-06-28,CLI-0782,app,Ribeirão Preto,SP,beleza,Secador de Cabelo 2000W,1,376.61,"R$ 0,00",entregue,2024-07-03
PED-02260,04/01/2024,CLI-0059,site,Belo Horizonte,MG,Casa & Decoração,Quadro Decorativo Abstrato,1,132.0,"R$ 19,78",entregue,10/01/2024
PED-02778,2024-03-16,CLI-1155,site,Ribeirão Preto,SP,Eletrônicos,Webcam Full HD,1,208.49,"R$ 16,21",entregue,2024-03-21
PED-04501,2023-01-22,CLI-0623,site,Brasília,DF,Eletrônicos,Caixa de Som Portátil,2,295.75,"R$ 0,00",Entregue,2023-02-09
PED-01618,2024-04-28,CLI-0246,site,Brasília,DF,ELETRÔNICOS,Webcam Full HD,4,364.96,"R$ 0,00",em transporte,
PED-03726,04/10/2024,CLI-0265,marketplace,Rio de Janeiro,RJ,Esporte,Halter Emborrachado 5kg,1,91.53,"R$ 21,85",entregue,17/10/2024
PED-04657,2024-11-15,CLI-1224,site,Ribeirão Preto,SP,Beleza,Kit Skincare Facial,1,235.91,"R$ 15,30",entregue,2024-11-29
PED-02034,2023-12-29,CLI-0261,marketplace,Recife,PE,ELETRÔNICOS,Fone Bluetooth TWS,3,351.18,"R$ 0,00",em transporte,
PED-04846,2023-10-26,CLI-0746,site,Belo Horizonte,MG,BELEZA,Perfume Importado 100ml,2,368.46,"R$ 0,00",Entregue,2023-11-06
PED-00644,2023-08-26,CLI-0773,app,Porto Alegre,RS,Eletrônicos,Smartwatch Fit,2,638.75,"R$ 0,00",ENTREGUE,2023-09-05
PED-00071,06/08/2023,CLI-0294,app,Ribeirão Preto,SP,Moda,Camiseta Básica Algodão,1,57.07,"R$ 17,18",entregue,16/08/2023
PED-04431,2023-10-31,CLI-0457,marketplace,Belo Horizonte,,Eletrônicos,Carregador Turbo 30W,2,101.13,"R$ 22,02",entregue,2023-11-07
PED-00187,2023-12-02,CLI-1110,site,Rio de Janeiro,RJ,Casa & Decoração,Jogo de Toalhas 4 peças,1,219.62,"R$ 18,18",entregue,2023-12-13
PED-04557,2024-09-14,CLI-1036,site,Salvador,BA,Eletrônicos,Smartwatch Fit,3,442.55,"R$ 0,00",entregue,2024-09-22
PED-04856,10/12/2024,CLI-1195,app,belo horizonte,MG,Eletrônicos,Fone Bluetooth TWS,1,298.31,"R$ 22,10",cancelado,
PED-02047,2024-01-17,CLI-0818,site,São Paulo,SP,Moda,Tênis Casual Masculino,1,342.21,"R$ 0,00",entregue,2024-01-20
PED-03251,2024-12-19,CLI-0243,marketplace,CAMPINAS,SP,Moda,"Mochila Notebook 15""",1,142.42,"R$ 15,13",devolvido,2024-12-25
PED-03306,2023-02-25,CLI-0031,site,Fortaleza,CE,Eletrônicos,Webcam Full HD,3,299.3,"R$ 0,00",entregue,2023-03-09
PED-01757,2023-05-27,CLI-0406,site,Rio de Janeiro,RJ,Esporte,Halter Emborrachado 5kg,1,116.96,"R$ 15,42",entregue,2023-06-03
PED-00628,2023-04-05,CLI-0622,site,Sao Paulo,SP,Moda,Tênis Casual Masculino,3,280.26,"R$ 0,00",devolvido,2023-04-08
PED-02566,2023-12-15,CLI-0405,site,FORTALEZA,CE,Beleza,Secador de Cabelo 2000W,4,121.48,"R$ 0,00",entregue,2023-12-30
PED-04721,2024-01-19,CLI-1013,site,Brasília,DF,Casa & Decoração,"Tapete Sala 1,5m",2,229.79,"R$ 0,00",entregue,2024-02-02
PED-00624,2024-02-03,CLI-0306,marketplace,Ribeirão Preto,SP,Moda,Jaqueta Jeans,1,228.35,"R$ 13,66",entregue,2024-02-12
PED-04409,2024-11-12,CLI-0863,app,Curitiba,PR,Eletrônicos,Smartwatch Fit,1,353.11,"R$ 0,00",entregue,2024-11-24
PED-04406,2024-05-14,CLI-1007,marketplace,Campinas,SP,Moda,"Mochila Notebook 15""",1,227.96,"R$ 15,31",EM TRANSPORTE,
PED-01559,15/06/2024,CLI-0738,marketplace,Salvador,BA,Eletrônicos,Webcam Full HD,2,379.65,"R$ 0,00",entregue,23/06/2024
PED-04221,2023-07-05,CLI-0261,app,São Paulo,SP,Moda,Jaqueta Jeans,2,241.13,"R$ 0,00",entregue,2023-07-15
PED-01194,2024-12-21,CLI-1288,marketplace,Recife,PE,Moda,Boné Aba Curva,2,104.58,"R$ 28,66",entregue,2025-01-06
PED-03449,2023-11-10,CLI-0903,app,campinas,SP,Casa & Decoração,Jogo de Toalhas 4 peças,1,125.19,"R$ 12,13",entregue,2023-11-21
PED-04429,2023-08-28,CLI-0320,site,recife,PE,Casa & Decoração,Quadro Decorativo Abstrato,3,81.39,"R$ 30,41",Entregue,2023-09-07
PED-01383,31/03/2024,CLI-1359,app,Brasília,DF,Casa & Decoração,Quadro Decorativo Abstrato,2,149.09,"R$ 22,71",entregue,16/04/2024
PED-01777,2024-08-03,CLI-0357,app,São Paulo,SP,Esporte,Camiseta Dry Fit,3,76.76,"R$ 13,00",entregue,2024-08-12
PED-01036,2024-06-18,CLI-1073,site,São Paulo,SP,Esporte,Garrafa Térmica 1L,2,80.6,"R$ 17,59",entregue,2024-07-01
PED-00153,2023-05-27,CLI-0025,site,Porto Alegre,RS,Eletrônicos,Carregador Turbo 30W,1,67.87,"R$ 22,27",Entregue,2023-06-04
PED-01639,2023-09-06,CLI-1325,site,Rio de Janeiro,RJ,Moda,"Mochila Notebook 15""",1,164.2,"R$ 22,67",entregue,2023-09-12
PED-04675,2024-06-27,CLI-0935,marketplace,SÃO PAULO,SP,MODA,Jaqueta Jeans,2,212.69,"R$ 0,00",entregue,2024-07-04
PED-02383,05/06/2023,CLI-0097,marketplace,Ribeirao Preto,SP,Eletrônicos,Fone Bluetooth TWS,3,302.07,"R$ 0,00",devolvido,17/06/2023
PED-03661,2023-08-04,CLI-1212,app,Salvador,BA,Beleza,Secador de Cabelo 2000W,2,297.42,"R$ 0,00",entregue,2023-08-19
PED-02574,2024-10-21,CLI-1389,marketplace,Fortaleza,CE,Casa & Decoração,Vaso Decorativo Cerâmica,1,118.9,"R$ 32,23",entregue,2024-10-30
PED-03657,13/06/2023,CLI-0896,site,Brasília,DF,Eletrônicos,Carregador Turbo 30W,3,89.2,"R$ 29,49",entregue,01/07/2023
PED-00566,2024-07-04,CLI-0996,site,  Porto Alegre ,RS,Esporte,Garrafa Térmica 1L,1,75.25,"R$ 25,88",ENTREGUE,2024-07-22
PED-01859,2023-09-10,CLI-0960,site,Ribeirão Preto,SP,Eletrônicos,Caixa de Som Portátil,1,292.22,"R$ 12,83",entregue,2023-09-13
PED-01290,2024-04-25,CLI-0587,site,Belo Horizonte,MG,Eletrônicos,Smartwatch Fit,2,622.53,"R$ 0,00",entregue,2024-04-29
PED-02226,2023-09-13,CLI-0261,marketplace,Fortaleza,CE,Eletrônicos,Smartwatch Fit,3,882.82,"R$ 0,00",devolvido,2023-10-01
PED-00731,2023-11-03,CLI-1297,site,Salvador,BA,Eletrônicos,Smartwatch Fit,2,867.78,"R$ 0,00",entregue,2023-11-20
PED-04127,2024-03-19,CLI-1142,app,  Rio de Janeiro ,RJ,eletronicos,Caixa de Som Portátil,2,328.75,"R$ 0,00",entregue,2024-03-28
PED-03269,2024-12-11,CLI-0354,marketplace,São Paulo,SP,Eletrônicos,Webcam Full HD,1,305.15,"R$ 0,00",entregue,2024-12-17
PED-00500,2024-03-15,CLI-0990,app,Porto Alegre,RS,Moda,Jaqueta Jeans,4,296.81,"R$ 0,00",entregue,2024-03-22
PED-03547,2024-02-17,CLI-0486,app,Goiânia,GO,Casa & Decoração,Vaso Decorativo Cerâmica,2,103.41,"R$ 28,24",entregue,2024-03-05
PED-00943,03/07/2023,CLI-0352,site,Recife,PE,Moda,Boné Aba Curva,3,46.64,"R$ 32,47",entregue,15/07/2023
PED-03486,31/08/2024,CLI-0286,app,  Recife ,PE,eletronicos,Webcam Full HD,2,254.31,"R$ 0,00",entregue,07/09/2024
PED-01391,2024-12-04,CLI-1034,app,Belo Horizonte,MG,eletronicos,Fone Bluetooth TWS,3,316.98,"R$ 0,00",entregue,2024-12-13
PED-00164,2023-02-13,CLI-0352,app,Recife,PE,Eletrônicos,Smartwatch Fit,2,626.45,"R$ 0,00",entregue,2023-02-28
PED-01732,2023-03-01,CLI-0530,site,Brasília,DF,Eletrônicos,Caixa de Som Portátil,1,545.16,"R$ 0,00",entregue,2023-03-14
PED-04542,2023-02-04,CLI-1262,site,Recife,PE,Moda,Jaqueta Jeans,4,212.59,"R$ 0,00",entregue,2023-02-19
PED-00122,20/06/2024,CLI-1266,marketplace,RIO DE JANEIRO,RJ,Eletrônicos,Carregador Turbo 30W,1,102.52,"R$ 22,55",entregue,25/06/2024
PED-02944,2023-06-22,CLI-1187,site,,SP,BELEZA,Perfume Importado 100ml,2,205.04,"R$ 0,00",entregue,2023-06-25
PED-03906,2024-07-03,CLI-1037,marketplace,Rio de Janeiro,RJ,eletronicos,Fone Bluetooth TWS,2,212.63,"R$ 0,00",entregue,2024-07-14
PED-04448,25/02/2024,CLI-1352,site,São Paulo,SP,casa & decoracao,"Tapete Sala 1,5m",2,205.07,"R$ 0,00",entregue,28/02/2024
PED-00858,2024-11-13,CLI-0607,app,Porto Alegre,RS,Moda,Jaqueta Jeans,1,273.94,"R$ 27,88",entregue,2024-11-23
PED-02794,2024-12-27,CLI-0663,app,Brasília,DF,Moda,Jaqueta Jeans,2,253.14,"R$ 0,00",entregue,2025-01-03
PED-03130,2024-12-08,CLI-0946,site,Ribeirão Preto,SP,Eletrônicos,Fone Bluetooth TWS,2,333.69,"R$ 0,00",entregue,2024-12-16
PED-02056,2024-02-17,CLI-0809,app,Recife,PE,Beleza,Base Líquida Matte,4,148.91,"R$ 0,00",em transporte,
PED-00155,2023-04-29,CLI-0363,app,Ribeirao Preto,SP,Casa & Decoração,Vaso Decorativo Cerâmica,4,160.94,"R$ 0,00",entregue,2023-05-05
PED-01262,2023-12-18,CLI-0914,site,Fortaleza,CE,Esporte,Corda de Pular Speed,1,62.56,"R$ 32,16",cancelado,
PED-00956,2024-11-17,CLI-0696,site,Salvador,BA,Beleza,Secador de Cabelo 2000W,2,223.14,"R$ 0,00",entregue,2024-12-02
PED-00035,2024-02-08,CLI-1226,marketplace,Brasília,DF,Beleza,Kit Skincare Facial,3,137.37,"R$ 0,00",entregue,2024-02-26
PED-00476,2023-10-28,CLI-0689,site,fortaleza,CE,Eletrônicos,Fone Bluetooth TWS,1,345.75,"R$ 0,00",cancelado,
PED-02265,2024-04-21,CLI-1105,site,Porto Alegre,RS,Casa & Decoração,Vaso Decorativo Cerâmica,2,117.44,"R$ 21,69",entregue,2024-05-02
PED-02403,03/09/2024,CLI-0529,marketplace,São Paulo,SP,Eletrônicos,Caixa de Som Portátil,4,519.93,"R$ 0,00",entregue,07/09/2024
PED-02831,2023-08-13,CLI-0424,site,Belo Horizonte,MG,,Smartwatch Fit,4,539.84,"R$ 0,00",entregue,2023-08-27
PED-03087,2023-07-28,CLI-1292,marketplace,Goiânia,GO,Eletrônicos,Carregador Turbo 30W,1,93.48,"R$ 26,43",cancelado,
PED-03293,2024-05-03,CLI-0691,marketplace,Porto Alegre,RS,Moda,Camiseta Básica Algodão,4,48.73,"R$ 28,79",em transporte,
PED-00786,2023-11-26,CLI-0514,site,Campinas,SP,Eletrônicos,Fone Bluetooth TWS,4,333.27,"R$ 0,00",entregue,2023-12-01
PED-00062,2024-02-09,CLI-0775,app,Fortaleza,CE,Eletrônicos,Fone Bluetooth TWS,1,214.61,"R$ 36,05",em transporte,
PED-00466,2024-07-25,CLI-1032,app,Rio de Janeiro,RJ,Eletrônicos,Webcam Full HD,4,188.09,"R$ 0,00",entregue,2024-07-29
PED-00751,2023-09-19,CLI-0981,site,ribeirão preto,SP,Esporte,Tapete de Yoga 6mm,1,149.82,"R$ 13,19",em transporte,
PED-04386,2024-11-26,CLI-0949,marketplace,Salvador,BA,Beleza,Perfume Importado 100ml,1,562.68,"R$ 0,00",entregue,2024-12-03
PED-02501,2023-02-09,CLI-0601,site,fortaleza,CE,Beleza,Secador de Cabelo 2000W,4,335.9,"R$ 0,00",entregue,2023-02-20
PED-04601,2024-05-31,CLI-0510,site,Brasília,DF,Moda,Camiseta Básica Algodão,4,88.15,"R$ 0,00",entregue,2024-06-18
PED-03564,2023-07-08,CLI-0690,site,Campinas,SP,Eletrônicos,Fone Bluetooth TWS,3,391.6,"R$ 0,00",entregue,2023-07-21
PED-01217,2023-11-04,CLI-0229,marketplace,Belo Horizonte,MG,Casa & Decoração,"Tapete Sala 1,5m",1,374.02,"R$ 0,00",entregue,2023-11-09
PED-02913,30/03/2024,CLI-0373,marketplace,  Porto Alegre ,RS,Moda,Camiseta Básica Algodão,1,92.84,"R$ 23,52",entregue,10/04/2024
PED-04814,2024-12-06,CLI-1243,site,Belo Horizonte,MG,Esporte,Camiseta Dry Fit,1,126.75,"R$ 20,35",entregue,2024-12-19
PED-03168,12/07/2023,CLI-0583,marketplace,Porto Alegre,RS,eletronicos,Fone Bluetooth TWS,1,372.38,"R$ 0,00",entregue,21/07/2023
PED-00184,2023-11-04,CLI-0092,site,Rio de Janeiro,RJ,Moda,Tênis Casual Masculino,1,378.46,"R$ 0,00",entregue,2023-11-08
PED-00696,27/03/2024,CLI-0146,app,Belo Horizonte,MG,Eletrônicos,Caixa de Som Portátil,2,214.03,"R$ 0,00",entregue,03/04/2024
PED-03258,01/11/2023,CLI-0197,app,Curitiba,PR,Esporte,Garrafa Térmica 1L,3,80.23,"R$ 24,45",entregue,09/11/2023
PED-01136,2023-11-05,CLI-1109,app,São Paulo,SP,Moda,Jaqueta Jeans,1,160.03,"R$ 13,73",ENTREGUE,2023-11-19
PED-04900,2024-09-29,CLI-0086,marketplace,Recife,PE,,Boné Aba Curva,3,99.62,"R$ 32,51",entregue,2024-10-13
PED-03588,2024-02-21,CLI-1328,site,Ribeirão Preto,SP,Beleza,Kit Skincare Facial,1,270.36,"R$ 16,01",entregue,2024-02-26
PED-01768,2023-03-25,CLI-0095,app,Belo Horizonte,MG,Moda,Boné Aba Curva,1,48.68,"R$ 25,84",entregue,2023-03-28
PED-03847,2024-08-18,CLI-0093,marketplace,Ribeirão Preto,SP,,"Mochila Notebook 15""",1,271.31,"R$ 13,53",Entregue,2024-08-23
PED-02382,29/08/2023,CLI-1339,site,São Paulo,SP,Beleza,Kit Skincare Facial,3,187.21,"R$ 0,00",em transporte,
PED-03655,2023-11-05,CLI-1320,app,Porto Alegre,RS,Eletrônicos,Caixa de Som Portátil,2,237.46,"R$ 0,00",entregue,2023-11-15
PED-01887,2023-05-15,CLI-0298,marketplace,Recife,PE,Eletrônicos,Carregador Turbo 30W,1,64.16,"R$ 30,74",devolvido,2023-05-31
PED-03834,2024-02-08,CLI-1186,site,Curitiba,PR,Beleza,Secador de Cabelo 2000W,1,137.7,"R$ 28,29",entregue,2024-02-18
PED-04866,05/05/2023,CLI-0261,app,Curitiba,PR,eletronicos,Carregador Turbo 30W,2,120.93,"R$ 21,64",devolvido,18/05/2023
PED-03308,30/01/2023,CLI-0583,site,Curitiba,PR,Beleza,Kit Skincare Facial,1,271.8,"R$ 19,07",devolvido,08/02/2023
PED-04650,2024-02-02,CLI-0927,app,Fortaleza,CE,Esporte,Corda de Pular Speed,1,50.3,"R$ 36,72",entregue,2024-02-16
PED-03964,01/10/2023,CLI-0035,site,  Rio de Janeiro ,RJ,Esporte,Halter Emborrachado 5kg,2,131.6,"R$ 20,87",entregue,15/10/2023
PED-03667,02/08/2023,CLI-0014,site,Campinas,SP,Casa & Decoração,Vaso Decorativo Cerâmica,1,79.03,"R$ 12,84",entregue,12/08/2023
PED-04772,16/12/2023,CLI-1073,app,Goiânia,GO,Esporte,Garrafa Térmica 1L,4,84.06,"R$ 0,00",entregue,31/12/2023
PED-01576,17/08/2023,CLI-0558,app,São Paulo,,Eletrônicos,Fone Bluetooth TWS,2,202.78,"R$ 0,00",entregue,28/08/2023
PED-04338,2023-01-29,CLI-1227,marketplace,Goiania,GO,Beleza,Base Líquida Matte,3,68.95,"R$ 29,37",entregue,2023-02-16
PED-02587,2023-11-13,CLI-0624,site,Porto Alegre,RS,esporte,Halter Emborrachado 5kg,1,106.57,"R$ 27,51",cancelado,
PED-00633,2023-02-12,CLI-1127,site,Rio de Janeiro,RJ,Eletrônicos,Webcam Full HD,2,160.44,"R$ 0,00",entregue,2023-02-15
PED-00538,2023-06-18,CLI-0860,site,São Paulo,SP,Eletrônicos,Smartwatch Fit,1,596.25,"R$ 0,00",em transporte,
PED-02041,2023-10-11,CLI-1114,site,porto alegre,RS,Eletrônicos,Smartwatch Fit,1,436.66,"R$ 0,00",devolvido,2023-10-22
PED-01049,2024-11-07,CLI-0452,app,São Paulo,,Moda,Jaqueta Jeans,4,,"R$ 0,00",entregue,2024-11-11
PED-01294,06/11/2023,CLI-0615,marketplace,Campinas,SP,Beleza,Secador de Cabelo 2000W,3,380.85,"R$ 0,00",entregue,15/11/2023
PED-04754,19/02/2024,CLI-0187,site,São Paulo,SP,Esporte,Camiseta Dry Fit,3,102.76,"R$ 0,00",Entregue,04/03/2024
PED-03530,2024-02-21,CLI-1179,site,Porto Alegre,RS,Beleza,Perfume Importado 100ml,1,199.95,"R$ 22,57",entregue,2024-03-07
PED-03715,04/11/2024,CLI-0515,app,SÃO PAULO,SP,Beleza,Secador de Cabelo 2000W,1,302.64,"R$ 0,00",entregue,17/11/2024
PED-00121,06/05/2024,CLI-0837,site,Rio de Janeiro,RJ,Casa & Decoração,"Tapete Sala 1,5m",2,404.15,"R$ 0,00",entregue,11/05/2024
PED-04312,03/10/2024,CLI-1269,app,Brasília,DF,Eletrônicos,Smartwatch Fit,2,729.09,"R$ 0,00",ENTREGUE,21/10/2024
PED-03554,2024-03-20,CLI-0989,site,Belo Horizonte,MG,Eletrônicos,Webcam Full HD,3,254.0,"R$ 0,00",entregue,2024-03-30
PED-00404,2023-05-01,CLI-0511,site,São Paulo,SP,Eletrônicos,Caixa de Som Portátil,2,327.63,"R$ 0,00",entregue,2023-05-13
PED-00182,2024-11-19,CLI-0973,marketplace,Brasília,DF,Casa & Decoração,Quadro Decorativo Abstrato,3,122.99,"R$ 0,00",devolvido,2024-12-07
PED-04755,2024-11-30,CLI-0919,app,Goiânia,GO,Moda,Tênis Casual Masculino,1,256.06,"R$ 28,10",entregue,2024-12-14
PED-02106,2024-08-02,CLI-0989,site,Salvador,BA,Moda,Jaqueta Jeans,4,235.73,"R$ 0,00",entregue,2024-08-09
PED-01054,2023-05-25,CLI-1020,marketplace,São Paulo,SP,Eletrônicos,Caixa de Som Portátil,2,304.79,"R$ 0,00",entregue,2023-06-02
PED-01015,2023-11-17,CLI-0058,site,São Paulo,SP,Beleza,Perfume Importado 100ml,1,368.76,"R$ 0,00",entregue,2023-11-27
PED-04049,2023-11-29,CLI-0468,site,Rio de Janeiro,RJ,Moda,Tênis Casual Masculino,2,312.57,"R$ 0,00",ENTREGUE,2023-12-05
PED-01028,2023-11-28,CLI-0705,marketplace,  Salvador ,BA,CASA & DECORAÇÃO,"Tapete Sala 1,5m",1,222.29,"R$ 31,02",entregue,2023-12-08
PED-04372,2023-05-08,CLI-0484,app,BRASÍLIA,DF,Casa & Decoração,Jogo de Toalhas 4 peças,3,224.14,"R$ 0,00",Entregue,2023-05-23
PED-01557,2024-12-02,CLI-1084,marketplace,Ribeirao Preto,SP,Esporte,Garrafa Térmica 1L,3,72.57,"R$ 12,76",entregue,2024-12-07
PED-00270,2023-01-25,CLI-1179,site,São Paulo,SP,Beleza,Perfume Importado 100ml,2,288.65,"R$ 0,00",devolvido,2023-01-29
PED-02684,05/05/2024,CLI-1024,app,Curitiba,PR,Beleza,Perfume Importado 100ml,3,524.1,"R$ 0,00",Entregue,13/05/2024
PED-02396,2024-12-28,CLI-0810,app,Rio de Janeiro,RJ,Moda,Tênis Casual Masculino,1,274.46,"R$ 20,48",entregue,2025-01-01
PED-02064,2023-04-11,CLI-0714,site,São Paulo,SP,Esporte,Corda de Pular Speed,3,45.75,"R$ 17,95",entregue,2023-04-24
PED-03772,2024-12-15,CLI-0970,site,Rio de Janeiro,RJ,Esporte,Garrafa Térmica 1L,1,132.95,"R$ 25,43",entregue,2024-12-20
PED-03648,11/12/2023,CLI-0909,site,Fortaleza,CE,moda,"Mochila Notebook 15""",3,240.98,"R$ 0,00",Em transporte,
PED-00217,2023-05-19,CLI-0352,site,Belo Horizonte,MG,Esporte,Camiseta Dry Fit,1,122.69,"R$ 17,86",entregue,2023-05-28
PED-04419,2023-01-03,CLI-0052,app,Rio de Janeiro,RJ,Moda,Camiseta Básica Algodão,1,84.88,"R$ 23,24",entregue,2023-01-17
PED-02673,2023-12-16,CLI-0825,app,São Paulo,SP,ESPORTE,Halter Emborrachado 5kg,1,119.59,"R$ 7,65",ENTREGUE,2023-12-29
PED-00294,2023-04-19,CLI-0497,marketplace,FORTALEZA,CE,Beleza,Perfume Importado 100ml,1,617.67,"R$ 0,00",entregue,2023-05-02
PED-02455,2024-06-02,CLI-1098,app,Curitiba,PR,Casa & Decoração,Vaso Decorativo Cerâmica,2,178.71,"R$ 0,00",entregue,2024-06-19
PED-04886,02/11/2024,CLI-0560,site,Curitiba,PR,Beleza,Secador de Cabelo 2000W,4,310.5,"R$ 0,00",entregue,13/11/2024
PED-00149,2024-01-12,CLI-0337,app,Salvador,BA,eletronicos,Webcam Full HD,2,340.06,"R$ 0,00",entregue,2024-01-27
PED-01585,2024-05-21,CLI-0762,app,Curitiba,PR,Casa & Decoração,Jogo de Toalhas 4 peças,4,240.38,"R$ 0,00",entregue,2024-06-03
PED-01831,2024-02-06,CLI-1300,app,Ribeirão Preto,SP,MODA,Boné Aba Curva,2,118.59,"R$ 15,82",Entregue,2024-02-15
PED-04667,2024-10-11,CLI-0896,app,Brasília,,Casa & Decoração,Vaso Decorativo Cerâmica,2,172.09,"R$ 0,00",entregue,2024-10-23
PED-04617,2023-05-23,CLI-0314,site,Rio de Janeiro,RJ,Casa & Decoração,Luminária de Mesa LED,2,152.58,"R$ 0,00",entregue,2023-05-30
PED-02636,2024-01-03,CLI-0288,site,Brasília,DF,Moda,Jaqueta Jeans,3,270.94,"R$ 0,00",entregue,2024-01-14
PED-00584,2023-12-16,CLI-0317,app,Campinas,SP,Beleza,Kit Skincare Facial,1,229.38,"R$ 15,42",devolvido,2023-12-29
PED-01112,2023-12-30,CLI-1258,app,  Rio de Janeiro ,RJ,Eletrônicos,Caixa de Som Portátil,4,299.52,"R$ 0,00",entregue,2024-01-13
PED-01947,2023-07-24,CLI-0092,site,Salvador,BA,Esporte,Garrafa Térmica 1L,2,138.78,"R$ 36,03",entregue,2023-08-11
PED-03734,2024-05-03,CLI-0825,marketplace,Belo Horizonte,MG,Moda,Boné Aba Curva,2,118.43,"R$ 21,23",entregue,2024-05-17
PED-02454,2024-09-28,CLI-1270,site,Curitiba,PR,ESPORTE,Garrafa Térmica 1L,1,88.92,"R$ 23,05",entregue,2024-10-12
PED-02471,2024-01-18,CLI-1224,app,Fortaleza,CE,Moda,Camiseta Básica Algodão,4,81.59,"R$ 0,00",entregue,2024-01-26
PED-04295,10/10/2024,CLI-0043,app,Recife,PE,Eletrônicos,Fone Bluetooth TWS,1,162.97,"R$ 29,90",entregue,25/10/2024
PED-04952,2024-08-25,CLI-1374,site,Belo Horizonte,MG,moda,"Mochila Notebook 15""",1,211.51,"R$ 21,36",devolvido,2024-09-06
PED-04450,2023-01-24,CLI-1065,marketplace,Rio de Janeiro,RJ,Casa & Decoração,Jogo de Toalhas 4 peças,4,110.95,"R$ 0,00",entregue,2023-02-06
PED-02217,2023-05-04,CLI-0117,site,Salvador,BA,Moda,Tênis Casual Masculino,1,270.83,"R$ 29,32",entregue,2023-05-22
PED-03777,2024-07-28,CLI-1032,site,Salvador,BA,Casa & Decoração,Jogo de Toalhas 4 peças,2,184.28,"R$ 0,00",entregue,2024-08-06
PED-02822,2024-07-10,CLI-1234,marketplace,Brasília,DF,Beleza,Secador de Cabelo 2000W,2,318.56,"R$ 0,00",entregue,2024-07-17
PED-04057,2023-10-18,CLI-1083,site,belo horizonte,MG,Esporte,Camiseta Dry Fit,4,82.29,"R$ 0,00",Entregue,2023-10-24
PED-03029,18/05/2024,CLI-0740,app,Rio de Janeiro,RJ,Eletrônicos,Webcam Full HD,2,356.34,"R$ 0,00",entregue,28/05/2024
PED-01114,2024-12-03,CLI-0393,site,RIO DE JANEIRO,RJ,Eletrônicos,Smartwatch Fit,1,776.4,"R$ 0,00",em transporte,
PED-03466,30/09/2024,CLI-0349,app,São Paulo,SP,Casa & Decoração,Luminária de Mesa LED,1,128.46,"R$ 16,96",cancelado,
PED-01879,2024-04-10,CLI-0972,site,Ribeirão Preto,SP,ESPORTE,Camiseta Dry Fit,1,66.43,"R$ 12,74",entregue,2024-04-24
PED-00151,21/10/2024,CLI-0145,site,RIBEIRÃO PRETO,SP,Moda,Camiseta Básica Algodão,2,56.14,"R$ 17,82",entregue,24/10/2024
PED-01344,2024-04-23,CLI-0675,site,Campinas,SP,Moda,Boné Aba Curva,1,45.42,"R$ 9,76",entregue,2024-05-01
PED-01722,2023-08-11,CLI-0532,marketplace,São Paulo,SP,,Perfume Importado 100ml,1,422.74,"R$ 0,00",entregue,2023-08-22
PED-01872,13/01/2024,CLI-0577,site,Belo Horizonte,MG,Esporte,Corda de Pular Speed,3,47.03,"R$ 18,08",em transporte,
PED-02892,2024-12-24,CLI-0422,site,São Paulo,SP,Moda,"Mochila Notebook 15""",-1,151.94,"R$ 0,00",devolvido,2024-12-27
PED-01132,17/03/2024,CLI-0505,app,Salvador,BA,Moda,Jaqueta Jeans,3,175.57,"R$ 0,00",entregue,31/03/2024
PED-03501,2023-12-25,CLI-0865,site,São Paulo,SP,Moda,"Mochila Notebook 15""",3,181.82,"R$ 0,00",entregue,2024-01-07
PED-04099,2024-07-16,CLI-0793,app,Campinas,SP,Beleza,Perfume Importado 100ml,1,528.54,"R$ 0,00",entregue,2024-07-20
PED-00299,20/09/2024,CLI-0827,site,Belo Horizonte,MG,Casa & Decoração,Vaso Decorativo Cerâmica,3,67.96,"R$ 21,81",Entregue,27/09/2024
PED-04361,2023-09-03,CLI-0317,app,Ribeirão Preto,SP,Esporte,Tapete de Yoga 6mm,2,97.2,"R$ 14,95",em transporte,
PED-04543,2024-12-27,CLI-0825,site,Belo Horizonte,MG,Esporte,Tapete de Yoga 6mm,1,120.98,"R$ 21,34",entregue,2024-12-31
PED-04203,26/04/2023,CLI-1007,marketplace,Curitiba,PR,Eletrônicos,Fone Bluetooth TWS,2,285.59,"R$ 0,00",entregue,12/05/2023
PED-02537,22/09/2024,CLI-0806,app,Porto Alegre,RS,Beleza,Kit Skincare Facial,1,263.71,"R$ 22,53",ENTREGUE,29/09/2024
PED-00492,18/06/2024,CLI-0361,marketplace,Salvador,BA,Eletrônicos,Smartwatch Fit,4,692.39,"R$ 0,00",entregue,04/07/2024
PED-04476,2024-06-23,CLI-0508,marketplace,Porto Alegre,RS,casa & decoracao,Vaso Decorativo Cerâmica,1,107.82,"R$ 27,30",entregue,2024-07-08
PED-03353,2023-02-15,CLI-0073,marketplace,Belo Horizonte,MG,Casa & Decoração,"Tapete Sala 1,5m",2,336.99,"R$ 0,00",entregue,2023-02-28
PED-00169,2023-11-05,CLI-0557,site,Porto Alegre,RS,Eletrônicos,Webcam Full HD,2,167.9,"R$ 0,00",entregue,2023-11-15
PED-03699,2023-01-29,CLI-0011,site,Recife,PE,Esporte,Tapete de Yoga 6mm,2,144.17,"R$ 25,37",entregue,2023-02-05
PED-03770,2024-06-06,CLI-0001,site,São Paulo,SP,ELETRÔNICOS,Webcam Full HD,1,273.01,"R$ 14,37",entregue,2024-06-18
PED-03894,23/03/2024,CLI-1370,site,Curitiba,PR,Eletrônicos,Webcam Full HD,3,337.07,"R$ 0,00",entregue,06/04/2024
PED-00222,2024-02-25,CLI-1187,marketplace,Rio de Janeiro,,Casa & Decoração,"Tapete Sala 1,5m",2,153.02,"R$ 0,00",entregue,2024-03-04
PED-00165,2024-04-15,CLI-0690,site,SÃO PAULO,SP,Moda,Boné Aba Curva,1,115.44,"R$ 17,81",entregue,2024-04-19
PED-03033,2023-09-13,CLI-1359,site,Rio de Janeiro,RJ,Eletrônicos,Caixa de Som Portátil,1,424.41,"R$ 0,00",devolvido,2023-09-21
PED-02388,2023-02-22,CLI-0126,app,Rio de Janeiro,RJ,,Carregador Turbo 30W,1,113.69,"R$ 17,82",entregue,2023-03-04
PED-01611,2023-09-13,CLI-0989,site,Salvador,BA,Esporte,Halter Emborrachado 5kg,1,116.92,"R$ 34,25",entregue,2023-09-30
PED-03279,2023-11-08,CLI-0334,site,São Paulo,SP,Eletrônicos,Smartwatch Fit,3,,"R$ 0,00",entregue,2023-11-20
PED-02629,2023-10-14,CLI-1143,site,são paulo,SP,Moda,"Mochila Notebook 15""",1,305.85,"R$ 0,00",entregue,2023-10-19
PED-00245,2024-05-20,CLI-1257,app,Porto Alegre,RS,Casa & Decoração,Vaso Decorativo Cerâmica,2,64.14,"R$ 22,37",Entregue,2024-05-28
PED-00707,2024-09-29,CLI-1126,app,Campinas,SP,Casa & Decoração,Luminária de Mesa LED,1,105.26,"R$ 11,27",entregue,2024-10-09
PED-02974,2024-12-02,CLI-0054,site,belo horizonte,MG,moda,Jaqueta Jeans,3,220.35,"R$ 0,00",entregue,2024-12-16
PED-00357,10/09/2024,CLI-1251,app,rio de janeiro,RJ,beleza,Kit Skincare Facial,2,178.65,"R$ 0,00",em transporte,
PED-02394,2023-01-13,CLI-0216,app,Campinas,,Eletrônicos,Smartwatch Fit,2,406.55,"R$ 0,00",entregue,2023-01-20
PED-01994,2023-03-22,CLI-0416,marketplace,Belo Horizonte,MG,Eletrônicos,Fone Bluetooth TWS,1,357.0,"R$ 0,00",Entregue,2023-03-25
PED-03913,2024-11-09,CLI-1149,app,rio de janeiro,RJ,Eletrônicos,Webcam Full HD,2,188.34,"R$ 0,00",entregue,2024-11-22
PED-01442,27/02/2023,CLI-0908,marketplace,Belo Horizonte,MG,Beleza,Base Líquida Matte,2,100.72,"R$ 17,35",entregue,13/03/2023
PED-00512,31/10/2024,CLI-1280,app,Fortaleza,,Esporte,Halter Emborrachado 5kg,1,128.72,"R$ 37,68",entregue,13/11/2024
PED-04323,2024-05-29,CLI-0052,app,São Paulo,SP,Beleza,Base Líquida Matte,1,135.43,"R$ 11,69",Entregue,2024-06-11
PED-02832,23/01/2024,CLI-1301,app,Campinas,SP,Eletrônicos,Caixa de Som Portátil,2,287.41,"R$ 0,00",em transporte,
PED-04799,2024-11-01,CLI-0328,marketplace,Curitiba,PR,Casa & Decoração,Jogo de Toalhas 4 peças,2,146.51,"R$ 26,06",ENTREGUE,2024-11-08
PED-04157,2024-11-24,CLI-0577,app,Goiânia,GO,Moda,"Mochila Notebook 15""",1,271.63,"R$ 26,31",entregue,2024-12-10
PED-00626,24/12/2023,CLI-0715,site,Recife,PE,Moda,Tênis Casual Masculino,3,425.45,"R$ 0,00",entregue,01/01/2024
PED-03636,2023-03-12,CLI-1348,site,Salvador,BA,Moda,Jaqueta Jeans,1,236.55,"R$ 33,04",entregue,2023-03-22
PED-01252,2023-04-28,CLI-0779,site,FORTALEZA,CE,Moda,Jaqueta Jeans,2,154.71,"R$ 0,00",entregue,2023-05-13
PED-01274,2024-05-07,CLI-1216,site,Porto Alegre,RS,Eletrônicos,Caixa de Som Portátil,2,489.17,"R$ 0,00",entregue,2024-05-17
PED-03131,2024-01-02,CLI-0187,site,São Paulo,SP,Eletrônicos,Caixa de Som Portátil,4,182.08,"R$ 0,00",entregue,2024-01-15
PED-03635,2024-05-10,CLI-0207,app,Recife,PE,Casa & Decoração,"Tapete Sala 1,5m",3,271.24,"R$ 0,00",entregue,2024-05-22
PED-00536,31/07/2023,CLI-1069,app,BELO HORIZONTE,MG,Beleza,Secador de Cabelo 2000W,1,337.31,"R$ 0,00",entregue,06/08/2023
PED-00651,2023-12-18,CLI-0325,site,Goiânia,GO,Eletrônicos,Smartwatch Fit,2,819.15,"R$ 0,00",entregue,2024-01-04
PED-04645,01/10/2023,CLI-0939,app,Salvador,BA,Eletrônicos,Carregador Turbo 30W,1,86.34,"R$ 31,30",entregue,08/10/2023
PED-02630,02/09/2023,CLI-0955,site,Recife,PE,Beleza,Secador de Cabelo 2000W,2,174.82,"R$ 0,00",entregue,18/09/2023
PED-00533,2023-12-10,CLI-1361,app,são paulo,SP,Moda,Boné Aba Curva,2,52.42,"R$ 10,16",entregue,2023-12-22
PED-01393,07/05/2023,CLI-1240,app,recife,PE,Casa & Decoração,"Tapete Sala 1,5m",3,224.63,"R$ 0,00",entregue,14/05/2023
PED-03172,2024-07-05,CLI-1006,site,Rio de Janeiro,RJ,Casa & Decoração,Vaso Decorativo Cerâmica,3,172.02,"R$ 0,00",entregue,2024-07-15
PED-01422,2024-02-20,CLI-0964,app,Belo Horizonte,MG,Eletrônicos,Webcam Full HD,1,228.48,"R$ 19,59",entregue,2024-02-24
PED-04213,2024-01-21,CLI-0206,app,Porto Alegre,RS,Eletrônicos,Smartwatch Fit,2,587.11,"R$ 0,00",entregue,2024-02-05
PED-01131,2024-12-31,CLI-0027,site,Porto Alegre,RS,Esporte,Tapete de Yoga 6mm,1,165.03,"R$ 24,94",entregue,2025-01-09
PED-00031,2024-08-28,CLI-0341,marketplace,Recife,PE,Eletrônicos,Caixa de Som Portátil,1,471.99,"R$ 0,00",entregue,2024-09-11
PED-00390,2024-11-03,CLI-0873,marketplace,Brasília,DF,Casa & Decoração,Luminária de Mesa LED,3,146.64,"R$ 0,00",entregue,2024-11-18
PED-01014,10/12/2024,CLI-0771,marketplace,São Paulo,SP,Casa & Decoração,Quadro Decorativo Abstrato,3,172.02,"R$ 0,00",entregue,19/12/2024
PED-04967,30/11/2023,CLI-1334,site,Curitiba,PR,,Boné Aba Curva,1,97.79,"R$ 19,06",Entregue,15/12/2023
PED-02000,20/03/2024,CLI-0942,app,rio de janeiro,RJ,Casa & Decoração,Luminária de Mesa LED,2,93.65,"R$ 19,07",Devolvido,01/04/2024
PED-04544,2024-02-29,CLI-0991,site,são paulo,SP,ESPORTE,Tapete de Yoga 6mm,4,185.16,"R$ 0,00",entregue,2024-03-11
PED-03044,19/01/2024,CLI-1333,site,SÃO PAULO,SP,MODA,Camiseta Básica Algodão,3,58.92,"R$ 18,60",entregue,23/01/2024
PED-02073,06/10/2023,CLI-0839,site,Ribeirão Preto,SP,Eletrônicos,Smartwatch Fit,3,308.07,"R$ 0,00",entregue,18/10/2023
PED-03653,01/11/2023,CLI-1369,marketplace,Porto Alegre,RS,Eletrônicos,Carregador Turbo 30W,1,68.32,"R$ 25,65",em transporte,
PED-00059,26/05/2023,CLI-1330,site,SALVADOR,BA,Moda,Boné Aba Curva,4,65.26,"R$ 27,89",entregue,02/06/2023
PED-01502,2024-12-15,CLI-1275,marketplace,Rio de Janeiro,RJ,casa & decoracao,Vaso Decorativo Cerâmica,1,130.19,"R$ 17,78",cancelado,
PED-01291,2024-02-01,CLI-0142,marketplace,Goiânia,GO,Moda,Jaqueta Jeans,2,157.56,"R$ 0,00",em transporte,
PED-03804,02/07/2023,CLI-1379,app,Belo Horizonte,MG,Eletrônicos,Smartwatch Fit,4,569.86,"R$ 0,00",entregue,08/07/2023
PED-01807,2023-03-25,CLI-0955,site,Ribeirão Preto,SP,Esporte,Corda de Pular Speed,2,77.04,"R$ 12,84",Cancelado,
PED-01602,2023-05-26,CLI-0961,app,  Goiânia ,GO,moda,Tênis Casual Masculino,2,398.39,"R$ 0,00",entregue,2023-06-05
PED-04272,2024-02-16,CLI-0761,site,Recife,PE,eletronicos,Caixa de Som Portátil,1,287.19,"R$ 26,29",entregue,2024-02-23
PED-04384,2024-02-09,CLI-0065,site,São Paulo,SP,Beleza,Perfume Importado 100ml,3,512.35,"R$ 0,00",entregue,2024-02-12
PED-02498,2023-08-03,CLI-0966,marketplace,SÃO PAULO,,Eletrônicos,Smartwatch Fit,1,886.04,"R$ 0,00",entregue,2023-08-12
PED-02492,18/12/2023,CLI-1315,marketplace,  Porto Alegre ,RS,Beleza,Secador de Cabelo 2000W,3,283.13,"R$ 0,00",cancelado,
PED-02542,2024-01-11,CLI-0522,app,FORTALEZA,CE,Beleza,Base Líquida Matte,1,91.61,"R$ 36,90",entregue,2024-01-28
PED-02318,10/09/2024,CLI-0570,app,São Paulo,SP,Moda,Camiseta Básica Algodão,3,45.74,"R$ 15,25",Entregue,23/09/2024
PED-04000,04/07/2023,CLI-0130,marketplace,Goiânia,,Eletrônicos,Carregador Turbo 30W,2,101.18,"R$ 28,07",entregue,20/07/2023
PED-04178,2024-12-26,CLI-0947,app,Curitiba,PR,Beleza,Base Líquida Matte,1,,"R$ 21,41",entregue,2025-01-07
PED-04876,2024-04-15,CLI-1211,app,Ribeirão Preto,SP,Casa & Decoração,Jogo de Toalhas 4 peças,4,201.6,"R$ 0,00",cancelado,
PED-01085,22/12/2024,CLI-0529,site,Salvador,BA,Beleza,Base Líquida Matte,4,98.83,"R$ 0,00",entregue,07/01/2025
PED-03584,2024-08-11,CLI-1051,marketplace,Salvador,BA,Moda,Tênis Casual Masculino,1,,"R$ 0,00",ENTREGUE,2024-08-20
PED-01791,11/09/2024,CLI-0919,marketplace,ribeirão preto,SP,,Boné Aba Curva,2,108.85,"R$ 6,97",entregue,20/09/2024
PED-01733,2024-08-31,CLI-0352,site,Porto Alegre,RS,Moda,Camiseta Básica Algodão,1,40.17,"R$ 26,96",entregue,2024-09-07
PED-01517,2023-05-01,CLI-0253,site,SÃO PAULO,SP,Beleza,Kit Skincare Facial,3,209.77,"R$ 0,00",entregue,2023-05-11
PED-04928,2024-02-21,CLI-0099,app,Brasília,DF,Casa & Decoração,Jogo de Toalhas 4 peças,1,132.84,"R$ 25,36",Entregue,2024-03-03
PED-03169,27/03/2023,CLI-0014,site,São Paulo,SP,Esporte,Camiseta Dry Fit,1,97.32,"R$ 15,11",em transporte,
PED-03515,28/11/2024,CLI-0226,marketplace,RIO DE JANEIRO,RJ,Moda,Tênis Casual Masculino,3,325.06,"R$ 0,00",entregue,08/12/2024
PED-04958,2023-09-03,CLI-0562,site,São Paulo,SP,Moda,Camiseta Básica Algodão,2,70.01,"R$ 6,67",ENTREGUE,2023-09-15
PED-01475,2024-03-20,CLI-1135,app,recife,PE,Moda,Boné Aba Curva,3,86.76,"R$ 25,76",entregue,2024-04-04
PED-00516,27/06/2023,CLI-0539,app,Porto Alegre,RS,Casa & Decoração,"Tapete Sala 1,5m",4,431.36,"R$ 0,00",em transporte,
PED-02952,2024-09-19,CLI-0918,app,Rio de Janeiro,RJ,Moda,Camiseta Básica Algodão,1,63.17,"R$ 20,40",entregue,2024-09-28
PED-04793,02/10/2023,CLI-1110,app,Ribeirão Preto,SP,Casa & Decoração,"Tapete Sala 1,5m",1,377.21,"R$ 0,00",entregue,10/10/2023
PED-04518,23/10/2023,CLI-0206,site,Salvador,BA,Moda,Tênis Casual Masculino,1,407.91,"R$ 0,00",entregue,03/11/2023
PED-01329,2023-09-28,CLI-0281,app,Goiânia,GO,Eletrônicos,Carregador Turbo 30W,1,78.41,"R$ 25,44",entregue,2023-10-11
PED-00616,2024-08-19,CLI-0094,site,Goiânia,GO,esporte,Tapete de Yoga 6mm,2,83.1,"R$ 28,93",entregue,2024-09-03
PED-03178,2023-11-28,CLI-0974,app,São Paulo,,Eletrônicos,Smartwatch Fit,2,577.29,"R$ 0,00",entregue,2023-12-09
PED-03187,2024-08-14,CLI-0888,site,Campinas,SP,Moda,Jaqueta Jeans,2,281.69,"R$ 0,00",entregue,2024-08-21
PED-00863,2024-09-23,CLI-0522,app,Curitiba,PR,Eletrônicos,Fone Bluetooth TWS,1,312.74,"R$ 0,00",entregue,2024-09-30
PED-01011,2024-06-27,CLI-0177,app,Porto Alegre,RS,Casa & Decoração,Quadro Decorativo Abstrato,2,173.6,"R$ 0,00",entregue,2024-07-05
PED-02011,2023-02-25,CLI-0903,site,Brasília,,Esporte,Camiseta Dry Fit,3,111.65,"R$ 0,00",entregue,2023-03-08
PED-00322,18/02/2024,CLI-0530,site,Brasília,DF,Eletrônicos,Caixa de Som Portátil,2,460.3,"R$ 0,00",entregue,29/02/2024
PED-03950,2023-10-20,CLI-0539,site,São Paulo,,Casa & Decoração,Quadro Decorativo Abstrato,3,149.36,"R$ 0,00",entregue,2023-10-31
PED-00195,2023-06-08,CLI-0287,marketplace,São Paulo,SP,Moda,"Mochila Notebook 15""",4,254.07,"R$ 0,00",entregue,2023-06-14
PED-02890,2023-05-15,CLI-0741,site,Belo Horizonte,MG,Moda,Jaqueta Jeans,1,197.76,"R$ 23,06",entregue,2023-05-18
PED-01440,2024-12-22,CLI-0310,app,Sao Paulo,SP,Eletrônicos,Caixa de Som Portátil,2,304.28,"R$ 0,00",entregue,2025-01-05
PED-00211,2024-07-21,CLI-1106,site,RIBEIRÃO PRETO,SP,Casa & Decoração,Luminária de Mesa LED,2,112.64,"R$ 20,88",entregue,2024-08-04
PED-04160,2023-07-30,CLI-1315,site,Salvador,BA,Eletrônicos,Carregador Turbo 30W,1,67.92,"R$ 34,31",entregue,2023-08-16
PED-02404,2024-11-18,CLI-0239,site,Ribeirão Preto,SP,Beleza,Perfume Importado 100ml,1,459.16,"R$ 0,00",entregue,2024-11-27
PED-03516,2024-09-04,CLI-1371,site,São Paulo,SP,Casa & Decoração,Jogo de Toalhas 4 peças,4,248.24,"R$ 0,00",ENTREGUE,2024-09-14
PED-04931,2024-09-06,CLI-0806,app,,PR,eletronicos,Caixa de Som Portátil,1,183.06,"R$ 16,26",entregue,2024-09-19
PED-01616,2023-08-04,CLI-1056,app,Rio de Janeiro,,Eletrônicos,Fone Bluetooth TWS,1,301.01,"R$ 0,00",entregue,2023-08-11
PED-00235,2024-12-03,CLI-0801,site,RECIFE,PE,Eletrônicos,Smartwatch Fit,2,819.68,"R$ 0,00",entregue,2024-12-12
PED-00547,13/12/2023,CLI-1111,site,São Paulo,SP,Casa & Decoração,Quadro Decorativo Abstrato,2,110.91,"R$ 11,50",entregue,21/12/2023
PED-02107,2024-08-04,CLI-1110,marketplace,São Paulo,SP,Moda,"Mochila Notebook 15""",2,151.24,"R$ 0,00",devolvido,2024-08-09
PED-04311,2024-03-20,CLI-1307,app,Curitiba,PR,Eletrônicos,Fone Bluetooth TWS,3,218.24,"R$ 0,00",entregue,2024-04-06
PED-02118,2023-02-16,CLI-0507,marketplace,Belo Horizonte,MG,Moda,"Mochila Notebook 15""",1,305.24,"R$ 0,00",entregue,2023-02-24
PED-02279,2024-11-07,CLI-1387,marketplace,SÃO PAULO,SP,Eletrônicos,Webcam Full HD,2,374.23,"R$ 0,00",entregue,2024-11-12
PED-04236,2023-06-25,CLI-1193,site,Curitiba,PR,Moda,Jaqueta Jeans,1,326.76,"R$ 0,00",entregue,2023-07-02
PED-00736,2024-07-24,CLI-0487,site,Brasília,DF,Esporte,Camiseta Dry Fit,4,126.38,"R$ 0,00",entregue,2024-08-04
PED-00127,2023-11-11,CLI-0577,site,Rio de Janeiro,RJ,Eletrônicos,Fone Bluetooth TWS,1,166.07,"R$ 21,53",entregue,2023-11-18
PED-04680,2024-11-12,CLI-0316,app,Ribeirão Preto,SP,Casa & Decoração,Quadro Decorativo Abstrato,1,165.42,"R$ 17,21",em transporte,
PED-03879,2023-01-23,CLI-0326,app,Salvador,BA,Casa & Decoração,"Tapete Sala 1,5m",1,157.73,"R$ 29,89",entregue,2023-02-07
PED-01512,21/07/2023,CLI-1326,marketplace,Rio de Janeiro,RJ,Casa & Decoração,Vaso Decorativo Cerâmica,3,145.87,"R$ 0,00",entregue,27/07/2023
PED-02862,2024-03-24,CLI-0883,site,  São Paulo ,SP,Casa & Decoração,Jogo de Toalhas 4 peças,2,115.94,"R$ 17,76",entregue,2024-03-28
PED-03683,2024-01-01,CLI-1245,site,Curitiba,PR,Moda,"Mochila Notebook 15""",1,221.57,"R$ 19,90",entregue,2024-01-10
PED-02411,2024-07-12,CLI-0350,site,salvador,BA,Moda,Boné Aba Curva,1,93.5,"R$ 26,21",entregue,2024-07-19
PED-03211,2023-11-21,CLI-1310,site,  Belo Horizonte ,MG,Eletrônicos,Carregador Turbo 30W,1,119.22,"R$ 16,97",cancelado,
PED-03732,2024-11-23,CLI-0909,site,São Paulo,SP,Moda,Boné Aba Curva,3,102.69,"R$ 0,00",em transporte,
PED-03451,19/07/2024,CLI-0962,site,Porto Alegre,RS,Casa & Decoração,"Tapete Sala 1,5m",2,444.89,"R$ 0,00",entregue,30/07/2024
PED-00868,2024-10-03,CLI-0261,app,Rio de Janeiro,RJ,Eletrônicos,Webcam Full HD,1,387.55,"R$ 0,00",entregue,2024-10-10
PED-00761,2024-08-03,CLI-0261,site,Recife,PE,Moda,"Mochila Notebook 15""",2,274.08,"R$ 0,00",entregue,2024-08-12
PED-00789,04/10/2024,CLI-0501,app,Campinas,SP,Eletrônicos,Smartwatch Fit,2,530.38,"R$ 0,00",entregue,11/10/2024
PED-03548,2024-12-31,CLI-0597,app,Salvador,BA,Esporte,Camiseta Dry Fit,3,96.57,"R$ 25,27",cancelado,
PED-00467,2024-06-19,CLI-1048,marketplace,Ribeirão Preto,SP,Beleza,Base Líquida Matte,3,128.43,"R$ 0,00",em transporte,
PED-00841,2023-01-15,CLI-0774,site,Fortaleza,CE,Casa & Decoração,Jogo de Toalhas 4 peças,1,113.77,"R$ 32,57",em transporte,
PED-01755,2023-11-20,CLI-0352,site,Porto Alegre,RS,Moda,Camiseta Básica Algodão,1,83.06,"R$ 22,70",entregue,2023-12-08
PED-00456,07/07/2023,CLI-0428,app,São Paulo,SP,Eletrônicos,Carregador Turbo 30W,1,91.92,"R$ 17,03",Entregue,17/07/2023
PED-01853,2024-03-05,CLI-0981,marketplace,Curitiba,PR,ELETRÔNICOS,Carregador Turbo 30W,1,73.58,"R$ 20,92",entregue,2024-03-12
PED-00990,2024-10-01,CLI-0488,marketplace,Belo Horizonte,MG,Moda,"Mochila Notebook 15""",1,209.25,"R$ 17,56",entregue,2024-10-13
PED-01152,2024-11-14,CLI-0812,marketplace,Ribeirão Preto,SP,Casa & Decoração,Vaso Decorativo Cerâmica,4,72.24,"R$ 12,24",Entregue,2024-11-20
PED-02151,2024-06-24,CLI-0577,app,  Campinas ,SP,Esporte,Camiseta Dry Fit,2,93.19,"R$ 6,49",entregue,2024-07-04
PED-01210,28/12/2023,CLI-1086,app,São Paulo,SP,Eletrônicos,Webcam Full HD,4,191.57,"R$ 0,00",ENTREGUE,03/01/2024
PED-01460,2023-12-05,CLI-1160,app,Belo Horizonte,MG,Beleza,Secador de Cabelo 2000W,3,289.07,"R$ 0,00",Entregue,2023-12-09
PED-03263,22/03/2023,CLI-1134,marketplace,Porto Alegre,RS,Moda,Boné Aba Curva,3,86.95,"R$ 26,20",entregue,07/04/2023
PED-01730,2023-12-15,CLI-0770,app,Porto Alegre,RS,Eletrônicos,Carregador Turbo 30W,4,106.25,"R$ 0,00",entregue,2023-12-25
PED-00711,29/12/2024,CLI-0271,marketplace,Fortaleza,CE,Eletrônicos,Webcam Full HD,2,240.56,"R$ 0,00",entregue,13/01/2025
PED-00271,2023-03-06,CLI-0853,app,Brasília,DF,Esporte,Garrafa Térmica 1L,1,123.79,"R$ 26,06",entregue,2023-03-15
PED-04110,19/03/2024,CLI-0111,marketplace,Campinas,SP,CASA & DECORAÇÃO,Vaso Decorativo Cerâmica,1,86.03,"R$ 16,07",em transporte,
PED-02426,2024-08-13,CLI-1083,site,Campinas,SP,Eletrônicos,Fone Bluetooth TWS,4,296.39,"R$ 0,00",entregue,2024-08-20
PED-03121,2023-06-16,CLI-0116,site,Brasília,DF,Beleza,Kit Skincare Facial,1,,"R$ 24,92",entregue,2023-06-24
PED-01089,2024-02-18,CLI-0689,marketplace,São Paulo,SP,moda,Boné Aba Curva,2,106.98,"R$ 15,16",entregue,2024-02-28
PED-04836,2024-10-21,CLI-0119,site,  Rio de Janeiro ,RJ,Eletrônicos,Webcam Full HD,1,159.04,"R$ 19,75",em transporte,
PED-00198,2024-11-12,CLI-0156,site,Salvador,BA,Casa & Decoração,"Tapete Sala 1,5m",4,205.76,"R$ 0,00",entregue,2024-11-27
PED-01244,2023-03-06,CLI-0574,marketplace,Brasília,DF,Eletrônicos,Carregador Turbo 30W,3,117.77,"R$ 0,00",entregue,2023-03-20
PED-00688,2024-12-14,CLI-0936,app,Ribeirão Preto,SP,Eletrônicos,Smartwatch Fit,1,480.87,"R$ 0,00",entregue,2024-12-24
PED-03818,2023-10-07,CLI-0575,marketplace,São Paulo,SP,Esporte,Halter Emborrachado 5kg,2,82.03,"R$ 18,82",entregue,2023-10-15
PED-03614,2024-11-18,CLI-0653,site,BRASÍLIA,DF,Casa & Decoração,"Tapete Sala 1,5m",2,155.32,"R$ 0,00",cancelado,
PED-01168,03/04/2024,CLI-1127,site,,SP,ESPORTE,Tapete de Yoga 6mm,1,189.11,"R$ 14,17",entregue,06/04/2024
PED-00482,2023-08-09,CLI-1368,marketplace,Ribeirão Preto,SP,Beleza,Perfume Importado 100ml,4,245.56,"R$ 0,00",cancelado,
PED-02783,2024-06-11,CLI-0099,app,Porto Alegre,RS,Eletrônicos,Webcam Full HD,1,325.12,"R$ 0,00",devolvido,2024-06-27
PED-04163,2024-11-07,CLI-0286,site,Campinas,SP,Casa & Decoração,Jogo de Toalhas 4 peças,1,221.78,"R$ 12,57",em transporte,
PED-00594,2024-05-16,CLI-0277,marketplace,  Rio de Janeiro ,RJ,Moda,Jaqueta Jeans,2,238.47,"R$ 0,00",entregue,2024-05-26
PED-00769,2023-05-01,CLI-0959,app,Salvador,BA,Moda,Jaqueta Jeans,1,144.74,"R$ 29,19",em transporte,
PED-04957,2024-11-06,CLI-0833,app,Brasília,DF,Moda,Boné Aba Curva,2,101.38,"R$ 26,95",cancelado,
PED-01605,2023-08-27,CLI-1280,site,São Paulo,SP,Casa & Decoração,Quadro Decorativo Abstrato,1,153.33,"R$ 13,86",em transporte,
PED-01494,2024-09-22,CLI-0498,marketplace,Rio de Janeiro,RJ,Beleza,Kit Skincare Facial,2,247.31,"R$ 0,00",entregue,2024-09-26
PED-03058,2023-06-06,CLI-0853,app,Porto Alegre,RS,Moda,Jaqueta Jeans,1,150.67,"R$ 24,86",entregue,2023-06-13
PED-02951,08/06/2023,CLI-1099,app,Brasília,DF,Moda,"Mochila Notebook 15""",2,234.43,"R$ 0,00",cancelado,
PED-01342,2024-10-11,CLI-0332,marketplace,Campinas,SP,moda,Boné Aba Curva,1,65.95,"R$ 15,56",entregue,2024-10-20
PED-03701,15/11/2024,CLI-0564,site,curitiba,PR,ESPORTE,Corda de Pular Speed,1,84.75,"R$ 19,15",entregue,30/11/2024
PED-02594,2023-05-13,CLI-0220,marketplace,Salvador,BA,Casa & Decoração,"Tapete Sala 1,5m",1,155.66,"R$ 28,93",Entregue,2023-05-30
PED-03572,2023-05-27,CLI-1008,marketplace,Campinas,SP,Esporte,Corda de Pular Speed,1,75.87,"R$ 11,25",entregue,2023-06-02
PED-03138,2023-03-07,CLI-1204,app,BELO HORIZONTE,MG,Beleza,Kit Skincare Facial,4,207.68,"R$ 0,00",entregue,2023-03-14
PED-02505,04/10/2023,CLI-0447,marketplace,Campinas,SP,Beleza,Perfume Importado 100ml,2,628.01,"R$ 0,00",entregue,09/10/2023
PED-01413,2024-10-31,CLI-0830,marketplace,Recife,PE,Esporte,Garrafa Térmica 1L,2,57.15,"R$ 27,61",entregue,2024-11-15
PED-04988,2023-07-13,CLI-0728,site,Porto Alegre,RS,Casa & Decoração,Jogo de Toalhas 4 peças,2,159.14,"R$ 0,00",entregue,2023-07-26
PED-00886,04/12/2023,CLI-0907,site,Goiânia,GO,Moda,Camiseta Básica Algodão,1,94.92,"R$ 24,50",entregue,15/12/2023
PED-03753,22/01/2024,CLI-0896,site,Recife,PE,Casa & Decoração,"Tapete Sala 1,5m",1,247.32,"R$ 34,18",entregue,02/02/2024
PED-00991,31/05/2024,CLI-0316,site,CURITIBA,PR,Esporte,Corda de Pular Speed,1,59.84,"R$ 23,31",entregue,12/06/2024
PED-02342,2023-03-20,CLI-1143,app,São Paulo,SP,Casa & Decoração,Luminária de Mesa LED,1,151.85,"R$ 19,71",entregue,2023-03-31
PED-03248,2024-10-05,CLI-0518,app,Curitiba,PR,Esporte,Halter Emborrachado 5kg,1,84.48,"R$ 26,70",entregue,2024-10-14
PED-03485,25/07/2024,CLI-0673,site,Fortaleza,CE,Casa & Decoração,Jogo de Toalhas 4 peças,3,148.24,"R$ 0,00",entregue,12/08/2024
PED-01404,2023-11-02,CLI-1177,app,Brasília,DF,eletronicos,Carregador Turbo 30W,4,81.46,"R$ 0,00",Entregue,2023-11-19
PED-00563,2024-11-01,CLI-0112,app,Curitiba,PR,Eletrônicos,Webcam Full HD,4,304.04,"R$ 0,00",entregue,2024-11-10
PED-00267,2023-10-11,CLI-0856,site,Curitiba,PR,ELETRÔNICOS,Webcam Full HD,4,229.54,"R$ 0,00",entregue,2023-10-27
PED-00178,2024-12-28,CLI-1281,app,São Paulo,SP,Eletrônicos,Fone Bluetooth TWS,1,298.72,"R$ 20,80",entregue,2025-01-04
PED-04705,21/05/2023,CLI-0319,app,São Paulo,SP,Esporte,Camiseta Dry Fit,1,81.67,"R$ 13,11",entregue,25/05/2023
PED-03908,14/11/2024,CLI-0942,site,Curitiba,PR,Eletrônicos,Carregador Turbo 30W,1,114.48,"R$ 24,54",entregue,27/11/2024
PED-01370,18/11/2023,CLI-0908,site,São Paulo,SP,esporte,Tapete de Yoga 6mm,2,183.29,"R$ 0,00",entregue,02/12/2023
PED-03410,2023-04-21,CLI-0830,site,Campinas,SP,Beleza,Kit Skincare Facial,1,270.06,"R$ 13,60",entregue,2023-04-28
PED-01691,2024-09-25,CLI-1075,app,Belo Horizonte,MG,Moda,Tênis Casual Masculino,1,203.58,"R$ 23,16",entregue,2024-10-09
PED-01390,22/02/2023,CLI-0998,app,Salvador,BA,Beleza,Perfume Importado 100ml,1,371.48,"R$ 0,00",Entregue,09/03/2023
PED-01848,2024-06-14,CLI-0560,app,Fortaleza,,Eletrônicos,Smartwatch Fit,2,796.98,"R$ 0,00",devolvido,2024-06-27
PED-00077,2023-10-19,CLI-0467,marketplace,São Paulo,SP,Esporte,Tapete de Yoga 6mm,3,166.34,"R$ 0,00",entregue,2023-11-02
PED-04584,2024-12-24,CLI-0353,site,Fortaleza,CE,Moda,Jaqueta Jeans,2,222.24,"R$ 0,00",cancelado,
PED-00684,2024-01-24,CLI-0913,site,São Paulo,,Casa & Decoração,Quadro Decorativo Abstrato,1,120.81,"R$ 15,66",Entregue,2024-01-30
PED-03268,10/09/2024,CLI-0655,app,Belo Horizonte,MG,Esporte,Tapete de Yoga 6mm,1,128.16,"R$ 18,71",devolvido,15/09/2024
PED-02986,2023-09-02,CLI-0611,marketplace,  Rio de Janeiro ,RJ,Casa & Decoração,Vaso Decorativo Cerâmica,1,177.21,"R$ 20,65",entregue,2023-09-13
PED-00676,13/12/2023,CLI-1226,marketplace,Rio de Janeiro,RJ,Eletrônicos,Fone Bluetooth TWS,1,201.09,"R$ 21,23",entregue,24/12/2023
PED-02326,2024-12-26,CLI-1054,app,  Curitiba ,PR,casa & decoracao,"Tapete Sala 1,5m",3,166.95,"R$ 0,00",entregue,2025-01-04
PED-01827,2024-03-17,CLI-0356,app,Salvador,BA,eletronicos,Fone Bluetooth TWS,2,201.52,"R$ 0,00",DEVOLVIDO,2024-03-27
PED-02503,2024-12-11,CLI-0397,site,Salvador,BA,Eletrônicos,Fone Bluetooth TWS,2,-249.9,"R$ 0,00",entregue,2024-12-21
PED-02514,2023-04-17,CLI-0515,site,Belo Horizonte,MG,Eletrônicos,Caixa de Som Portátil,3,466.94,"R$ 0,00",entregue,2023-04-26
PED-01002,29/01/2024,CLI-0657,site,Salvador,BA,,Perfume Importado 100ml,3,604.29,"R$ 0,00",entregue,07/02/2024
PED-00028,21/02/2023,CLI-0071,site,Campinas,SP,Esporte,Tapete de Yoga 6mm,2,130.67,"R$ 19,49",entregue,26/02/2023
PED-03276,2024-10-17,CLI-0512,site,Campinas,SP,Beleza,Base Líquida Matte,4,135.32,"R$ 0,00",entregue,2024-10-27
PED-02467,2024-10-22,CLI-0577,site,São Paulo,SP,moda,Tênis Casual Masculino,1,338.94,"R$ 0,00",entregue,2024-10-29
PED-04759,16/03/2023,CLI-0689,app,São Paulo,,Beleza,Perfume Importado 100ml,4,600.53,"R$ 0,00",ENTREGUE,24/03/2023
PED-00518,2024-08-26,CLI-0763,site,  Belo Horizonte ,MG,Eletrônicos,Carregador Turbo 30W,2,73.39,"R$ 17,28",ENTREGUE,2024-08-30
PED-00301,20/09/2024,CLI-0613,app,Sao Paulo,SP,Moda,Boné Aba Curva,3,108.11,"R$ 0,00",entregue,29/09/2024
PED-04434,2023-12-01,CLI-1208,site,Brasília,DF,Beleza,Kit Skincare Facial,2,239.78,"R$ 0,00",entregue,2023-12-15
PED-00403,2024-09-22,CLI-1394,site,Belo Horizonte,MG,Beleza,Secador de Cabelo 2000W,1,364.27,"R$ 0,00",entregue,2024-09-29
PED-01842,2024-04-27,CLI-0344,site,Ribeirão Preto,SP,Casa & Decoração,"Tapete Sala 1,5m",1,442.97,"R$ 0,00",cancelado,
PED-00655,04/11/2024,CLI-0770,app,Fortaleza,CE,moda,Camiseta Básica Algodão,2,82.73,"R$ 33,51",entregue,21/11/2024
PED-04346,2024-12-10,CLI-1361,site,São Paulo,SP,Esporte,Corda de Pular Speed,4,67.63,"R$ 14,76",cancelado,
PED-04875,2024-03-20,CLI-0692,site,Belo Horizonte,MG,Eletrônicos,Fone Bluetooth TWS,3,341.18,"R$ 0,00",entregue,2024-03-23
PED-01191,2024-01-21,CLI-0771,site,Curitiba,PR,Esporte,Camiseta Dry Fit,2,84.38,"R$ 20,55",entregue,2024-01-29
PED-03129,2024-07-17,CLI-0229,site,Ribeirão Preto,SP,MODA,"Mochila Notebook 15""",3,128.92,"R$ 0,00",entregue,2024-07-24
PED-02358,2024-03-06,CLI-0744,site,Brasília,DF,Casa & Decoração,Luminária de Mesa LED,1,111.07,"R$ 23,12",cancelado,
PED-01823,2024-03-27,CLI-0655,marketplace,PORTO ALEGRE,RS,Eletrônicos,Carregador Turbo 30W,4,126.16,"R$ 0,00",entregue,2024-04-12
PED-02765,23/03/2023,CLI-0210,app,Rio de Janeiro,RJ,Eletrônicos,Smartwatch Fit,1,660.64,"R$ 0,00",em transporte,
PED-01842,2024-04-27,CLI-0344,site,Ribeirão Preto,SP,Casa & Decoração,"Tapete Sala 1,5m",1,442.97,"R$ 0,00",cancelado,
PED-04044,30/11/2024,CLI-0603,site,Salvador,BA,Eletrônicos,Fone Bluetooth TWS,4,180.51,"R$ 0,00",entregue,15/12/2024
PED-01325,11/11/2023,CLI-0137,app,Rio de Janeiro,RJ,Eletrônicos,Fone Bluetooth TWS,3,243.41,"R$ 0,00",entregue,23/11/2023
PED-03218,2023-01-15,CLI-1033,app,Recife,PE,Beleza,Base Líquida Matte,3,78.95,"R$ 27,44",entregue,2023-02-02
PED-00046,2024-10-07,CLI-0252,site,Recife,PE,Moda,Jaqueta Jeans,4,231.71,"R$ 0,00",entregue,2024-10-25
PED-01788,2024-07-15,CLI-0172,app,Rio de Janeiro,RJ,Beleza,Base Líquida Matte,1,70.69,"R$ 17,93",Entregue,2024-07-28
PED-04173,2024-12-30,CLI-0653,site,SÃO PAULO,SP,Beleza,Secador de Cabelo 2000W,3,326.84,"R$ 0,00",Entregue,2025-01-07
PED-02557,2023-01-29,CLI-0012,site,Brasília,DF,Moda,Jaqueta Jeans,2,,"R$ 0,00",entregue,2023-02-11
PED-03433,2024-12-25,CLI-0329,app,Porto Alegre,RS,Moda,Boné Aba Curva,1,58.08,"R$ 22,31",entregue,2025-01-12
PED-01744,2024-12-14,CLI-1197,site,porto alegre,RS,Beleza,Secador de Cabelo 2000W,4,125.12,"R$ 0,00",entregue,2024-12-23
PED-02122,2023-02-07,CLI-1110,app,Fortaleza,CE,Moda,Jaqueta Jeans,2,210.93,"R$ 0,00",entregue,2023-02-24
PED-00478,2024-05-24,CLI-0261,site,  Curitiba ,PR,Moda,Jaqueta Jeans,4,206.99,"R$ 0,00",entregue,2024-06-07
PED-00098,08/04/2023,CLI-1189,site,BELO HORIZONTE,MG,Beleza,Secador de Cabelo 2000W,1,174.99,"R$ 15,00",entregue,22/04/2023
PED-04443,2024-11-13,CLI-0390,marketplace,Recife,PE,Beleza,Kit Skincare Facial,1,151.38,"R$ 31,19",entregue,2024-11-28
PED-01496,2024-06-11,CLI-0694,site,Rio de Janeiro,RJ,Eletrônicos,Webcam Full HD,1,347.47,"R$ 0,00",entregue,2024-06-25
PED-04622,2024-12-06,CLI-0522,site,Campinas,SP,Eletrônicos,Carregador Turbo 30W,4,77.35,"R$ 0,00",entregue,2024-12-12
PED-01537,2024-09-22,CLI-1072,site,CAMPINAS,SP,Beleza,Perfume Importado 100ml,3,524.71,"R$ 0,00",entregue,2024-09-30
PED-02350,2023-01-28,CLI-0812,marketplace,Rio de Janeiro,RJ,Beleza,Base Líquida Matte,4,146.88,"R$ 0,00",devolvido,2023-02-09
PED-01727,2023-11-20,CLI-0116,site,São Paulo,SP,Moda,Jaqueta Jeans,4,199.94,"R$ 0,00",entregue,2023-12-01
PED-04418,2023-01-16,CLI-0357,site,Rio de Janeiro,RJ,Eletrônicos,Carregador Turbo 30W,2,113.17,"R$ 18,01",entregue,2023-01-30
PED-01053,2023-10-03,CLI-0677,app,Campinas,SP,casa & decoracao,Jogo de Toalhas 4 peças,2,168.98,"R$ 0,00",entregue,2023-10-11
PED-02052,2023-01-19,CLI-0008,app,Porto Alegre,RS,Eletrônicos,Webcam Full HD,1,178.14,"R$ 30,92",cancelado,
PED-02652,2023-12-29,CLI-1361,site,Rio de Janeiro,,Casa & Decoração,Vaso Decorativo Cerâmica,1,112.21,"R$ 18,35",entregue,2024-01-07
PED-00094,2023-12-06,CLI-0341,app,Brasília,DF,Casa & Decoração,Jogo de Toalhas 4 peças,4,227.85,"R$ 0,00",entregue,2023-12-17
PED-03216,2024-08-30,CLI-1169,marketplace,Rio de Janeiro,RJ,Moda,Tênis Casual Masculino,2,338.92,"R$ 0,00",entregue,2024-09-07
PED-02601,24/12/2023,CLI-1389,site,Fortaleza,CE,Eletrônicos,Carregador Turbo 30W,1,126.56,"R$ 33,44",cancelado,
PED-04489,2023-10-14,CLI-1101,app,rio de janeiro,RJ,Casa & Decoração,Quadro Decorativo Abstrato,3,105.35,"R$ 0,00",entregue,2023-10-24
PED-04624,2024-11-21,CLI-0183,app,Porto Alegre,RS,Beleza,Kit Skincare Facial,2,161.95,"R$ 0,00",Entregue,2024-12-03
PED-01707,14/04/2023,CLI-0851,site,Belo Horizonte,MG,Beleza,Base Líquida Matte,1,79.2,"R$ 19,45",em transporte,
PED-01165,2023-06-01,CLI-0918,site,São Paulo,SP,Eletrônicos,Smartwatch Fit,1,394.39,"R$ 0,00",entregue,2023-06-14
PED-00399,2024-01-29,CLI-0314,site,São Paulo,SP,Eletrônicos,Fone Bluetooth TWS,1,189.75,"R$ 15,19",entregue,2024-02-09
PED-00223,2024-06-29,CLI-0506,app,Curitiba,PR,Esporte,Garrafa Térmica 1L,1,76.45,"R$ 23,04",entregue,2024-07-09
PED-00303,2024-04-01,CLI-0024,marketplace,Fortaleza,CE,Esporte,Tapete de Yoga 6mm,1,155.0,"R$ 31,23",entregue,2024-04-09
PED-00088,2024-02-01,CLI-0261,site,São Paulo,SP,Beleza,Secador de Cabelo 2000W,2,367.92,"R$ 0,00",entregue,2024-02-14
PED-01009,2024-08-14,CLI-1017,app,Belo Horizonte,MG,Eletrônicos,Smartwatch Fit,1,790.96,"R$ 0,00",cancelado,
PED-01372,09/12/2024,CLI-0614,site,Belo Horizonte,MG,Esporte,Garrafa Térmica 1L,3,96.12,"R$ 15,58",entregue,23/12/2024
PED-02940,13/01/2023,CLI-1142,site,Rio de Janeiro,RJ,Eletrônicos,Smartwatch Fit,2,511.05,"R$ 0,00",entregue,26/01/2023
PED-00589,2023-07-14,CLI-0160,app,SALVADOR,BA,Casa & Decoração,Vaso Decorativo Cerâmica,4,121.36,"R$ 0,00",entregue,2023-07-23
PED-03696,2023-12-31,CLI-0217,site,Ribeirão Preto,SP,Esporte,Halter Emborrachado 5kg,3,98.11,"R$ 12,51",entregue,2024-01-12
PED-02206,2024-05-09,CLI-0187,site,São Paulo,SP,Moda,Camiseta Básica Algodão,1,57.74,"R$ 18,46",devolvido,2024-05-20
PED-04762,08/03/2024,CLI-0199,marketplace,São Paulo,SP,Eletrônicos,Smartwatch Fit,2,409.98,"R$ 0,00",entregue,18/03/2024
PED-01359,18/07/2024,CLI-1094,marketplace,SALVADOR,BA,Moda,Boné Aba Curva,1,57.41,"R$ 31,05",entregue,05/08/2024
PED-03650,06/11/2024,CLI-1362,app,Belo Horizonte,MG,Eletrônicos,Webcam Full HD,1,269.25,"R$ 17,42",entregue,18/11/2024
PED-04258,04/02/2024,CLI-0755,site,GOIÂNIA,GO,Esporte,Camiseta Dry Fit,1,114.69,"R$ 25,71",cancelado,
PED-03028,07/11/2024,CLI-1369,app,Campinas,SP,Moda,Camiseta Básica Algodão,3,57.02,"R$ 16,60",entregue,11/11/2024
PED-01711,2024-09-26,CLI-0335,site,Belo Horizonte,MG,Beleza,Perfume Importado 100ml,3,304.12,"R$ 0,00",entregue,2024-10-01
PED-00568,2023-03-09,CLI-1360,marketplace,Rio de Janeiro,RJ,Casa & Decoração,"Tapete Sala 1,5m",1,347.01,"R$ 0,00",devolvido,2023-03-13
PED-02153,2024-09-14,CLI-0722,app,São Paulo,SP,Beleza,Secador de Cabelo 2000W,4,195.93,"R$ 0,00",entregue,2024-09-26
PED-01110,15/07/2023,CLI-0435,site,Rio de Janeiro,RJ,Casa & Decoração,Luminária de Mesa LED,3,198.27,"R$ 0,00",entregue,21/07/2023
PED-01376,2023-04-01,CLI-0350,app,Ribeirão Preto,SP,moda,Boné Aba Curva,1,105.72,"R$ 14,73",cancelado,
PED-02488,2024-10-06,CLI-1350,site,Curitiba,PR,Casa & Decoração,Jogo de Toalhas 4 peças,1,163.02,"R$ 26,90",devolvido,2024-10-21
PED-00588,2023-11-15,CLI-0854,site,São Paulo,SP,Moda,Camiseta Básica Algodão,1,89.3,"R$ 16,15",entregue,2023-11-29
PED-00212,2024-05-04,CLI-0575,site,FORTALEZA,CE,Eletrônicos,Fone Bluetooth TWS,1,266.18,"R$ 33,96",entregue,2024-05-20
PED-01549,2023-11-03,CLI-0212,app,São Paulo,SP,casa & decoracao,Jogo de Toalhas 4 peças,1,205.0,"R$ 19,56",entregue,2023-11-06
PED-01201,2024-04-24,CLI-0428,site,Ribeirão Preto,SP,Moda,Camiseta Básica Algodão,1,86.64,"R$ 17,13",entregue,2024-05-05
PED-03019,2023-11-09,CLI-0281,site,PORTO ALEGRE,RS,Beleza,Base Líquida Matte,4,137.86,"R$ 0,00",entregue,2023-11-18
PED-01407,16/12/2024,CLI-0352,site,  Salvador ,BA,Esporte,Tapete de Yoga 6mm,1,166.56,"R$ 24,49",entregue,26/12/2024
PED-03118,06/07/2024,CLI-0747,app,Ribeirão Preto,SP,Beleza,Secador de Cabelo 2000W,2,316.51,"R$ 0,00",entregue,10/07/2024
PED-02840,23/02/2023,CLI-0754,site,Porto Alegre,RS,Eletrônicos,Webcam Full HD,3,345.36,"R$ 0,00",entregue,04/03/2023
PED-01482,17/03/2023,CLI-0962,site,Curitiba,PR,Esporte,Camiseta Dry Fit,4,115.87,"R$ 0,00",devolvido,30/03/2023
PED-03618,2023-06-14,CLI-1300,app,São Paulo,SP,Moda,Jaqueta Jeans,1,215.18,"R$ 18,05",entregue,2023-06-22
PED-04467,2023-06-19,CLI-1311,site,Ribeirão Preto,SP,Esporte,Halter Emborrachado 5kg,1,132.31,"R$ 17,48",entregue,2023-06-26
PED-01073,2024-01-16,CLI-0089,marketplace,Campinas,SP,Esporte,Garrafa Térmica 1L,1,127.66,"R$ 13,95",entregue,2024-01-27
PED-02295,2023-10-23,CLI-0261,site,São Paulo,SP,Eletrônicos,Caixa de Som Portátil,2,382.01,"R$ 0,00",devolvido,2023-11-01
PED-04054,20/01/2024,CLI-0077,marketplace,São Paulo,SP,Beleza,Kit Skincare Facial,1,288.35,"R$ 18,85",entregue,30/01/2024
PED-01686,30/08/2023,CLI-1151,marketplace,Rio de Janeiro,RJ,Moda,Boné Aba Curva,3,111.92,"R$ 0,00",entregue,12/09/2023
PED-01444,2023-03-14,CLI-1283,marketplace,Belo Horizonte,MG,beleza,Base Líquida Matte,1,130.86,"R$ 17,72",entregue,2023-03-26
PED-02830,2024-08-21,CLI-0073,app,Rio de Janeiro,RJ,Eletrônicos,Smartwatch Fit,1,853.23,"R$ 0,00",entregue,2024-08-25
PED-00266,2023-06-19,CLI-0862,site,Recife,PE,Casa & Decoração,Luminária de Mesa LED,2,181.81,"R$ 0,00",em transporte,
PED-03980,2024-06-21,CLI-1100,app,CAMPINAS,SP,Eletrônicos,Smartwatch Fit,2,486.66,"R$ 0,00",cancelado,
PED-01784,2023-06-08,CLI-0292,marketplace,Ribeirão Preto,SP,Moda,"Mochila Notebook 15""",1,154.0,"R$ 19,64",entregue,2023-06-13
PED-04417,2024-03-31,CLI-0739,site,Rio de Janeiro,RJ,Beleza,Perfume Importado 100ml,1,511.21,"R$ 0,00",cancelado,
PED-01882,2024-06-10,CLI-0639,marketplace,Campinas,SP,Eletrônicos,Fone Bluetooth TWS,1,243.43,"R$ 16,46",entregue,2024-06-17
PED-01466,2024-07-06,CLI-1234,marketplace,Salvador,BA,casa & decoracao,Quadro Decorativo Abstrato,2,197.65,"R$ 0,00",entregue,2024-07-22
PED-04078,2024-04-30,CLI-0577,site,Campinas,SP,Casa & Decoração,Vaso Decorativo Cerâmica,2,125.14,"R$ 18,71",Entregue,2024-05-06
PED-01196,2023-07-15,CLI-0981,site,Fortaleza,CE,Eletrônicos,Fone Bluetooth TWS,2,,"R$ 0,00",entregue,2023-08-02
PED-03119,2023-09-29,CLI-0340,marketplace,Curitiba,PR,Beleza,Kit Skincare Facial,1,112.41,"R$ 23,86",em transporte,
PED-01599,2024-10-12,CLI-0991,site,Brasília,DF,Casa & Decoração,Vaso Decorativo Cerâmica,2,93.75,"R$ 21,56",entregue,2024-10-19
PED-04727,2024-10-07,CLI-0784,marketplace,Recife,PE,Casa & Decoração,Quadro Decorativo Abstrato,1,67.85,"R$ 29,13",entregue,2024-10-24
PED-01253,2023-05-05,CLI-0251,site,Brasília,DF,eletronicos,Webcam Full HD,4,337.81,"R$ 0,00",ENTREGUE,2023-05-22
PED-00415,2023-02-03,CLI-0133,site,  Porto Alegre ,RS,Beleza,Secador de Cabelo 2000W,2,301.99,"R$ 0,00",entregue,2023-02-16
PED-01704,11/06/2024,CLI-0705,app,Belo Horizonte,MG,Moda,Boné Aba Curva,1,117.23,"R$ 23,33",entregue,25/06/2024
PED-04711,2024-09-30,CLI-0261,app,Campinas,SP,Beleza,Secador de Cabelo 2000W,1,184.96,"R$ 13,01",entregue,2024-10-11
PED-03961,2023-11-04,CLI-0889,app,  Salvador ,BA,CASA & DECORAÇÃO,Jogo de Toalhas 4 peças,1,103.56,"R$ 30,95",ENTREGUE,2023-11-20
PED-01749,2024-02-14,CLI-0852,app,Rio de Janeiro,RJ,Eletrônicos,Carregador Turbo 30W,1,113.01,"R$ 20,68",entregue,2024-02-27
PED-02048,09/04/2024,CLI-0712,site,Rio de Janeiro,RJ,Eletrônicos,Webcam Full HD,1,277.29,"R$ 20,53",entregue,12/04/2024
PED-04337,21/01/2023,CLI-1387,marketplace,Belo Horizonte,MG,Eletrônicos,Caixa de Som Portátil,1,219.7,"R$ 19,32",entregue,27/01/2023
PED-02703,2023-12-10,CLI-0470,site,Ribeirão Preto,SP,Eletrônicos,Carregador Turbo 30W,3,83.87,"R$ 15,85",entregue,2023-12-19
PED-01441,2023-08-28,CLI-0984,site,São Paulo,SP,Moda,"Mochila Notebook 15""",1,297.14,"R$ 10,24",devolvido,2023-09-10
PED-03189,2023-05-29,CLI-0769,site,Belo Horizonte,MG,Casa & Decoração,Jogo de Toalhas 4 peças,4,227.59,"R$ 0,00",entregue,2023-06-11
PED-01979,2024-08-20,CLI-1108,site,Porto Alegre,RS,Esporte,Halter Emborrachado 5kg,3,93.87,"R$ 23,02",cancelado,
PED-01099,2024-11-07,CLI-0717,site,Campinas,SP,Esporte,Garrafa Térmica 1L,2,120.31,"R$ 12,76",cancelado,
PED-02434,07/11/2023,CLI-1321,app,Salvador,,,Perfume Importado 100ml,4,282.64,"R$ 0,00",devolvido,16/11/2023
PED-04397,2023-07-04,CLI-0302,site,RIBEIRÃO PRETO,SP,Eletrônicos,Webcam Full HD,1,168.81,"R$ 13,36",entregue,2023-07-17
PED-03769,28/06/2024,CLI-0963,marketplace,  Campinas ,SP,Casa & Decoração,Quadro Decorativo Abstrato,1,106.11,"R$ 11,02",devolvido,08/07/2024
PED-03698,2023-02-25,CLI-1294,app,Brasília,DF,Eletrônicos,Caixa de Som Portátil,1,289.77,"R$ 29,09",entregue,2023-03-14
PED-04440,2023-10-26,CLI-1196,site,São Paulo,SP,Casa & Decoração,Jogo de Toalhas 4 peças,2,96.65,"R$ 17,75",entregue,2023-10-30
PED-01062,23/05/2024,CLI-0788,site,São Paulo,SP,Eletrônicos,Caixa de Som Portátil,3,514.33,"R$ 0,00",entregue,26/05/2024
PED-03545,2023-11-11,CLI-0510,site,Campinas,SP,ESPORTE,Corda de Pular Speed,2,30.94,"R$ 16,75",entregue,2023-11-18
PED-03075,2024-11-10,CLI-0051,site,Brasília,DF,Moda,"Mochila Notebook 15""",1,285.41,"R$ 21,94",entregue,2024-11-28
PED-03984,2023-08-26,CLI-0855,site,Curitiba,PR,Moda,Camiseta Básica Algodão,1,97.1,"R$ 19,16",entregue,2023-09-10
PED-04502,2024-01-26,CLI-0293,app,,PR,,Quadro Decorativo Abstrato,3,85.49,"R$ 19,67",cancelado,
PED-00209,2023-05-11,CLI-0811,site,Brasília,DF,Moda,Camiseta Básica Algodão,1,85.48,"R$ 27,92",entregue,2023-05-22
PED-01166,2024-11-07,CLI-0561,site,São Paulo,,Eletrônicos,Caixa de Som Portátil,2,537.09,"R$ 0,00",entregue,2024-11-13
PED-00264,2023-05-30,CLI-1207,app,fortaleza,CE,moda,Boné Aba Curva,2,52.65,"R$ 35,56",entregue,2023-06-12
PED-03557,2024-03-04,CLI-0413,site,São Paulo,SP,Moda,Boné Aba Curva,1,73.35,"R$ 18,89",devolvido,2024-03-14
PED-04658,2023-04-28,CLI-0261,site,Belo Horizonte,MG,Casa & Decoração,Jogo de Toalhas 4 peças,2,-98.5,"R$ 19,55",entregue,2023-05-12
PED-01171,14/12/2023,CLI-1010,app,São Paulo,SP,eletronicos,Smartwatch Fit,4,559.3,"R$ 0,00",entregue,17/12/2023
PED-00146,2023-09-25,CLI-1121,marketplace,Salvador,BA,Moda,"Mochila Notebook 15""",4,314.98,"R$ 0,00",Entregue,2023-10-03
PED-03159,2024-11-27,CLI-0688,site,Rio de Janeiro,RJ,Esporte,Corda de Pular Speed,2,55.09,"R$ 18,56",entregue,2024-12-03
PED-04585,2024-07-05,CLI-1392,site,Brasilia,DF,Casa & Decoração,"Tapete Sala 1,5m",2,300.14,"R$ 0,00",cancelado,
PED-03626,2024-04-20,CLI-1116,site,Sao Paulo,SP,Eletrônicos,Smartwatch Fit,2,672.53,"R$ 0,00",entregue,2024-05-02
PED-01484,2023-08-19,CLI-0748,marketplace,Sao Paulo,SP,Casa & Decoração,Vaso Decorativo Cerâmica,3,94.99,"R$ 20,31",devolvido,2023-08-22
PED-04769,2023-08-06,CLI-1252,app,RIO DE JANEIRO,RJ,Esporte,Halter Emborrachado 5kg,2,78.71,"R$ 20,00",em transporte,
PED-03617,28/11/2023,CLI-0771,app,Salvador,BA,Moda,"Mochila Notebook 15""",2,155.97,"R$ 0,00",Entregue,16/12/2023
PED-02815,2023-02-02,CLI-0982,app,BRASÍLIA,DF,Moda,"Mochila Notebook 15""",3,192.37,"R$ 0,00",CANCELADO,
PED-01302,2024-04-21,CLI-1131,marketplace,Goiânia,GO,moda,Jaqueta Jeans,2,262.6,"R$ 0,00",em transporte,
PED-00632,2024-10-19,CLI-1348,marketplace,Rio de Janeiro,RJ,Casa & Decoração,Luminária de Mesa LED,2,145.2,"R$ 24,27",entregue,2024-11-01
PED-02344,2023-10-14,CLI-1205,app,Fortaleza,CE,Casa & Decoração,Quadro Decorativo Abstrato,1,193.34,"R$ 30,53",entregue,2023-10-21
PED-00690,2024-04-05,CLI-0320,app,São Paulo,SP,Eletrônicos,Smartwatch Fit,1,808.96,"R$ 0,00",devolvido,2024-04-12
PED-00051,22/07/2023,CLI-0514,site,Recife,PE,Esporte,Garrafa Térmica 1L,1,60.71,"R$ 30,43",entregue,08/08/2023
PED-02312,2023-03-30,CLI-0271,marketplace,Porto Alegre,RS,casa & decoracao,"Tapete Sala 1,5m",1,303.61,"R$ 0,00",entregue,2023-04-16
PED-00374,2023-11-03,CLI-1319,site,Porto Alegre,RS,Casa & Decoração,Jogo de Toalhas 4 peças,3,213.08,"R$ 0,00",entregue,2023-11-20
PED-00698,11/05/2024,CLI-1005,site,belo horizonte,MG,Esporte,Corda de Pular Speed,2,39.99,"R$ 17,22",entregue,18/05/2024
PED-03370,2024-01-14,CLI-0007,app,Campinas,SP,Moda,Jaqueta Jeans,1,303.64,"R$ 0,00",entregue,2024-01-21
PED-02422,2023-07-21,CLI-0891,site,São Paulo,SP,Esporte,Tapete de Yoga 6mm,1,92.16,"R$ 16,07",entregue,2023-08-02
PED-03509,2024-07-12,CLI-1040,site,  Belo Horizonte ,MG,Beleza,Secador de Cabelo 2000W,2,130.08,"R$ 21,48",Entregue,2024-07-15
PED-01986,30/11/2024,CLI-0888,site,Ribeirão Preto,SP,beleza,Perfume Importado 100ml,3,497.52,"R$ 0,00",entregue,04/12/2024
PED-02366,15/07/2024,CLI-1353,site,SÃO PAULO,SP,Eletrônicos,Webcam Full HD,1,206.15,"R$ 14,87",entregue,20/07/2024
PED-04108,15/08/2024,CLI-1293,site,Porto Alegre,RS,Eletrônicos,Carregador Turbo 30W,4,87.17,"R$ 0,00",entregue,24/08/2024
PED-03522,2024-11-10,CLI-0718,site,Belo Horizonte,MG,Esporte,Garrafa Térmica 1L,1,81.52,"R$ 22,03",entregue,2024-11-16
PED-02367,2023-09-22,CLI-1336,marketplace,,PR,Eletrônicos,Caixa de Som Portátil,1,195.86,"R$ 22,35",devolvido,2023-10-06
PED-03556,2024-10-04,CLI-0057,app,São Paulo,SP,Moda,Camiseta Básica Algodão,1,48.3,"R$ 15,47",entregue,2024-10-07
PED-00189,2024-08-29,CLI-0189,site,Fortaleza,,Esporte,Garrafa Térmica 1L,1,117.29,"R$ 34,54",entregue,2024-09-10
PED-00694,2023-11-09,CLI-0989,app,São Paulo,SP,Esporte,Camiseta Dry Fit,2,62.12,"R$ 22,59",entregue,2023-11-19
PED-03508,2024-10-11,CLI-0641,app,Curitiba,,Esporte,Corda de Pular Speed,1,72.3,"R$ 22,05",entregue,2024-10-23
PED-04616,2023-10-13,CLI-0376,app,São Paulo,SP,Eletrônicos,Webcam Full HD,1,202.58,"R$ 12,42",entregue,2023-10-27
PED-02417,28/08/2023,CLI-0102,app,Brasília,DF,Moda,Boné Aba Curva,1,99.42,"R$ 28,30",entregue,10/09/2023
PED-01098,2024-10-14,CLI-0415,marketplace,Ribeirão Preto,SP,Beleza,Base Líquida Matte,1,121.05,"R$ 16,52",cancelado,
PED-03527,2023-04-29,CLI-0883,app,São Paulo,SP,beleza,Base Líquida Matte,2,143.55,"R$ 10,54",cancelado,
PED-01748,2024-03-29,CLI-0703,app,São Paulo,SP,Moda,Camiseta Básica Algodão,1,64.13,"R$ 18,53",entregue,2024-04-03
PED-03210,2023-04-15,CLI-0073,marketplace,Campinas,SP,Beleza,Perfume Importado 100ml,2,394.94,"R$ 0,00",entregue,2023-04-25
PED-02612,17/10/2024,CLI-1169,site,São Paulo,SP,Moda,"Mochila Notebook 15""",2,324.08,"R$ 0,00",entregue,22/10/2024
PED-02635,21/03/2024,CLI-0183,site,São Paulo,SP,Esporte,Garrafa Térmica 1L,4,55.05,"R$ 12,18",Entregue,24/03/2024
PED-00494,2023-11-04,CLI-0663,app,São Paulo,SP,Casa & Decoração,Vaso Decorativo Cerâmica,1,53.54,"R$ 12,98",entregue,2023-11-08
PED-02561,2024-05-28,CLI-0966,site,,PR,Eletrônicos,Webcam Full HD,2,267.29,"R$ 0,00",entregue,2024-06-05
PED-03237,2024-12-12,CLI-0223,marketplace,BELO HORIZONTE,MG,Eletrônicos,Smartwatch Fit,1,319.71,"R$ 0,00",devolvido,2024-12-19
PED-00730,2024-03-17,CLI-1366,site,São Paulo,SP,Moda,Boné Aba Curva,1,111.08,"R$ 14,13",entregue,2024-03-25
PED-03999,2023-11-16,CLI-1192,site,SÃO PAULO,SP,Beleza,Secador de Cabelo 2000W,4,361.32,"R$ 0,00",cancelado,
PED-00825,2024-10-28,CLI-0032,marketplace,campinas,SP,Casa & Decoração,Jogo de Toalhas 4 peças,4,147.96,"R$ 0,00",entregue,2024-11-05
PED-04572,13/11/2024,CLI-0951,site,Sao Paulo,SP,eletronicos,Smartwatch Fit,-2,394.26,"R$ 0,00",entregue,24/11/2024
PED-01591,2023-07-18,CLI-0130,site,Brasília,DF,Eletrônicos,Caixa de Som Portátil,1,324.64,"R$ 0,00",entregue,2023-08-02
PED-03104,2024-09-08,CLI-0180,app,São Paulo,SP,Eletrônicos,Smartwatch Fit,3,789.91,"R$ 0,00",em transporte,
PED-00575,2024-11-04,CLI-0460,marketplace,Brasília,DF,Esporte,Corda de Pular Speed,1,79.94,"R$ 30,17",entregue,2024-11-18
PED-00715,2024-09-26,CLI-0768,site,,SP,Moda,Tênis Casual Masculino,1,214.82,"R$ 16,27",entregue,2024-10-02
PED-03326,2024-11-02,CLI-0736,app,Porto Alegre,RS,Moda,Jaqueta Jeans,3,258.56,"R$ 0,00",entregue,2024-11-16
PED-04064,2024-05-08,CLI-1097,site,Belo Horizonte,MG,MODA,Jaqueta Jeans,4,335.12,"R$ 0,00",ENTREGUE,2024-05-20
PED-00759,2023-02-27,CLI-0734,site,São Paulo,SP,eletronicos,Carregador Turbo 30W,1,118.35,"R$ 10,55",cancelado,
PED-04262,17/11/2024,CLI-0938,site,Rio de Janeiro,RJ,eletronicos,Fone Bluetooth TWS,1,381.2,"R$ 0,00",Entregue,01/12/2024
PED-00109,2023-04-16,CLI-1204,app,  Campinas ,SP,Moda,Jaqueta Jeans,4,158.88,"R$ 0,00",entregue,2023-04-25
PED-04399,11/06/2023,CLI-0985,site,São Paulo,SP,Beleza,Secador de Cabelo 2000W,3,181.71,"R$ 0,00",entregue,20/06/2023
PED-01096,2023-12-23,CLI-1371,app,Porto Alegre,RS,Casa & Decoração,Quadro Decorativo Abstrato,3,120.2,"R$ 0,00",em transporte,
PED-03393,2024-12-21,CLI-0803,site,são paulo,SP,Moda,"Mochila Notebook 15""",1,328.06,"R$ 0,00",entregue,2024-12-28
PED-02500,2024-03-04,CLI-1004,site,Belo Horizonte,MG,Casa & Decoração,Vaso Decorativo Cerâmica,3,152.35,"R$ 0,00",entregue,2024-03-16
PED-04479,2024-10-23,CLI-0749,site,Fortaleza,CE,Esporte,Corda de Pular Speed,1,88.58,"R$ 29,38",entregue,2024-11-01
PED-01596,2024-07-12,CLI-0615,app,Campinas,SP,Casa & Decoração,Jogo de Toalhas 4 peças,3,169.79,"R$ 0,00",devolvido,2024-07-21
PED-02997,2024-06-23,CLI-0989,app,São Paulo,SP,Casa & Decoração,Vaso Decorativo Cerâmica,3,99.12,"R$ 17,02",entregue,2024-06-29
PED-03108,2024-06-17,CLI-0032,site,Rio de Janeiro,RJ,esporte,Garrafa Térmica 1L,3,113.54,"R$ 0,00",entregue,2024-06-28
PED-00884,2024-02-06,CLI-1252,app,Curitiba,PR,Esporte,Tapete de Yoga 6mm,1,136.97,"R$ 17,92",entregue,2024-02-23
PED-02487,2024-09-16,CLI-1127,app,Goiânia,GO,Beleza,Perfume Importado 100ml,2,299.42,"R$ 0,00",entregue,2024-09-29
PED-00710,2024-02-14,CLI-1347,site,São Paulo,,Moda,Jaqueta Jeans,1,276.56,"R$ 15,36",Entregue,2024-02-26
PED-01540,2024-01-20,CLI-1334,app,  Salvador ,BA,Eletrônicos,Webcam Full HD,2,204.13,"R$ 0,00",entregue,2024-01-31
PED-00177,2024-01-09,CLI-0017,app,Rio de Janeiro,RJ,Beleza,Kit Skincare Facial,1,186.3,"R$ 21,76",entregue,2024-01-15
PED-04758,2024-12-27,CLI-0256,site,São Paulo,SP,Eletrônicos,Webcam Full HD,1,329.81,"R$ 0,00",Entregue,2025-01-01
PED-03662,2024-11-24,CLI-0491,app,Ribeirão Preto,SP,Esporte,Garrafa Térmica 1L,4,55.06,"R$ 19,43",entregue,2024-12-06
PED-04891,16/08/2023,CLI-0689,site,Porto Alegre,,Esporte,Halter Emborrachado 5kg,1,129.59,"R$ 27,44",entregue,31/08/2023
PED-03998,24/01/2024,CLI-0056,site,Ribeirão Preto,SP,Moda,Jaqueta Jeans,1,144.32,"R$ 13,61",entregue,05/02/2024
PED-02842,2024-01-07,CLI-0123,marketplace,Campinas,SP,CASA & DECORAÇÃO,"Tapete Sala 1,5m",1,180.74,"R$ 16,59",em transporte,
PED-01106,2024-09-17,CLI-0312,site,Salvador,BA,Moda,Tênis Casual Masculino,2,182.39,"R$ 0,00",devolvido,2024-09-30
PED-04908,10/05/2023,CLI-0247,site,Belo Horizonte,MG,ELETRÔNICOS,Smartwatch Fit,4,837.48,"R$ 0,00",entregue,23/05/2023
PED-04870,2024-06-09,CLI-0020,site,Rio de Janeiro,RJ,Eletrônicos,Carregador Turbo 30W,1,78.38,"R$ 16,30",entregue,2024-06-19
PED-01211,2024-09-06,CLI-0225,app,Fortaleza,CE,Eletrônicos,Fone Bluetooth TWS,4,348.29,"R$ 0,00",entregue,2024-09-24
PED-02356,01/10/2024,CLI-0298,site,Brasília,DF,Esporte,Halter Emborrachado 5kg,1,125.71,"R$ 27,78",em transporte,
PED-00506,2024-10-04,CLI-0865,site,SÃO PAULO,SP,Eletrônicos,Smartwatch Fit,4,692.89,"R$ 0,00",entregue,2024-10-17
PED-02126,2023-12-09,CLI-0547,app,Brasília,DF,Beleza,Base Líquida Matte,1,80.96,"R$ 22,88",entregue,2023-12-25
PED-04353,2024-06-24,CLI-0159,site,Recife,PE,Moda,Tênis Casual Masculino,4,341.85,"R$ 0,00",entregue,2024-07-07
PED-00727,06/09/2023,CLI-0489,site,São Paulo,,Casa & Decoração,"Tapete Sala 1,5m",4,292.39,"R$ 0,00",cancelado,
PED-04250,04/10/2024,CLI-0818,app,Fortaleza,CE,Eletrônicos,Smartwatch Fit,1,712.66,"R$ 0,00",Entregue,15/10/2024
PED-00631,2024-11-30,CLI-0181,app,Recife,PE,Eletrônicos,Caixa de Som Portátil,1,203.92,"R$ 27,89",em transporte,
PED-00749,2024-09-21,CLI-0204,app,Campinas,SP,Beleza,Secador de Cabelo 2000W,1,174.02,"R$ 14,15",entregue,2024-09-24
PED-02659,26/04/2023,CLI-0282,site,São Paulo,SP,Casa & Decoração,Luminária de Mesa LED,-2,96.69,"R$ 0,00",entregue,06/05/2023
PED-00615,2023-10-14,CLI-0364,app,Belo Horizonte,MG,Moda,"Mochila Notebook 15""",2,264.47,"R$ 0,00",em transporte,
PED-01326,13/11/2024,CLI-1343,app,São Paulo,SP,Moda,Jaqueta Jeans,1,256.73,"R$ 13,42",entregue,26/11/2024
PED-02494,2024-11-29,CLI-0183,site,Sao Paulo,SP,Casa & Decoração,Vaso Decorativo Cerâmica,3,104.51,"R$ 0,00",entregue,2024-12-09
PED-02765,23/03/2023,CLI-0210,app,Rio de Janeiro,RJ,Eletrônicos,Smartwatch Fit,1,660.64,"R$ 0,00",em transporte,
PED-03930,2024-11-25,CLI-0352,site,Brasília,DF,esporte,Tapete de Yoga 6mm,2,179.86,"R$ 0,00",entregue,2024-12-08
PED-02814,2023-02-16,CLI-0176,marketplace,  Recife ,PE,Casa & Decoração,Luminária de Mesa LED,2,142.01,"R$ 31,37",entregue,2023-03-05
PED-02837,2024-06-20,CLI-0655,app,Curitiba,PR,Moda,Camiseta Básica Algodão,1,82.15,"R$ 21,47",entregue,2024-07-08
PED-00692,2024-11-20,CLI-0246,site,Campinas,SP,Moda,Camiseta Básica Algodão,1,60.21,"R$ 15,47",entregue,2024-12-02
PED-01884,2024-08-31,CLI-0879,app,São Paulo,,Eletrônicos,Caixa de Som Portátil,1,507.22,"R$ 0,00",entregue,2024-09-05
PED-00784,2024-05-19,CLI-0314,site,RIO DE JANEIRO,RJ,Eletrônicos,Fone Bluetooth TWS,2,300.68,"R$ 0,00",Entregue,2024-05-24
PED-03368,2024-06-18,CLI-0261,site,Fortaleza,,Esporte,Camiseta Dry Fit,4,66.12,"R$ 34,45",entregue,2024-06-27
PED-04909,2024-07-13,CLI-0702,site,Porto Alegre,RS,Casa & Decoração,"Tapete Sala 1,5m",2,300.06,"R$ 0,00",em transporte,
PED-04117,2024-05-10,CLI-0860,site,Campinas,SP,Eletrônicos,Caixa de Som Portátil,3,336.81,"R$ 0,00",entregue,2024-05-17
PED-00232,2023-12-28,CLI-0615,app,Fortaleza,CE,Esporte,Corda de Pular Speed,1,57.61,"R$ 30,31",Entregue,2024-01-06
PED-03616,21/07/2024,CLI-0106,marketplace,Rio de Janeiro,RJ,Esporte,Camiseta Dry Fit,3,65.52,"R$ 20,15",entregue,02/08/2024
PED-02885,10/04/2024,CLI-0518,app,Campinas,SP,Casa & Decoração,Jogo de Toalhas 4 peças,2,181.31,"R$ 0,00",em transporte,
PED-04707,2023-04-06,CLI-0281,app,  Belo Horizonte ,MG,Casa & Decoração,Luminária de Mesa LED,2,195.1,"R$ 0,00",entregue,2023-04-13
PED-03685,2023-07-08,CLI-0652,site,  Rio de Janeiro ,RJ,Eletrônicos,Webcam Full HD,3,234.67,"R$ 0,00",em transporte,
PED-03803,2023-11-02,CLI-1109,site,Goiânia,GO,Eletrônicos,Webcam Full HD,1,366.35,"R$ 0,00",entregue,2023-11-11
PED-03114,2024-06-24,CLI-0222,app,Curitiba,PR,Beleza,Kit Skincare Facial,2,202.75,"R$ 0,00",entregue,2024-07-09
PED-03820,31/10/2024,CLI-0390,app,Fortaleza,CE,Esporte,Tapete de Yoga 6mm,1,172.71,"R$ 35,60",entregue,14/11/2024
PED-03477,2024-10-21,CLI-0148,app,Fortaleza,CE,Moda,Boné Aba Curva,1,65.01,"R$ 33,78",entregue,2024-10-28
PED-04586,2024-09-13,CLI-0715,marketplace,RIBEIRÃO PRETO,SP,Casa & Decoração,Jogo de Toalhas 4 peças,2,110.86,"R$ 13,50",entregue,2024-09-20
PED-00167,23/10/2024,CLI-1385,site,Campinas,SP,Beleza,Secador de Cabelo 2000W,2,281.34,"R$ 0,00",DEVOLVIDO,03/11/2024
PED-03893,17/03/2024,CLI-1079,app,Brasília,DF,Eletrônicos,Caixa de Som Portátil,1,395.11,"R$ 0,00",em transporte,
PED-02932,2023-07-30,CLI-0261,site,Belo Horizonte,MG,Eletrônicos,Caixa de Som Portátil,3,280.05,"R$ 0,00",entregue,2023-08-12
PED-02247,2023-09-21,CLI-1110,site,Ribeirão Preto,SP,Moda,Tênis Casual Masculino,2,237.96,"R$ 0,00",em transporte,
PED-00171,2023-10-16,CLI-0338,site,Recife,PE,Eletrônicos,Carregador Turbo 30W,-2,85.38,"R$ 28,79",entregue,2023-10-27
PED-02982,2023-10-05,CLI-1168,site,Rio de Janeiro,RJ,Eletrônicos,Caixa de Som Portátil,1,286.32,"R$ 16,98",entregue,2023-10-10
PED-04608,2023-08-09,CLI-1032,site,Campinas,SP,Moda,Tênis Casual Masculino,1,291.43,"R$ 13,04",ENTREGUE,2023-08-15
PED-00507,03/11/2023,CLI-0993,marketplace,Belo Horizonte,MG,Moda,Boné Aba Curva,1,64.12,"R$ 19,33",entregue,16/11/2023
PED-01363,2024-05-29,CLI-0207,site,PORTO ALEGRE,RS,Casa & Decoração,Vaso Decorativo Cerâmica,2,128.54,"R$ 23,37",entregue,2024-06-08
PED-02449,06/05/2024,CLI-0331,site,Campinas,SP,Eletrônicos,Webcam Full HD,2,267.12,"R$ 0,00",entregue,14/05/2024
PED-04276,2023-02-19,CLI-0261,marketplace,Salvador,BA,Esporte,Halter Emborrachado 5kg,1,80.48,"R$ 30,55",entregue,2023-02-27
PED-00333,2024-07-22,CLI-0518,marketplace,Belo Horizonte,MG,Moda,"Mochila Notebook 15""",1,127.49,"R$ 18,89",entregue,2024-07-28
PED-04661,15/07/2024,CLI-0577,app,São Paulo,SP,Moda,"Mochila Notebook 15""",2,151.39,"R$ 0,00",entregue,20/07/2024
PED-02046,2023-02-19,CLI-1252,app,Recife,PE,Casa & Decoração,Luminária de Mesa LED,2,88.25,"R$ 32,38",entregue,2023-03-06
PED-01493,2024-06-18,CLI-0261,marketplace,fortaleza,CE,Moda,Tênis Casual Masculino,2,282.98,"R$ 0,00",entregue,2024-07-01
PED-00621,19/09/2024,CLI-0577,site,Campinas,SP,Beleza,Secador de Cabelo 2000W,1,226.98,"R$ 21,72",cancelado,
PED-01606,2023-10-04,CLI-0978,site,Salvador,BA,Moda,Jaqueta Jeans,1,301.99,"R$ 0,00",DEVOLVIDO,2023-10-14
PED-01027,2024-12-09,CLI-0522,app,Belo Horizonte,MG,Esporte,Corda de Pular Speed,1,53.95,"R$ 17,54",entregue,2024-12-22
PED-03001,23/10/2024,CLI-0342,app,Curitiba,PR,Moda,Jaqueta Jeans,1,326.16,"R$ 0,00",Entregue,05/11/2024
PED-04362,06/04/2024,CLI-1318,site,Curitiba,PR,Moda,Boné Aba Curva,1,70.15,"R$ 26,87",entregue,24/04/2024
PED-02598,2023-12-21,CLI-0099,site,Ribeirao Preto,SP,Eletrônicos,Carregador Turbo 30W,3,59.75,"R$ 15,35",entregue,2023-12-25
PED-04951,2023-08-19,CLI-0236,site,Salvador,BA,Eletrônicos,Caixa de Som Portátil,3,398.01,"R$ 0,00",entregue,2023-08-31
PED-01339,2024-11-13,CLI-0962,site,Campinas,SP,Beleza,Perfume Importado 100ml,4,491.39,"R$ 0,00",entregue,2024-11-17
PED-04691,2024-02-09,CLI-0646,marketplace,São Paulo,SP,Moda,Camiseta Básica Algodão,1,94.2,"R$ 15,97",Entregue,2024-02-16
PED-03259,2024-04-23,CLI-1055,site,Goiânia,GO,Casa & Decoração,Quadro Decorativo Abstrato,2,178.56,"R$ 0,00",entregue,2024-05-02
PED-04247,2024-11-05,CLI-1086,site,Rio de Janeiro,RJ,Eletrônicos,Webcam Full HD,2,268.26,"R$ 0,00",entregue,2024-11-14
PED-01957,2024-04-12,CLI-1312,site,Fortaleza,CE,Moda,Tênis Casual Masculino,1,303.44,"R$ 0,00",entregue,2024-04-25
PED-03250,10/02/2024,CLI-0576,app,Recife,,Beleza,Base Líquida Matte,1,134.7,"R$ 27,14",Cancelado,
PED-04477,2024-04-01,CLI-0397,site,SALVADOR,BA,Casa & Decoração,Jogo de Toalhas 4 peças,1,224.84,"R$ 31,09",Entregue,2024-04-11
PED-01399,2024-04-25,CLI-0688,site,Porto Alegre,RS,Eletrônicos,Smartwatch Fit,2,563.89,"R$ 0,00",cancelado,
PED-04159,2024-01-22,CLI-0514,site,Curitiba,PR,Moda,Boné Aba Curva,2,,"R$ 25,85",entregue,2024-02-06
PED-02983,2023-04-20,CLI-0668,app,São Paulo,SP,Beleza,Kit Skincare Facial,2,253.49,"R$ 0,00",entregue,2023-04-24
PED-02925,2023-03-10,CLI-0968,site,Curitiba,PR,Eletrônicos,Smartwatch Fit,2,614.27,"R$ 0,00",ENTREGUE,2023-03-25
PED-01369,2023-07-11,CLI-0746,site,Campinas,SP,Moda,Tênis Casual Masculino,2,308.17,"R$ 0,00",entregue,2023-07-22
PED-02150,2023-04-13,CLI-0893,site,BELO HORIZONTE,MG,Esporte,Corda de Pular Speed,3,70.21,"R$ 21,50",entregue,2023-04-16
PED-02980,2024-11-12,CLI-0587,app,Brasília,DF,Beleza,Base Líquida Matte,-2,138.9,"R$ 25,82",ENTREGUE,2024-11-30
PED-04806,2024-08-16,CLI-0281,site,Porto Alegre,RS,Esporte,Camiseta Dry Fit,1,71.83,"R$ 27,13",entregue,2024-08-29
PED-04202,08/10/2024,CLI-0319,app,Rio de Janeiro,RJ,Casa & Decoração,"Tapete Sala 1,5m",2,429.79,"R$ 0,00",entregue,18/10/2024
PED-02665,27/02/2024,CLI-0669,site,Brasília,DF,Moda,Boné Aba Curva,1,98.62,"R$ 28,33",entregue,14/03/2024
PED-02037,2024-12-07,CLI-1082,site,Rio de Janeiro,RJ,Casa & Decoração,Jogo de Toalhas 4 peças,3,246.55,"R$ 0,00",entregue,2024-12-21
PED-04676,2023-05-28,CLI-0119,site,Rio de Janeiro,RJ,Beleza,Secador de Cabelo 2000W,1,151.58,"R$ 22,45",devolvido,2023-06-10
PED-01708,2023-12-24,CLI-1366,site,Fortaleza,CE,Eletrônicos,Carregador Turbo 30W,1,116.92,"R$ 33,25",entregue,2024-01-08
PED-03152,2024-05-16,CLI-0729,site,Salvador,,Esporte,Camiseta Dry Fit,2,49.05,"R$ 31,14",entregue,2024-05-25
PED-02520,06/08/2023,CLI-0432,site,Porto Alegre,RS,Esporte,Garrafa Térmica 1L,3,116.99,"R$ 0,00",entregue,16/08/2023
PED-02560,2023-02-05,CLI-0741,site,Ribeirão Preto,SP,Esporte,Corda de Pular Speed,2,33.64,"R$ 14,54",entregue,2023-02-09
PED-00917,23/03/2023,CLI-0261,site,Campinas,SP,Esporte,Halter Emborrachado 5kg,1,117.93,"R$ 14,12",em transporte,
PED-02180,19/12/2024,CLI-1277,marketplace,GOIÂNIA,GO,Beleza,Kit Skincare Facial,4,288.37,"R$ 0,00",cancelado,
PED-04205,2024-08-29,CLI-1139,site,Curitiba,PR,Eletrônicos,Smartwatch Fit,2,,"R$ 0,00",entregue,2024-09-14
PED-04367,2024-02-13,CLI-0159,app,  Ribeirão Preto ,SP,beleza,Secador de Cabelo 2000W,2,197.76,"R$ 0,00",entregue,2024-02-18
PED-00092,23/07/2024,CLI-1037,site,Rio de Janeiro,RJ,Casa & Decoração,Luminária de Mesa LED,2,211.36,"R$ 0,00",entregue,26/07/2024
PED-01164,2023-06-22,CLI-1036,app,Sao Paulo,SP,Eletrônicos,Webcam Full HD,4,380.73,"R$ 0,00",Entregue,2023-06-27
PED-02289,22/07/2023,CLI-0725,site,Campinas,SP,Beleza,Secador de Cabelo 2000W,2,312.46,"R$ 0,00",entregue,03/08/2023
PED-00913,2024-11-22,CLI-0646,marketplace,Salvador,BA,ELETRÔNICOS,Fone Bluetooth TWS,2,302.94,"R$ 0,00",entregue,2024-12-02
PED-04313,2023-09-18,CLI-0262,app,Rio de Janeiro,RJ,Eletrônicos,Smartwatch Fit,2,753.49,"R$ 0,00",cancelado,
PED-02264,2023-04-13,CLI-0205,marketplace,São Paulo,SP,Esporte,Halter Emborrachado 5kg,2,69.28,"R$ 20,49",Devolvido,2023-04-19
PED-01910,2024-11-19,CLI-0181,marketplace,São Paulo,SP,Moda,Jaqueta Jeans,1,247.06,"R$ 21,29",devolvido,2024-11-27
PED-01661,2023-06-16,CLI-0814,app,Curitiba,PR,Moda,Jaqueta Jeans,1,197.44,"R$ 22,59",entregue,2023-06-24
PED-02761,22/06/2024,CLI-0339,site,Salvador,BA,Eletrônicos,Fone Bluetooth TWS,4,250.58,"R$ 0,00",em transporte,
PED-03911,2024-03-14,CLI-0930,site,São Paulo,SP,Esporte,Halter Emborrachado 5kg,1,76.05,"R$ 13,43",devolvido,2024-03-23
PED-03853,2023-11-29,CLI-0338,app,Ribeirão Preto,SP,Beleza,Secador de Cabelo 2000W,1,234.01,"R$ 13,02",Entregue,2023-12-06
PED-04590,2024-11-15,CLI-0614,marketplace,São Paulo,SP,Eletrônicos,Fone Bluetooth TWS,2,345.75,"R$ 0,00",cancelado,
PED-00125,2023-02-18,CLI-0888,app,São Paulo,SP,Casa & Decoração,Jogo de Toalhas 4 peças,1,157.71,"R$ 14,87",em transporte,
PED-03454,10/02/2023,CLI-0283,app,Salvador,BA,Moda,Camiseta Básica Algodão,1,79.81,"R$ 29,90",cancelado,
PED-02371,2024-02-01,CLI-1085,app,Recife,PE,Moda,Boné Aba Curva,2,99.04,"R$ 30,98",devolvido,2024-02-15
PED-04226,11/11/2024,CLI-1057,site,são paulo,SP,Moda,"Mochila Notebook 15""",2,251.92,"R$ 0,00",entregue,14/11/2024
PED-02375,2023-11-28,CLI-0879,marketplace,ribeirão preto,SP,Beleza,Base Líquida Matte,1,53.7,"R$ 19,11",em transporte,
PED-02387,2024-12-26,CLI-0528,site,Brasília,DF,Eletrônicos,Caixa de Som Portátil,1,341.16,"R$ 0,00",cancelado,
PED-03157,2023-03-21,CLI-0261,site,Rio de Janeiro,RJ,Beleza,Secador de Cabelo 2000W,2,301.39,"R$ 0,00",entregue,2023-03-25
PED-03286,2024-06-12,CLI-0261,app,Brasília,DF,ESPORTE,Halter Emborrachado 5kg,3,112.28,"R$ 0,00",devolvido,2024-06-26
PED-01381,2024-01-06,CLI-1121,site,São Paulo,SP,Eletrônicos,Smartwatch Fit,2,798.12,"R$ 0,00",Entregue,2024-01-17
PED-04261,2024-12-14,CLI-0888,site,Goiânia,GO,Esporte,Corda de Pular Speed,2,79.37,"R$ 24,49",EM TRANSPORTE,
PED-01043,2024-06-24,CLI-1334,marketplace,Fortaleza,,Beleza,Kit Skincare Facial,3,100.31,"R$ 0,00",ENTREGUE,2024-07-02
PED-04747,2024-01-16,CLI-0890,site,RIO DE JANEIRO,RJ,Moda,Camiseta Básica Algodão,2,67.62,"R$ 16,15",ENTREGUE,2024-01-19
PED-03511,14/12/2024,CLI-0596,site,São Paulo,SP,Esporte,Camiseta Dry Fit,1,115.29,"R$ 11,66",entregue,27/12/2024
PED-02065,2023-12-31,CLI-0675,site,campinas,SP,Eletrônicos,Smartwatch Fit,1,519.55,"R$ 0,00",entregue,2024-01-03
PED-04470,2023-08-27,CLI-0838,app,belo horizonte,MG,Eletrônicos,Carregador Turbo 30W,2,68.59,"R$ 20,29",devolvido,2023-08-30
PED-01056,2024-07-07,CLI-0591,app,  Fortaleza ,CE,Eletrônicos,Carregador Turbo 30W,2,64.9,"R$ 27,76",entregue,2024-07-14
PED-00340,2024-12-04,CLI-0999,site,Belo Horizonte,MG,Esporte,Corda de Pular Speed,2,31.41,"R$ 22,29",Em transporte,
PED-03227,09/07/2024,CLI-0547,site,Recife,PE,Beleza,Base Líquida Matte,2,74.08,"R$ 36,12",cancelado,
PED-02145,01/11/2023,CLI-1233,site,SALVADOR,,Moda,Tênis Casual Masculino,2,410.04,"R$ 0,00",entregue,08/11/2023
PED-02258,2024-09-30,CLI-0567,site,Recife,PE,Esporte,Corda de Pular Speed,1,72.13,"R$ 24,68",entregue,2024-10-18
PED-03675,2024-09-28,CLI-0139,app,Ribeirão Preto,SP,Esporte,Corda de Pular Speed,4,70.63,"R$ 13,68",entregue,2024-10-02
PED-04710,2023-11-19,CLI-1240,marketplace,Belo Horizonte,MG,Esporte,Tapete de Yoga 6mm,1,99.53,"R$ 18,50",entregue,2023-11-29
PED-00724,2024-12-14,CLI-0738,site,São Paulo,SP,Moda,Boné Aba Curva,2,96.56,"R$ 17,04",ENTREGUE,2024-12-21
PED-01955,2024-11-23,CLI-0793,site,Recife,PE,Beleza,Base Líquida Matte,1,82.02,"R$ 27,63",entregue,2024-12-02
PED-02787,2024-07-16,CLI-0182,site,São Paulo,SP,Eletrônicos,Caixa de Som Portátil,2,364.0,"R$ 0,00",Entregue,2024-07-24
PED-00004,2024-07-23,CLI-0380,app,Goiânia,GO,Eletrônicos,Carregador Turbo 30W,2,62.73,"R$ 30,83",entregue,2024-08-03
PED-00502,2024-11-16,CLI-1254,marketplace,Campinas,SP,Beleza,Secador de Cabelo 2000W,1,314.34,"R$ 0,00",entregue,2024-11-29
PED-01808,2024-01-19,CLI-0281,marketplace,Goiânia,GO,Moda,Tênis Casual Masculino,2,222.52,"R$ 0,00",entregue,2024-01-26
PED-00311,2024-02-15,CLI-0559,app,Recife,PE,Beleza,Secador de Cabelo 2000W,4,181.33,"R$ 0,00",Entregue,2024-03-04
PED-01228,13/02/2024,CLI-0713,site,Belo Horizonte,MG,moda,Jaqueta Jeans,1,147.91,"R$ 19,46",entregue,25/02/2024
PED-02335,2024-01-03,CLI-1350,site,Porto Alegre,RS,Eletrônicos,Fone Bluetooth TWS,4,192.49,"R$ 0,00",devolvido,2024-01-15
PED-03385,25/07/2023,CLI-0989,site,Rio de Janeiro,RJ,Esporte,Garrafa Térmica 1L,2,59.02,"R$ 18,73",entregue,28/07/2023
PED-03724,2024-01-06,CLI-0430,app,Brasília,,Esporte,Corda de Pular Speed,2,62.17,"R$ 29,05",entregue,2024-01-24
PED-04048,2023-09-24,CLI-1227,site,Campinas,SP,moda,Boné Aba Curva,1,95.78,"R$ 8,23",entregue,2023-10-05
PED-02689,2023-09-14,CLI-0667,app,  Belo Horizonte ,MG,Beleza,Kit Skincare Facial,1,236.15,"R$ 17,08",entregue,2023-09-18
PED-01593,10/12/2024,CLI-0261,site,São Paulo,SP,Eletrônicos,Fone Bluetooth TWS,1,346.81,"R$ 0,00",cancelado,
PED-04322,2024-04-12,CLI-1111,app,São Paulo,SP,Beleza,Secador de Cabelo 2000W,2,303.85,"R$ 0,00",entregue,2024-04-20
PED-02625,2024-04-28,CLI-0910,site,Brasília,DF,Eletrônicos,Carregador Turbo 30W,1,112.42,"R$ 20,19",ENTREGUE,2024-05-14
PED-01946,30/11/2024,CLI-0975,site,campinas,SP,BELEZA,Base Líquida Matte,1,138.91,"R$ 14,21",entregue,07/12/2024
PED-01050,2023-09-07,CLI-0678,site,Porto Alegre,RS,Moda,Boné Aba Curva,2,81.73,"R$ 26,74",entregue,2023-09-20
PED-02960,2024-11-26,CLI-0196,app,Campinas,SP,Esporte,Tapete de Yoga 6mm,1,186.76,"R$ 19,25",entregue,2024-12-04
PED-00348,2023-09-13,CLI-0747,marketplace,Ribeirão Preto,SP,Beleza,Secador de Cabelo 2000W,1,268.28,"R$ 12,61",devolvido,2023-09-17
PED-01997,2023-10-11,CLI-1217,app,São Paulo,SP,Moda,Jaqueta Jeans,2,200.86,"R$ 0,00",entregue,2023-10-19
PED-00104,18/12/2024,CLI-0334,site,Porto Alegre,RS,Moda,Camiseta Básica Algodão,2,43.8,"R$ 21,05",devolvido,03/01/2025
PED-01280,2024-05-10,CLI-0355,site,Belo Horizonte,MG,Casa & Decoração,Luminária de Mesa LED,1,196.12,"R$ 19,41",em transporte,
PED-04911,09/05/2023,CLI-0281,app,São Paulo,SP,Moda,Boné Aba Curva,1,59.9,"R$ 17,09",Em transporte,
PED-04070,2023-07-04,CLI-0900,site,Salvador,BA,Eletrônicos,Smartwatch Fit,4,353.78,"R$ 0,00",entregue,2023-07-16
PED-00196,2023-07-03,CLI-0463,site,Belo Horizonte,MG,ESPORTE,Camiseta Dry Fit,1,128.92,"R$ 17,23",entregue,2023-07-10
PED-01259,2024-03-25,CLI-0261,site,SALVADOR,BA,Esporte,Tapete de Yoga 6mm,2,157.54,"R$ 0,00",entregue,2024-04-02
PED-03077,15/11/2023,CLI-0134,app,Curitiba,PR,Eletrônicos,Webcam Full HD,1,320.91,"R$ 0,00",entregue,28/11/2023
PED-04436,25/04/2024,CLI-1213,marketplace,São Paulo,SP,Moda,"Mochila Notebook 15""",4,176.14,"R$ 0,00",entregue,08/05/2024
PED-02575,08/04/2024,CLI-1280,app,Porto Alegre,RS,ELETRÔNICOS,Carregador Turbo 30W,2,92.55,"R$ 26,00",cancelado,
PED-02154,2024-10-04,CLI-0074,marketplace,RECIFE,PE,Moda,Boné Aba Curva,2,54.69,"R$ 25,20",entregue,2024-10-22
PED-02377,2024-11-11,CLI-1245,app,goiânia,GO,Moda,Boné Aba Curva,1,85.36,"R$ 27,83",entregue,2024-11-18
PED-02946,2023-12-28,CLI-0295,app,Porto Alegre,RS,Beleza,Secador de Cabelo 2000W,1,371.9,"R$ 0,00",entregue,2024-01-12
PED-00816,2024-11-20,CLI-0033,app,São Paulo,SP,Casa & Decoração,Jogo de Toalhas 4 peças,1,112.81,"R$ 11,44",entregue,2024-11-26
PED-00118,09/08/2024,CLI-0958,marketplace,Rio de Janeiro,,Casa & Decoração,"Tapete Sala 1,5m",1,446.8,"R$ 0,00",Entregue,21/08/2024
PED-02369,28/11/2023,CLI-1216,marketplace,Rio de Janeiro,RJ,Moda,Boné Aba Curva,4,79.82,"R$ 0,00",ENTREGUE,09/12/2023
PED-02818,2024-05-14,CLI-0990,app,Recife,PE,Esporte,Halter Emborrachado 5kg,1,70.04,"R$ 31,78",entregue,2024-05-25
PED-03537,2023-08-20,CLI-0821,marketplace,Porto Alegre,RS,Beleza,Secador de Cabelo 2000W,1,349.31,"R$ 0,00",entregue,2023-08-31
PED-03440,14/05/2024,CLI-1082,marketplace,belo horizonte,MG,Beleza,Perfume Importado 100ml,2,263.61,"R$ 0,00",ENTREGUE,21/05/2024
PED-04143,2023-02-08,CLI-0096,marketplace,Ribeirão Preto,SP,eletronicos,Caixa de Som Portátil,2,454.33,"R$ 0,00",cancelado,
PED-00945,2024-01-21,CLI-0304,marketplace,São Paulo,,Moda,Tênis Casual Masculino,4,183.51,"R$ 0,00",entregue,2024-02-02
PED-01159,10/01/2024,CLI-1091,site,Rio de Janeiro,,Casa & Decoração,Vaso Decorativo Cerâmica,3,99.49,"R$ 15,45",Entregue,19/01/2024
PED-02291,20/12/2024,CLI-1100,app,Fortaleza,CE,Eletrônicos,Webcam Full HD,1,-241.62,"R$ 36,58",entregue,04/01/2025
PED-00585,27/11/2024,CLI-0293,site,Campinas,SP,Casa & Decoração,Vaso Decorativo Cerâmica,2,114.98,"R$ 10,33",entregue,05/12/2024
PED-03072,16/12/2024,CLI-0216,site,Goiânia,GO,Eletrônicos,Fone Bluetooth TWS,1,219.17,"R$ 16,55",entregue,02/01/2025
PED-04131,2024-08-17,CLI-0352,site,Rio de Janeiro,RJ,Eletrônicos,Fone Bluetooth TWS,2,164.5,"R$ 0,00",entregue,2024-08-20
PED-02278,08/08/2023,CLI-1300,site,CURITIBA,PR,Eletrônicos,Fone Bluetooth TWS,1,281.44,"R$ 23,52",entregue,17/08/2023
PED-02592,2024-11-19,CLI-0068,app,Belo Horizonte,,casa & decoracao,Quadro Decorativo Abstrato,1,187.37,"R$ 19,80",entregue,2024-12-03
PED-03171,2024-12-26,CLI-0804,site,Fortaleza,CE,Moda,Jaqueta Jeans,1,240.64,"R$ 33,92",entregue,2025-01-13
PED-01967,2024-08-16,CLI-0138,marketplace,Curitiba,PR,Moda,"Mochila Notebook 15""",1,126.83,"R$ 20,24",entregue,2024-08-29
PED-02398,2023-07-12,CLI-0806,app,Goiânia,GO,Eletrônicos,Webcam Full HD,1,301.94,"R$ 0,00",em transporte,
PED-01199,2023-10-15,CLI-0096,site,Porto Alegre,RS,Eletrônicos,Smartwatch Fit,2,501.06,"R$ 0,00",entregue,2023-11-01
PED-00253,2024-01-25,CLI-0323,site,São Paulo,SP,Eletrônicos,Caixa de Som Portátil,3,512.73,"R$ 0,00",devolvido,2024-02-06
PED-04768,2024-04-26,CLI-0141,site,Brasília,DF,Esporte,Corda de Pular Speed,4,56.22,"R$ 28,34",entregue,2024-05-13
PED-04387,27/10/2023,CLI-0447,marketplace,Recife,PE,Esporte,Corda de Pular Speed,1,73.91,"R$ 34,24",entregue,13/11/2023
PED-01501,2024-07-05,CLI-0381,marketplace,Curitiba,PR,Eletrônicos,Caixa de Som Portátil,4,215.31,"R$ 0,00",entregue,2024-07-19
PED-00257,2024-10-15,CLI-0616,site,Salvador,BA,Eletrônicos,Carregador Turbo 30W,2,94.02,"R$ 31,31",entregue,2024-10-30
PED-02633,17/11/2024,CLI-0624,site,Porto Alegre,RS,moda,Camiseta Básica Algodão,2,55.35,"R$ 31,46",entregue,29/11/2024
PED-02597,09/04/2023,CLI-0416,app,Rio de Janeiro,RJ,Casa & Decoração,"Tapete Sala 1,5m",2,298.08,"R$ 0,00",Entregue,14/04/2023
PED-03770,2024-06-06,CLI-0001,site,São Paulo,SP,ELETRÔNICOS,Webcam Full HD,1,273.01,"R$ 14,37",entregue,2024-06-18
PED-04026,2024-12-09,CLI-1170,app,,SP,Moda,"Mochila Notebook 15""",1,303.84,"R$ 0,00",entregue,2024-12-16
PED-04043,22/05/2023,CLI-0350,app,campinas,SP,Eletrônicos,Webcam Full HD,1,303.59,"R$ 0,00",entregue,27/05/2023
PED-04997,22/06/2023,CLI-0376,site,São Paulo,SP,Beleza,Secador de Cabelo 2000W,1,282.94,"R$ 14,66",cancelado,
PED-03310,2023-03-22,CLI-0709,site,são paulo,SP,BELEZA,Perfume Importado 100ml,3,342.06,"R$ 0,00",entregue,2023-04-01
PED-03314,2024-05-27,CLI-0057,app,São Paulo,SP,Eletrônicos,Carregador Turbo 30W,1,81.03,"R$ 9,83",entregue,2024-06-03
PED-00552,2023-06-05,CLI-1036,app,Goiânia,GO,Esporte,Corda de Pular Speed,3,38.6,"R$ 27,33",entregue,2023-06-20
PED-04395,2023-11-25,CLI-0337,marketplace,Recife,PE,,Jaqueta Jeans,2,198.15,"R$ 0,00",entregue,2023-12-05
PED-03048,2024-06-14,CLI-0253,app,São Paulo,SP,Moda,Tênis Casual Masculino,2,364.82,"R$ 0,00",entregue,2024-06-17
PED-02038,2023-01-26,CLI-1175,site,Rio de Janeiro,RJ,Moda,Camiseta Básica Algodão,1,59.54,"R$ 15,38",Entregue,2023-01-30
PED-00400,15/01/2024,CLI-0564,app,Ribeirão Preto,SP,Moda,Jaqueta Jeans,2,266.2,"R$ 0,00",entregue,18/01/2024
PED-04315,04/01/2023,CLI-0302,site,  Rio de Janeiro ,RJ,Moda,Tênis Casual Masculino,2,243.51,"R$ 0,00",entregue,14/01/2023
PED-02172,2023-09-16,CLI-1011,site,São Paulo,SP,Moda,Boné Aba Curva,2,49.42,"R$ 14,05",entregue,2023-09-25
PED-03649,07/09/2023,CLI-0056,app,Campinas,SP,Moda,Tênis Casual Masculino,4,291.85,"R$ 0,00",entregue,14/09/2023
PED-03190,2023-10-14,CLI-1126,site,Campinas,SP,Beleza,Base Líquida Matte,1,140.39,"R$ 19,04",entregue,2023-10-27
PED-04852,2024-08-17,CLI-0882,app,são paulo,SP,Moda,Camiseta Básica Algodão,4,44.9,"R$ 17,24",cancelado,
PED-01265,2024-05-02,CLI-0577,site,Fortaleza,CE,Beleza,Secador de Cabelo 2000W,2,122.26,"R$ 37,62",entregue,2024-05-13
PED-03997,2023-04-15,CLI-0736,app,Goiânia,GO,Eletrônicos,Caixa de Som Portátil,1,193.53,"R$ 30,33",cancelado,
PED-01925,2023-08-16,CLI-0287,marketplace,Belo Horizonte,MG,beleza,Perfume Importado 100ml,4,,"R$ 0,00",entregue,2023-08-29
PED-04857,2024-02-02,CLI-1083,site,Goiânia,GO,Eletrônicos,Fone Bluetooth TWS,1,304.91,"R$ 0,00",entregue,2024-02-17
PED-00297,2024-12-23,CLI-0146,app,Porto Alegre,RS,eletronicos,Smartwatch Fit,3,691.43,"R$ 0,00",entregue,2025-01-08
PED-03782,2024-10-27,CLI-0494,app,campinas,SP,Moda,Camiseta Básica Algodão,1,44.75,"R$ 14,23",em transporte,
PED-03005,2023-04-04,CLI-1118,site,Porto Alegre,RS,Moda,Jaqueta Jeans,2,170.88,"R$ 0,00",cancelado,
PED-03640,2024-03-31,CLI-1161,marketplace,Porto Alegre,RS,Moda,Camiseta Básica Algodão,1,67.87,"R$ 26,75",entregue,2024-04-18
PED-01223,2024-11-19,CLI-1389,app,Belo Horizonte,MG,Esporte,Halter Emborrachado 5kg,4,129.43,"R$ 0,00",entregue,2024-11-24
PED-03283,03/10/2023,CLI-0403,site,Porto Alegre,RS,Esporte,Halter Emborrachado 5kg,2,129.8,"R$ 19,64",cancelado,
PED-00857,2024-08-19,CLI-0716,site,São Paulo,SP,Moda,Tênis Casual Masculino,4,170.37,"R$ 0,00",entregue,2024-09-02
PED-03082,2023-05-04,CLI-0352,site,Porto Alegre,RS,Beleza,Kit Skincare Facial,1,115.33,"R$ 28,67",entregue,2023-05-16
PED-02878,2023-12-18,CLI-0715,marketplace,BELO HORIZONTE,MG,Eletrônicos,Webcam Full HD,2,320.96,"R$ 0,00",entregue,2023-12-24
PED-01731,2024-12-08,CLI-0728,site,São Paulo,SP,Eletrônicos,Caixa de Som Portátil,2,492.31,"R$ 0,00",Entregue,2024-12-16
PED-04760,2024-12-03,CLI-0888,site,são paulo,SP,Eletrônicos,Fone Bluetooth TWS,2,389.2,"R$ 0,00",em transporte,
PED-01653,2023-09-14,CLI-0280,site,Curitiba,PR,Moda,Tênis Casual Masculino,1,179.66,"R$ 25,80",entregue,2023-10-01
PED-03586,2024-10-05,CLI-0172,app,campinas,SP,Eletrônicos,Smartwatch Fit,1,574.29,"R$ 0,00",cancelado,
PED-01151,2023-05-30,CLI-0548,site,Belo Horizonte,MG,Casa & Decoração,Quadro Decorativo Abstrato,-1,148.03,"R$ 18,69",entregue,2023-06-03
PED-00838,2024-12-24,CLI-1286,site,Curitiba,PR,Esporte,Camiseta Dry Fit,1,62.19,"R$ 23,04",em transporte,
PED-00893,04/09/2023,CLI-0740,app,Salvador,BA,Moda,"Mochila Notebook 15""",1,156.21,"R$ 29,79",entregue,15/09/2023
PED-04963,2024-02-23,CLI-0246,site,  Curitiba ,PR,Casa & Decoração,Jogo de Toalhas 4 peças,4,153.29,"R$ 0,00",entregue,2024-03-08
PED-03249,2024-11-14,CLI-0624,app,São Paulo,SP,esporte,Garrafa Térmica 1L,1,137.81,"R$ 12,53",entregue,2024-11-27
PED-02671,26/05/2024,CLI-0841,site,Brasília,DF,Eletrônicos,Carregador Turbo 30W,2,94.71,"R$ 26,02",entregue,13/06/2024
PED-03437,2023-11-10,CLI-0316,app,Belo Horizonte,MG,Eletrônicos,Fone Bluetooth TWS,1,368.81,"R$ 0,00",entregue,2023-11-22
PED-03404,24/11/2024,CLI-0970,site,Rio de Janeiro,RJ,Eletrônicos,Carregador Turbo 30W,1,73.85,"R$ 19,17",entregue,06/12/2024
PED-01655,2024-12-08,CLI-1048,site,Goiânia,GO,Eletrônicos,Fone Bluetooth TWS,4,305.27,"R$ 0,00",entregue,2024-12-18
PED-04729,2024-05-20,CLI-0577,site,Curitiba,PR,Casa & Decoração,Vaso Decorativo Cerâmica,2,50.78,"R$ 20,84",entregue,2024-06-02
PED-01545,2024-02-06,CLI-0145,app,,SP,Moda,Camiseta Básica Algodão,2,74.88,"R$ 10,89",CANCELADO,
PED-01572,25/04/2024,CLI-0853,app,Porto Alegre,RS,Esporte,Corda de Pular Speed,2,31.19,"R$ 24,74",entregue,06/05/2024
PED-03583,2023-12-18,CLI-0778,site,Goiania,GO,Eletrônicos,Caixa de Som Portátil,2,517.77,"R$ 0,00",entregue,2023-12-25
PED-00541,2024-12-27,CLI-0007,app,Brasília,DF,Moda,Tênis Casual Masculino,3,410.75,"R$ 0,00",em transporte,
PED-02195,2024-05-15,CLI-0086,app,Fortaleza,CE,Moda,Camiseta Básica Algodão,4,74.74,"R$ 31,59",entregue,2024-05-30
PED-01337,2023-07-11,CLI-0518,app,RIO DE JANEIRO,RJ,Moda,Jaqueta Jeans,2,299.42,"R$ 0,00",entregue,2023-07-21
PED-02173,2024-03-07,CLI-1319,site,Goiânia,GO,casa & decoracao,Luminária de Mesa LED,1,109.19,"R$ 25,08",entregue,2024-03-15
PED-00889,2023-06-17,CLI-0883,app,Curitiba,,Moda,Camiseta Básica Algodão,1,91.56,"R$ 23,74",entregue,2023-07-04
PED-02030,2024-05-12,CLI-0602,site,São Paulo,SP,Eletrônicos,Carregador Turbo 30W,2,115.99,"R$ 11,86",entregue,2024-05-23
PED-04609,2023-04-27,CLI-0304,site,São Paulo,SP,Eletrônicos,Carregador Turbo 30W,1,61.03,"R$ 18,46",cancelado,
PED-00460,2024-06-10,CLI-1126,marketplace,São Paulo,SP,,Corda de Pular Speed,2,54.34,"R$ 20,01",entregue,2024-06-13
PED-02215,2024-11-29,CLI-1389,app,Curitiba,PR,eletronicos,Caixa de Som Portátil,3,359.27,"R$ 0,00",entregue,2024-12-11
PED-02873,2023-01-24,CLI-1032,site,Fortaleza,CE,Eletrônicos,Caixa de Som Portátil,1,263.27,"R$ 37,39",entregue,2023-02-10
PED-00662,2024-11-16,CLI-0233,site,Belo Horizonte,MG,Eletrônicos,Smartwatch Fit,4,545.96,"R$ 0,00",entregue,2024-11-28
PED-01463,06/07/2023,CLI-1384,app,Belo Horizonte,MG,ELETRÔNICOS,Carregador Turbo 30W,4,104.62,"R$ 0,00",devolvido,17/07/2023
PED-02114,2024-05-25,CLI-0337,site,Porto Alegre,RS,Moda,"Mochila Notebook 15""",2,256.27,"R$ 0,00",em transporte,
PED-02919,09/02/2023,CLI-0976,marketplace,CURITIBA,PR,Esporte,Camiseta Dry Fit,2,121.95,"R$ 23,45",entregue,17/02/2023
PED-03238,2023-10-11,CLI-0007,site,São Paulo,SP,Beleza,Secador de Cabelo 2000W,1,325.31,"R$ 0,00",entregue,2023-10-18
PED-00701,2023-09-02,CLI-1014,app,Ribeirão Preto,SP,ELETRÔNICOS,Smartwatch Fit,1,795.76,"R$ 0,00",CANCELADO,
PED-01349,2023-12-27,CLI-0335,app,Fortaleza,CE,Moda,Tênis Casual Masculino,1,171.03,"R$ 30,88",cancelado,
PED-01962,27/12/2023,CLI-0943,marketplace,Recife,PE,Moda,Tênis Casual Masculino,1,233.59,"R$ 28,80",em transporte,
PED-02202,2024-12-05,CLI-0888,app,São Paulo,SP,Beleza,Kit Skincare Facial,4,285.19,"R$ 0,00",devolvido,2024-12-18
PED-03924,2024-11-29,CLI-0030,app,São Paulo,SP,Eletrônicos,Caixa de Som Portátil,4,543.92,"R$ 0,00",ENTREGUE,2024-12-05
PED-02397,2023-09-17,CLI-1091,app,São Paulo,SP,eletronicos,Smartwatch Fit,1,331.89,"R$ 0,00",Devolvido,2023-09-22
PED-04015,2024-04-23,CLI-0023,site,São Paulo,SP,Eletrônicos,Smartwatch Fit,1,677.28,"R$ 0,00",Entregue,2024-04-30
PED-00815,2023-05-15,CLI-0739,app,Campinas,SP,Eletrônicos,Webcam Full HD,1,359.69,"R$ 0,00",entregue,2023-05-26
PED-00823,2023-10-20,CLI-1212,marketplace,Rio de Janeiro,RJ,Eletrônicos,Fone Bluetooth TWS,2,314.9,"R$ 0,00",entregue,2023-10-28
PED-02958,14/01/2023,CLI-0826,app,Fortaleza,CE,Casa & Decoração,Vaso Decorativo Cerâmica,2,103.2,"R$ 30,53",Entregue,28/01/2023
PED-04455,2024-03-26,CLI-0547,site,Brasília,DF,Beleza,Base Líquida Matte,1,101.62,"R$ 22,65",entregue,2024-04-07
PED-01533,12/04/2024,CLI-0543,site,São Paulo,SP,Esporte,Garrafa Térmica 1L,1,122.92,"R$ 17,60",entregue,26/04/2024
PED-02777,2024-06-19,CLI-0073,marketplace,Curitiba,PR,Beleza,Secador de Cabelo 2000W,1,146.56,"R$ 20,91",entregue,2024-07-06
PED-02771,2023-06-16,CLI-1099,marketplace,Fortaleza,CE,Casa & Decoração,Quadro Decorativo Abstrato,1,134.68,"R$ 35,90",ENTREGUE,2023-07-02
PED-03543,2024-11-16,CLI-0391,app,Rio de Janeiro,RJ,Esporte,Garrafa Térmica 1L,2,104.87,"R$ 19,72",cancelado,
PED-03266,2023-08-20,CLI-1112,app,CAMPINAS,,Beleza,Kit Skincare Facial,2,187.01,"R$ 0,00",cancelado,
PED-03196,2023-12-10,CLI-0157,app,Curitiba,,Moda,"Mochila Notebook 15""",2,248.06,"R$ 0,00",em transporte,
PED-03350,2023-12-13,CLI-0381,app,Campinas,SP,Eletrônicos,Webcam Full HD,1,172.9,"R$ 15,35",entregue,2023-12-23
PED-03275,2024-07-28,CLI-0650,site,São Paulo,SP,Eletrônicos,Smartwatch Fit,2,790.29,"R$ 0,00",entregue,2024-08-07
PED-01792,2023-10-31,CLI-0513,site,Porto Alegre,RS,Beleza,Secador de Cabelo 2000W,2,310.85,"R$ 0,00",entregue,2023-11-09
PED-01216,2024-03-22,CLI-1317,site,Belo Horizonte,MG,Eletrônicos,Caixa de Som Portátil,3,480.85,"R$ 0,00",entregue,2024-04-02
PED-03629,2024-06-14,CLI-0748,site,São Paulo,SP,Esporte,Corda de Pular Speed,3,84.7,"R$ 12,19",Entregue,2024-06-21
PED-01061,2024-12-12,CLI-0847,site,Campinas,SP,Esporte,Garrafa Térmica 1L,3,62.77,"R$ 9,65",entregue,2024-12-17
PED-01829,2024-11-29,CLI-0571,app,Salvador,BA,Beleza,Perfume Importado 100ml,1,280.46,"R$ 27,75",entregue,2024-12-13
PED-04723,2023-09-26,CLI-0109,site,Porto Alegre,RS,MODA,Jaqueta Jeans,1,289.93,"R$ 27,18",entregue,2023-10-06
PED-03808,2024-06-05,CLI-0415,app,Goiânia,GO,Moda,Boné Aba Curva,1,77.4,"R$ 26,71",entregue,2024-06-13
PED-03901,2023-05-29,CLI-0491,site,Belo Horizonte,MG,Moda,"Mochila Notebook 15""",2,142.16,"R$ 19,01",Cancelado,
PED-04540,28/11/2023,CLI-1399,site,Porto Alegre,RS,Esporte,Tapete de Yoga 6mm,3,167.08,"R$ 0,00",em transporte,
PED-03692,2024-05-17,CLI-0072,app,Salvador,BA,Esporte,Garrafa Térmica 1L,1,109.11,"R$ 26,70",entregue,2024-06-04
PED-04289,29/12/2024,CLI-0495,site,Belo Horizonte,MG,Esporte,Corda de Pular Speed,2,85.78,"R$ 20,58",Entregue,08/01/2025
PED-04492,2024-11-03,CLI-1293,marketplace,São Paulo,SP,Casa & Decoração,Jogo de Toalhas 4 peças,1,158.14,"R$ 15,64",ENTREGUE,2024-11-07
PED-00846,2024-11-17,CLI-0228,site,Campinas,SP,Eletrônicos,Carregador Turbo 30W,1,114.58,"R$ 16,87",entregue,2024-11-24
PED-03939,03/03/2024,CLI-0871,app,Goiânia,GO,Eletrônicos,Smartwatch Fit,1,705.76,"R$ 0,00",entregue,10/03/2024
PED-04740,2024-06-11,CLI-0677,app,Curitiba,PR,Casa & Decoração,Luminária de Mesa LED,1,114.2,"R$ 16,13",em transporte,
PED-01142,2024-09-26,CLI-0584,site,São Paulo,,Moda,Jaqueta Jeans,3,270.48,"R$ 0,00",entregue,2024-10-08
PED-00180,2024-08-30,CLI-0787,site,Rio de Janeiro,RJ,Casa & Decoração,Luminária de Mesa LED,3,114.81,"R$ 0,00",ENTREGUE,2024-09-10
PED-00665,2023-11-17,CLI-0940,site,Rio de Janeiro,RJ,Beleza,Secador de Cabelo 2000W,1,235.28,"R$ 19,56",entregue,2023-11-25
PED-02706,2024-02-07,CLI-1364,site,Rio de Janeiro,RJ,Beleza,Kit Skincare Facial,2,129.98,"R$ 21,48",devolvido,2024-02-20
PED-02400,16/04/2024,CLI-0798,app,  Goiânia ,GO,Casa & Decoração,Quadro Decorativo Abstrato,2,99.4,"R$ 27,73",entregue,03/05/2024
PED-02622,2024-12-14,CLI-0471,marketplace,Rio de Janeiro,RJ,Beleza,Perfume Importado 100ml,-2,643.68,"R$ 0,00",entregue,2024-12-27
PED-01942,2024-01-26,CLI-0764,marketplace,São Paulo,SP,Beleza,Perfume Importado 100ml,1,395.26,"R$ 0,00",entregue,2024-02-08
PED-03328,2024-11-03,CLI-0166,marketplace,Campinas,SP,Casa & Decoração,Vaso Decorativo Cerâmica,2,91.72,"R$ 12,00",entregue,2024-11-07
PED-00236,2024-10-07,CLI-1152,site,Belo Horizonte,MG,Moda,Tênis Casual Masculino,3,302.6,"R$ 0,00",entregue,2024-10-11
PED-04151,2023-09-10,CLI-0107,app,Salvador,BA,Casa & Decoração,Quadro Decorativo Abstrato,1,86.14,"R$ 27,66",Entregue,2023-09-26
PED-03041,2023-12-06,CLI-1348,site,belo horizonte,MG,Casa & Decoração,Quadro Decorativo Abstrato,1,118.21,"R$ 19,14",em transporte,
PED-00605,16/12/2024,CLI-0509,app,São Paulo,SP,Esporte,Corda de Pular Speed,2,37.98,"R$ 20,95",entregue,24/12/2024
PED-00066,2024-04-14,CLI-1053,site,Belo Horizonte,MG,Moda,Camiseta Básica Algodão,1,52.85,"R$ 24,08",Entregue,2024-04-21
PED-02718,2024-12-28,CLI-0541,site,São Paulo,SP,Eletrônicos,Fone Bluetooth TWS,3,266.22,"R$ 0,00",entregue,2025-01-06
PED-02130,2023-01-29,CLI-0352,site,Curitiba,PR,Esporte,Halter Emborrachado 5kg,4,157.43,"R$ 0,00",entregue,2023-02-06
PED-02313,2023-12-08,CLI-0804,site,Porto Alegre,RS,Esporte,Tapete de Yoga 6mm,0,101.23,"R$ 26,99",entregue,2023-12-23
PED-01516,30/09/2023,CLI-0989,marketplace,Belo Horizonte,MG,Moda,Camiseta Básica Algodão,1,76.37,"R$ 18,26",entregue,03/10/2023
PED-02078,2023-07-10,CLI-1168,site,recife,PE,Casa & Decoração,Vaso Decorativo Cerâmica,2,113.43,"R$ 28,65",devolvido,2023-07-21
PED-00006,2024-12-21,CLI-0364,marketplace,São Paulo,SP,Casa & Decoração,Luminária de Mesa LED,1,170.38,"R$ 14,74",entregue,2024-12-31
PED-01948,02/12/2024,CLI-0728,site,Curitiba,PR,Beleza,Kit Skincare Facial,1,207.55,"R$ 24,60",entregue,16/12/2024
PED-02132,2024-09-05,CLI-0246,site,CAMPINAS,SP,Moda,Jaqueta Jeans,1,230.27,"R$ 9,02",entregue,2024-09-12
PED-04996,2023-08-15,CLI-0074,app,Rio de Janeiro,RJ,Moda,Tênis Casual Masculino,1,242.14,"R$ 21,76",entregue,2023-08-26
PED-03900,2023-07-15,CLI-0762,app,Ribeirão Preto,SP,Eletrônicos,Smartwatch Fit,4,783.35,"R$ 0,00",entregue,2023-07-20
PED-03785,24/03/2024,CLI-0455,site,São Paulo,SP,Eletrônicos,Webcam Full HD,3,160.14,"R$ 0,00",cancelado,
PED-00156,05/07/2024,CLI-0251,site,são paulo,SP,Moda,Tênis Casual Masculino,1,408.24,"R$ 0,00",entregue,09/07/2024
PED-00429,08/03/2023,CLI-0040,marketplace,Recife,PE,Eletrônicos,Smartwatch Fit,3,539.47,"R$ 0,00",entregue,21/03/2023
PED-03431,2024-04-21,CLI-0261,site,campinas,SP,Eletrônicos,Smartwatch Fit,4,496.47,"R$ 0,00",cancelado,
PED-00473,08/05/2023,CLI-1051,app,Campinas,SP,Casa & Decoração,Luminária de Mesa LED,1,125.87,"R$ 18,80",entregue,12/05/2023
PED-04217,2024-07-10,CLI-0316,site,Belo Horizonte,MG,moda,Camiseta Básica Algodão,2,42.59,"R$ 19,89",cancelado,
PED-00362,2023-05-09,CLI-1106,marketplace,Porto Alegre,RS,Moda,Tênis Casual Masculino,1,283.67,"R$ 26,25",Devolvido,2023-05-17
PED-04210,2023-07-25,CLI-1062,site,São Paulo,SP,Eletrônicos,Fone Bluetooth TWS,3,233.49,"R$ 0,00",devolvido,2023-08-08
PED-03691,2023-02-15,CLI-0497,marketplace,Campinas,SP,Eletrônicos,Caixa de Som Portátil,1,426.42,"R$ 0,00",entregue,2023-02-22
PED-00268,2023-06-08,CLI-1176,site,Rio de Janeiro,RJ,Casa & Decoração,"Tapete Sala 1,5m",4,359.17,"R$ 0,00",entregue,2023-06-12
PED-00437,2023-05-13,CLI-1321,marketplace,Rio de Janeiro,RJ,Beleza,Perfume Importado 100ml,4,344.25,"R$ 0,00",cancelado,
PED-00302,22/05/2023,CLI-0961,site,São Paulo,,beleza,Base Líquida Matte,3,111.82,"R$ 0,00",entregue,26/05/2023
PED-01425,2023-11-26,CLI-0352,marketplace,BELO HORIZONTE,MG,Casa & Decoração,Jogo de Toalhas 4 peças,2,113.49,"R$ 18,40",entregue,2023-12-05
PED-02646,2024-11-14,CLI-0316,site,São Paulo,SP,Eletrônicos,Webcam Full HD,4,358.11,"R$ 0,00",cancelado,
PED-02117,2023-09-23,CLI-0561,marketplace,Belo Horizonte,MG,Beleza,Base Líquida Matte,3,121.56,"R$ 0,00",entregue,2023-09-29
PED-02229,2023-02-15,CLI-1088,marketplace,Ribeirão Preto,SP,Moda,Jaqueta Jeans,2,269.38,"R$ 0,00",entregue,2023-02-19
PED-04504,30/01/2024,CLI-1322,app,Fortaleza,CE,Moda,Boné Aba Curva,2,65.4,"R$ 36,03",devolvido,10/02/2024
PED-01178,2023-11-29,CLI-0082,site,Fortaleza,CE,Casa & Decoração,Luminária de Mesa LED,2,141.34,"R$ 28,65",entregue,2023-12-16
PED-02900,2023-12-29,CLI-1168,app,Rio de Janeiro,RJ,Casa & Decoração,Vaso Decorativo Cerâmica,2,136.43,"R$ 26,11",entregue,2024-01-08
PED-00157,2023-10-08,CLI-1020,site,São Paulo,SP,Moda,Boné Aba Curva,1,112.6,"R$ 9,52",entregue,2023-10-22
PED-02903,04/06/2023,CLI-1086,app,Belo Horizonte,MG,casa & decoracao,Vaso Decorativo Cerâmica,1,104.74,"R$ 19,54",entregue,08/06/2023
PED-03221,2023-10-02,CLI-1299,site,Salvador,BA,Eletrônicos,Caixa de Som Portátil,2,518.08,"R$ 0,00",entregue,2023-10-16
PED-04643,11/02/2024,CLI-0746,site,curitiba,PR,Esporte,Garrafa Térmica 1L,1,104.22,"R$ 23,69",entregue,24/02/2024
PED-04625,2023-04-30,CLI-1233,marketplace,São Paulo,SP,Moda,Tênis Casual Masculino,1,218.62,"R$ 7,99",entregue,2023-05-05
PED-00411,2024-07-01,CLI-0303,app,Ribeirão Preto,SP,Eletrônicos,Caixa de Som Portátil,1,433.92,"R$ 0,00",entregue,2024-07-14
PED-00975,2023-11-07,CLI-0379,app,Belo Horizonte,MG,Casa & Decoração,Vaso Decorativo Cerâmica,1,123.09,"R$ 24,31",ENTREGUE,2023-11-10
PED-00981,2024-12-27,CLI-0810,site,Recife,PE,Casa & Decoração,Vaso Decorativo Cerâmica,1,92.36,"R$ 33,32",em transporte,
PED-03823,2024-04-03,CLI-0967,site,São Paulo,SP,Beleza,Secador de Cabelo 2000W,1,183.85,"R$ 13,86",entregue,2024-04-06
PED-01608,2023-09-23,CLI-0794,site,São Paulo,SP,Esporte,Camiseta Dry Fit,1,52.46,"R$ 14,86",entregue,2023-09-27
PED-01983,04/11/2024,CLI-0010,site,Rio de Janeiro,RJ,Moda,Camiseta Básica Algodão,3,56.96,"R$ 17,70",entregue,10/11/2024
PED-03011,18/10/2023,CLI-0793,site,Rio de Janeiro,RJ,Eletrônicos,Smartwatch Fit,1,415.13,"R$ 0,00",entregue,30/10/2023
PED-02152,09/02/2023,CLI-0554,app,Belo Horizonte,MG,Beleza,Kit Skincare Facial,1,91.75,"R$ 24,53",entregue,21/02/2023
PED-04546,2023-10-02,CLI-0261,site,BELO HORIZONTE,MG,Moda,Jaqueta Jeans,2,272.83,"R$ 0,00",entregue,2023-10-15
PED-03671,2023-11-25,CLI-0604,app,São Paulo,SP,Moda,Boné Aba Curva,2,46.98,"R$ 13,01",entregue,2023-12-02
PED-04810,2024-05-03,CLI-0481,marketplace,Salvador,BA,Eletrônicos,Caixa de Som Portátil,1,545.83,"R$ 0,00",em transporte,
PED-00413,2023-04-10,CLI-0306,site,Goiânia,GO,Esporte,Tapete de Yoga 6mm,2,182.22,"R$ 0,00",entregue,2023-04-22
PED-00653,05/07/2024,CLI-0463,site,São Paulo,SP,Beleza,Base Líquida Matte,1,92.8,"R$ 15,59",em transporte,
PED-03461,23/01/2024,CLI-0431,site,SÃO PAULO,SP,Eletrônicos,Fone Bluetooth TWS,2,168.32,"R$ 0,00",entregue,01/02/2024
PED-00341,2023-05-24,CLI-1060,app,São Paulo,SP,Eletrônicos,Caixa de Som Portátil,3,236.14,"R$ 0,00",em transporte,
PED-01688,2024-03-09,CLI-0566,site,Fortaleza,CE,Moda,Camiseta Básica Algodão,3,97.68,"R$ 33,28",Entregue,2024-03-17
PED-02611,2024-11-16,CLI-0052,app,São Paulo,SP,Esporte,Camiseta Dry Fit,2,119.97,"R$ 17,57",entregue,2024-11-23
PED-03799,2023-12-26,CLI-0073,site,Campinas,SP,Beleza,Secador de Cabelo 2000W,1,272.06,"R$ 12,28",em transporte,
PED-00540,2024-10-28,CLI-0082,site,Recife,PE,Esporte,Halter Emborrachado 5kg,2,73.41,"R$ 23,91",cancelado,
PED-03817,2024-01-03,CLI-0407,app,Curitiba,PR,Moda,"Mochila Notebook 15""",4,164.43,"R$ 0,00",em transporte,
PED-00426,2024-10-05,CLI-0476,site,Curitiba,PR,Eletrônicos,Carregador Turbo 30W,1,77.06,"R$ 26,18",entregue,2024-10-14
PED-00017,2024-04-15,CLI-0747,app,Porto Alegre,RS,Eletrônicos,Fone Bluetooth TWS,4,175.02,"R$ 0,00",entregue,2024-05-02
PED-01194,2024-12-21,CLI-1288,marketplace,Recife,PE,Moda,Boné Aba Curva,2,104.58,"R$ 28,66",entregue,2025-01-06
PED-00444,16/07/2023,CLI-0435,app,São Paulo,SP,Eletrônicos,Webcam Full HD,2,228.45,"R$ 0,00",entregue,24/07/2023
PED-03085,08/09/2024,CLI-1353,site,CAMPINAS,SP,Eletrônicos,Fone Bluetooth TWS,1,281.98,"R$ 10,50",cancelado,
PED-03502,2024-04-27,CLI-0743,app,Ribeirão Preto,SP,Eletrônicos,Carregador Turbo 30W,3,122.83,"R$ 0,00",entregue,2024-05-07
PED-01683,2024-08-31,CLI-0894,site,Curitiba,PR,Casa & Decoração,Quadro Decorativo Abstrato,1,144.11,"R$ 16,72",entregue,2024-09-12
PED-00754,2024-02-17,CLI-0468,marketplace,Recife,PE,Casa & Decoração,Vaso Decorativo Cerâmica,1,108.32,"R$ 33,18",entregue,2024-02-28
PED-03507,2024-03-03,CLI-0942,site,Brasília,DF,Esporte,Halter Emborrachado 5kg,2,105.16,"R$ 20,93",devolvido,2024-03-10
PED-03401,19/03/2023,CLI-0518,site,São Paulo,SP,Casa & Decoração,Vaso Decorativo Cerâmica,1,156.49,"R$ 21,00",entregue,27/03/2023
PED-04706,22/10/2023,CLI-1050,site,SÃO PAULO,SP,Moda,"Mochila Notebook 15""",2,229.59,"R$ 0,00",Entregue,25/10/2023
PED-02268,2024-03-11,CLI-0041,marketplace,Rio de Janeiro,RJ,Casa & Decoração,Jogo de Toalhas 4 peças,1,95.87,"R$ 18,40",entregue,2024-03-15
PED-03246,2024-04-16,CLI-0087,site,São Paulo,SP,Beleza,Kit Skincare Facial,3,90.36,"R$ 18,55",devolvido,2024-04-23
PED-02756,2024-10-03,CLI-0479,marketplace,Rio de Janeiro,RJ,Casa & Decoração,Jogo de Toalhas 4 peças,2,200.03,"R$ 0,00",entregue,2024-10-12
PED-04930,2023-10-13,CLI-0407,marketplace,Porto Alegre,RS,Eletrônicos,Webcam Full HD,-1,240.37,"R$ 0,00",entregue,2023-10-29
PED-02319,2024-03-02,CLI-1112,site,São Paulo,SP,Moda,"Mochila Notebook 15""",2,185.82,"R$ 0,00",entregue,2024-03-05
PED-01836,2023-04-15,CLI-0682,site,  São Paulo ,SP,Eletrônicos,Smartwatch Fit,2,481.43,"R$ 0,00",Entregue,2023-04-24
PED-04002,2023-11-24,CLI-0366,app,Porto Alegre,RS,eletronicos,Caixa de Som Portátil,1,403.18,"R$ 0,00",em transporte,
PED-03765,09/03/2023,CLI-0003,app,porto alegre,,Eletrônicos,Carregador Turbo 30W,1,81.36,"R$ 22,07",entregue,20/03/2023
PED-01673,2024-09-07,CLI-0517,site,,CE,Beleza,Perfume Importado 100ml,1,485.39,"R$ 0,00",em transporte,
PED-00587,01/07/2023,CLI-0257,app,Campinas,SP,Esporte,Corda de Pular Speed,2,85.05,"R$ 15,10",entregue,07/07/2023
PED-00363,2023-05-06,CLI-0261,site,Salvador,BA,MODA,Tênis Casual Masculino,1,274.66,"R$ 29,70",entregue,2023-05-24
PED-04139,01/08/2024,CLI-0824,site,Curitiba,PR,Esporte,Tapete de Yoga 6mm,1,98.81,"R$ 22,67",entregue,14/08/2024
PED-03446,2023-11-14,CLI-1265,site,Recife,PE,Eletrônicos,Webcam Full HD,1,159.88,"R$ 22,87",devolvido,2023-11-22
PED-02443,2023-07-25,CLI-1098,site,Porto Alegre,,Casa & Decoração,Vaso Decorativo Cerâmica,2,56.78,"R$ 24,36",entregue,2023-08-03
PED-03407,2024-03-17,CLI-0164,marketplace,São Paulo,SP,Esporte,Camiseta Dry Fit,2,100.76,"R$ 16,90",em transporte,
PED-03840,09/10/2023,CLI-1256,marketplace,Curitiba,PR,casa & decoracao,"Tapete Sala 1,5m",4,301.63,"R$ 0,00",entregue,20/10/2023
PED-04376,2023-06-23,CLI-0577,site,Salvador,BA,Moda,"Mochila Notebook 15""",1,252.55,"R$ 26,30",ENTREGUE,2023-07-11
PED-03607,29/05/2023,CLI-1177,site,Salvador,BA,Casa & Decoração,Vaso Decorativo Cerâmica,2,140.73,"R$ 31,69",entregue,09/06/2023
PED-01001,2023-03-13,CLI-0636,app,São Paulo,SP,Esporte,Camiseta Dry Fit,4,121.42,"R$ 0,00",devolvido,2023-03-18
PED-01321,02/03/2024,CLI-1373,marketplace,São Paulo,SP,esporte,Camiseta Dry Fit,2,64.29,"R$ 16,78",entregue,10/03/2024
PED-02282,2023-07-11,CLI-0498,marketplace,Curitiba,PR,Eletrônicos,Fone Bluetooth TWS,1,306.21,"R$ 0,00",entregue,2023-07-25
PED-01076,2023-11-07,CLI-0259,site,Belo Horizonte,MG,Moda,Boné Aba Curva,1,117.11,"R$ 21,13",em transporte,
PED-01412,21/12/2024,CLI-1034,marketplace,São Paulo,SP,Casa & Decoração,Luminária de Mesa LED,2,158.24,"R$ 0,00",entregue,28/12/2024
PED-00213,2023-07-22,CLI-0452,site,Belo Horizonte,MG,Eletrônicos,Carregador Turbo 30W,1,95.2,"R$ 23,38",entregue,2023-07-31
PED-00132,2024-11-30,CLI-1352,site,  Recife ,PE,Eletrônicos,Smartwatch Fit,1,506.31,"R$ 0,00",entregue,2024-12-14
PED-02634,06/06/2024,CLI-0493,marketplace,  Campinas ,SP,Esporte,Corda de Pular Speed,1,42.76,"R$ 14,10",ENTREGUE,20/06/2024
PED-01780,06/02/2024,CLI-0256,marketplace,São Paulo,SP,Eletrônicos,Carregador Turbo 30W,3,71.75,"R$ 12,11",entregue,13/02/2024
PED-02378,2024-05-18,CLI-1239,app,Porto Alegre,RS,Casa & Decoração,Quadro Decorativo Abstrato,3,138.1,"R$ 0,00",entregue,2024-05-27
PED-04533,2024-06-22,CLI-0461,app,São Paulo,SP,Eletrônicos,Carregador Turbo 30W,1,-72.12,"R$ 15,53",entregue,2024-07-06
PED-01786,2024-10-31,CLI-0822,site,Fortaleza,CE,Moda,Jaqueta Jeans,2,195.21,"R$ 0,00",em transporte,
PED-01563,2024-11-17,CLI-1359,marketplace,São Paulo,SP,Beleza,Kit Skincare Facial,1,169.17,"R$ 19,54",CANCELADO,
PED-01157,2023-03-03,CLI-1264,marketplace,Salvador,BA,Casa & Decoração,Quadro Decorativo Abstrato,2,-143.04,"R$ 31,92",entregue,2023-03-12
PED-03606,2023-01-05,CLI-0557,site,Recife,PE,Moda,"Mochila Notebook 15""",1,269.0,"R$ 31,05",em transporte,
PED-00192,2023-09-02,CLI-0521,app,Campinas,SP,Casa & Decoração,Luminária de Mesa LED,1,183.72,"R$ 17,59",cancelado,
PED-00338,2024-08-13,CLI-0684,site,Salvador,BA,Beleza,Perfume Importado 100ml,1,298.52,"R$ 31,75",entregue,2024-08-25
PED-03529,28/10/2024,CLI-0988,app,Rio de Janeiro,RJ,Eletrônicos,Carregador Turbo 30W,4,111.55,"R$ 0,00",Entregue,04/11/2024
PED-02923,2023-06-15,CLI-1252,app,Porto Alegre,RS,Eletrônicos,Webcam Full HD,2,306.94,"R$ 0,00",entregue,2023-07-01
PED-00080,2024-09-23,CLI-0040,app,Salvador,BA,Moda,Jaqueta Jeans,1,212.43,"R$ 33,23",entregue,2024-10-01
PED-04756,08/04/2024,CLI-0261,site,Recife,PE,BELEZA,Perfume Importado 100ml,2,224.88,"R$ 0,00",ENTREGUE,21/04/2024
PED-00559,08/05/2024,CLI-1131,marketplace,Rio de Janeiro,,Eletrônicos,Caixa de Som Portátil,2,377.08,"R$ 0,00",entregue,11/05/2024
PED-02716,2023-08-18,CLI-0780,app,Campinas,SP,Moda,Boné Aba Curva,3,,"R$ 16,70",cancelado,
PED-04734,28/08/2023,CLI-0026,marketplace,Salvador,BA,Casa & Decoração,Jogo de Toalhas 4 peças,0,191.35,"R$ 0,00",ENTREGUE,11/09/2023
PED-02227,2024-07-29,CLI-0197,site,Curitiba,PR,moda,Camiseta Básica Algodão,1,40.29,"R$ 21,25",entregue,2024-08-06
PED-01318,31/01/2023,CLI-0004,app,  Curitiba ,PR,Moda,Boné Aba Curva,3,102.21,"R$ 0,00",entregue,14/02/2023
PED-03435,2023-03-27,CLI-0888,app,Rio de Janeiro,RJ,Casa & Decoração,"Tapete Sala 1,5m",1,276.83,"R$ 25,20",entregue,2023-04-02
PED-04059,2023-12-14,CLI-0788,site,São Paulo,SP,Moda,Jaqueta Jeans,4,211.64,"R$ 0,00",entregue,2023-12-28
PED-04599,2023-11-12,CLI-1252,app,São Paulo,SP,Moda,Tênis Casual Masculino,3,272.6,"R$ 0,00",entregue,2023-11-24
PED-04634,29/09/2023,CLI-0952,site,Curitiba,PR,Beleza,Perfume Importado 100ml,1,256.06,"R$ 23,12",cancelado,
PED-02481,09/03/2024,CLI-0518,site,campinas,SP,Casa & Decoração,Quadro Decorativo Abstrato,2,66.48,"R$ 15,03",entregue,13/03/2024
PED-01904,2023-06-10,CLI-1248,marketplace,Belo Horizonte,,Esporte,Garrafa Térmica 1L,3,82.08,"R$ 20,76",entregue,2023-06-17
PED-01525,2024-07-31,CLI-0710,site,Goiania,GO,Eletrônicos,Webcam Full HD,2,229.33,"R$ 0,00",Entregue,2024-08-10
PED-02981,25/05/2024,CLI-0956,app,ribeirão preto,SP,ESPORTE,Tapete de Yoga 6mm,1,163.51,"R$ 10,75",entregue,01/06/2024
PED-03267,2023-07-12,CLI-0002,site,PORTO ALEGRE,RS,Casa & Decoração,"Tapete Sala 1,5m",1,217.13,"R$ 29,45",entregue,2023-07-25
PED-03156,12/11/2023,CLI-0531,site,Curitiba,PR,Beleza,Base Líquida Matte,1,142.95,"R$ 25,29",entregue,27/11/2023
PED-02352,04/11/2024,CLI-0551,marketplace,ribeirão preto,,Beleza,Perfume Importado 100ml,4,426.93,"R$ 0,00",entregue,18/11/2024
PED-03284,2023-04-14,CLI-0517,app,Rio de Janeiro,RJ,BELEZA,Secador de Cabelo 2000W,1,161.68,"R$ 23,72",Entregue,2023-04-19
PED-04965,27/08/2023,CLI-1143,site,Belo Horizonte,MG,Beleza,Secador de Cabelo 2000W,4,126.8,"R$ 0,00",entregue,05/09/2023
PED-02452,2024-08-09,CLI-0261,marketplace,Porto Alegre,RS,Beleza,Secador de Cabelo 2000W,4,122.01,"R$ 0,00",ENTREGUE,2024-08-23
PED-01987,2023-09-17,CLI-1067,site,São Paulo,,Esporte,Garrafa Térmica 1L,1,109.97,"R$ 13,64",entregue,2023-09-24
PED-04260,2023-10-06,CLI-0744,site,  Salvador ,BA,Casa & Decoração,"Tapete Sala 1,5m",1,441.03,"R$ 0,00",entregue,2023-10-14
PED-00392,2023-05-11,CLI-1262,site,Belo Horizonte,MG,moda,Tênis Casual Masculino,1,399.11,"R$ 0,00",entregue,2023-05-22
PED-00973,08/05/2023,CLI-0164,site,Rio de Janeiro,RJ,BELEZA,Kit Skincare Facial,3,227.91,"R$ 0,00",entregue,17/05/2023
PED-00657,2024-11-04,CLI-0361,app,Rio de Janeiro,RJ,Esporte,Tapete de Yoga 6mm,3,121.12,"R$ 0,00",entregue,2024-11-11
PED-00084,2023-06-21,CLI-1389,site,Rio de Janeiro,RJ,Casa & Decoração,Jogo de Toalhas 4 peças,3,193.8,"R$ 0,00",entregue,2023-07-02
PED-01575,2023-04-29,CLI-1334,site,  São Paulo ,SP,Beleza,Secador de Cabelo 2000W,1,281.45,"R$ 15,28",entregue,2023-05-10
PED-04257,2023-02-05,CLI-0261,marketplace,São Paulo,SP,Eletrônicos,Smartwatch Fit,2,690.36,"R$ 0,00",ENTREGUE,2023-02-15
PED-04343,2024-04-26,CLI-1321,app,Ribeirão Preto,SP,Moda,Boné Aba Curva,1,69.86,"R$ 17,31",ENTREGUE,2024-05-05
PED-00074,2023-08-25,CLI-0601,site,  Salvador ,BA,Moda,Boné Aba Curva,3,61.91,"R$ 32,14",entregue,2023-09-10
PED-04610,2024-12-20,CLI-0352,site,Brasília,DF,Casa & Decoração,Vaso Decorativo Cerâmica,1,133.11,"R$ 25,31",entregue,2025-01-04
PED-02063,2024-03-08,CLI-0383,app,Curitiba,PR,Eletrônicos,Webcam Full HD,1,184.03,"R$ 24,43",devolvido,2024-03-18
PED-00083,2024-10-13,CLI-0364,app,Recife,PE,Moda,Boné Aba Curva,3,89.36,"R$ 32,79",entregue,2024-10-26
PED-03441,2023-09-23,CLI-0060,marketplace,Recife,PE,ELETRÔNICOS,Webcam Full HD,1,226.33,"R$ 33,78",cancelado,
PED-00976,2024-05-22,CLI-0668,app,Fortaleza,CE,Esporte,Garrafa Térmica 1L,4,130.59,"R$ 0,00",devolvido,2024-06-05
PED-02201,2023-05-08,CLI-0619,app,belo horizonte,MG,Eletrônicos,Fone Bluetooth TWS,1,367.44,"R$ 0,00",entregue,2023-05-20
PED-04095,11/08/2023,CLI-0252,app,Recife,PE,beleza,Secador de Cabelo 2000W,1,,"R$ 0,00",entregue,25/08/2023
PED-02607,2024-05-26,CLI-1172,site,Fortaleza,CE,Esporte,Camiseta Dry Fit,1,109.52,"R$ 30,75",ENTREGUE,2024-06-04
PED-01716,2024-09-14,CLI-0315,site,Goiânia,GO,Casa & Decoração,Quadro Decorativo Abstrato,4,193.86,"R$ 0,00",cancelado,
PED-01511,2023-05-19,CLI-0164,site,São Paulo,SP,Moda,Jaqueta Jeans,1,205.16,"R$ 16,04",entregue,2023-05-22
PED-04030,2024-11-23,CLI-0577,site,São Paulo,SP,Esporte,Camiseta Dry Fit,4,85.61,"R$ 0,00",entregue,2024-12-04
PED-00964,2023-05-14,CLI-1029,site,Rio de Janeiro,RJ,Esporte,Halter Emborrachado 5kg,3,97.49,"R$ 19,38",entregue,2023-05-20
PED-02112,2024-03-30,CLI-1237,app,  Fortaleza ,,Esporte,Camiseta Dry Fit,2,64.47,"R$ 33,90",entregue,2024-04-15
PED-04414,2023-06-05,CLI-1067,site,Campinas,SP,Casa & Decoração,Vaso Decorativo Cerâmica,2,132.49,"R$ 17,01",entregue,2023-06-18
PED-00574,13/09/2024,CLI-1376,app,Goiânia,GO,Moda,Tênis Casual Masculino,1,245.04,"R$ 30,78",entregue,27/09/2024
PED-00447,23/12/2024,CLI-0246,site,Goiânia,GO,Esporte,Corda de Pular Speed,1,40.73,"R$ 23,45",entregue,04/01/2025
PED-04938,2024-08-12,CLI-0347,app,Salvador,BA,Eletrônicos,Fone Bluetooth TWS,2,289.39,"R$ 0,00",em transporte,
PED-03895,2024-11-30,CLI-0027,app,Belo Horizonte,MG,ELETRÔNICOS,Fone Bluetooth TWS,2,232.0,"R$ 0,00",entregue,2024-12-05
PED-03124,25/01/2024,CLI-0901,site,  Campinas ,SP,CASA & DECORAÇÃO,Jogo de Toalhas 4 peças,1,171.59,"R$ 14,11",entregue,03/02/2024
PED-02898,2023-07-26,CLI-0778,app,Salvador,BA,Casa & Decoração,Luminária de Mesa LED,1,172.5,"R$ 29,24",entregue,2023-08-10
PED-03816,2023-12-12,CLI-0336,app,Rio de Janeiro,RJ,Beleza,Perfume Importado 100ml,1,301.39,"R$ 0,00",em transporte,
PED-03348,2024-05-10,CLI-0822,app,Ribeirão Preto,,Casa & Decoração,"Tapete Sala 1,5m",2,250.1,"R$ 0,00",cancelado,
PED-00417,29/05/2023,CLI-0713,site,Campinas,SP,Esporte,Camiseta Dry Fit,1,49.01,"R$ 16,85",devolvido,11/06/2023
PED-02115,2023-01-17,CLI-1223,app,Porto Alegre,RS,Moda,Jaqueta Jeans,1,337.21,"R$ 0,00",entregue,2023-01-28
PED-01761,2023-11-12,CLI-0875,marketplace,Ribeirão Preto,SP,Esporte,Garrafa Térmica 1L,1,84.35,"R$ 15,71",entregue,2023-11-17
PED-01631,16/02/2024,CLI-1374,app,Fortaleza,CE,ELETRÔNICOS,Smartwatch Fit,2,702.83,"R$ 0,00",em transporte,
PED-00891,2023-11-15,CLI-0207,marketplace,Campinas,SP,ELETRÔNICOS,Smartwatch Fit,4,896.31,"R$ 0,00",Entregue,2023-11-18
PED-04594,2023-07-25,CLI-0445,site,Recife,PE,Beleza,Secador de Cabelo 2000W,2,312.84,"R$ 0,00",entregue,2023-08-03
PED-01513,03/06/2024,CLI-0225,site,RIO DE JANEIRO,RJ,Eletrônicos,Smartwatch Fit,3,692.01,"R$ 0,00",entregue,10/06/2024
PED-04239,2024-04-02,CLI-1158,site,São Paulo,SP,Eletrônicos,Caixa de Som Portátil,1,208.32,"R$ 7,71",entregue,2024-04-13
PED-00283,2023-08-28,CLI-1124,app,Belo Horizonte,MG,Moda,Boné Aba Curva,2,52.69,"R$ 22,03",entregue,2023-09-09
PED-04088,2024-05-28,CLI-0472,site,São Paulo,SP,Moda,Camiseta Básica Algodão,2,82.25,"R$ 11,27",entregue,2024-06-07
PED-00544,2024-12-27,CLI-0352,site,Belo Horizonte,MG,Esporte,Corda de Pular Speed,2,84.24,"R$ 18,63",em transporte,
PED-02062,2023-09-24,CLI-1212,app,São Paulo,SP,Eletrônicos,Carregador Turbo 30W,2,67.97,"R$ 17,93",devolvido,2023-09-30
PED-04495,2023-09-29,CLI-0638,marketplace,belo horizonte,MG,Eletrônicos,Webcam Full HD,3,360.72,"R$ 0,00",entregue,2023-10-08
PED-02817,2023-10-09,CLI-0240,site,Campinas,SP,MODA,Camiseta Básica Algodão,3,56.35,"R$ 16,05",entregue,2023-10-21
PED-04115,2024-09-13,CLI-1127,marketplace,Porto Alegre,RS,Eletrônicos,Caixa de Som Portátil,2,407.42,"R$ 0,00",entregue,2024-10-01
PED-02917,04/09/2023,CLI-1067,app,Salvador,,Casa & Decoração,Jogo de Toalhas 4 peças,1,211.07,"R$ 34,43",Cancelado,
PED-04011,2023-09-22,CLI-0539,site,São Paulo,SP,Eletrônicos,Webcam Full HD,2,192.01,"R$ 0,00",em transporte,
PED-03805,2023-01-23,CLI-1282,app,São Paulo,SP,Casa & Decoração,Vaso Decorativo Cerâmica,1,116.35,"R$ 15,82",EM TRANSPORTE,
PED-01518,2024-12-13,CLI-1136,site,São Paulo,SP,Beleza,Perfume Importado 100ml,1,239.63,"R$ 12,02",entregue,2024-12-21
PED-04491,2024-03-24,CLI-0517,site,Curitiba,PR,Beleza,Base Líquida Matte,1,79.17,"R$ 20,68",devolvido,2024-04-10
PED-00224,13/12/2024,CLI-0434,site,curitiba,PR,Eletrônicos,Fone Bluetooth TWS,4,375.99,"R$ 0,00",ENTREGUE,24/12/2024
PED-03909,2024-04-09,CLI-0653,site,Rio de Janeiro,RJ,Beleza,Kit Skincare Facial,2,102.65,"R$ 21,37",entregue,2024-04-17
PED-03205,2024-12-01,CLI-0256,site,Ribeirão Preto,SP,beleza,Kit Skincare Facial,1,107.98,"R$ 15,07",em transporte,
PED-02095,2024-11-21,CLI-0424,site,Goiânia,GO,Moda,Camiseta Básica Algodão,3,86.75,"R$ 30,63",entregue,2024-12-07
PED-01886,2023-11-11,CLI-0790,app,Brasília,DF,Eletrônicos,Webcam Full HD,1,302.48,"R$ 0,00",entregue,2023-11-22
PED-01943,25/12/2023,CLI-0920,site,Brasília,DF,Casa & Decoração,"Tapete Sala 1,5m",1,372.03,"R$ 0,00",em transporte,
PED-00441,2024-11-04,CLI-0823,app,Campinas,SP,Eletrônicos,Carregador Turbo 30W,2,96.39,"R$ 20,99",entregue,2024-11-11
PED-02688,2024-07-05,CLI-0966,app,Rio de Janeiro,RJ,Esporte,Tapete de Yoga 6mm,4,164.93,"R$ 0,00",ENTREGUE,2024-07-18
PED-03741,2023-08-02,CLI-0335,site,salvador,BA,Moda,Tênis Casual Masculino,4,176.48,"R$ 0,00",entregue,2023-08-15
PED-02058,2024-02-12,CLI-0373,site,Curitiba,PR,Beleza,Secador de Cabelo 2000W,2,200.89,"R$ 0,00",entregue,2024-03-01
PED-03690,2023-12-07,CLI-0944,site,belo horizonte,MG,Eletrônicos,Smartwatch Fit,2,895.33,"R$ 0,00",entregue,2023-12-19
PED-04124,09/12/2023,CLI-0695,app,Fortaleza,CE,Esporte,Corda de Pular Speed,3,58.1,"R$ 36,11",devolvido,18/12/2023
PED-02133,28/12/2024,CLI-0789,app,Brasília,DF,Moda,Boné Aba Curva,2,-90.25,"R$ 19,81",devolvido,08/01/2025
PED-03867,2024-04-22,CLI-0989,app,São Paulo,SP,Moda,Boné Aba Curva,2,61.05,"R$ 14,08",cancelado,
PED-01781,2023-06-23,CLI-1337,app,Belo Horizonte,MG,Eletrônicos,Smartwatch Fit,4,381.52,"R$ 0,00",em transporte,
PED-04404,2023-10-01,CLI-0569,app,Belo Horizonte,MG,Eletrônicos,Fone Bluetooth TWS,4,211.59,"R$ 0,00",cancelado,
PED-04512,2024-03-17,CLI-1387,app,SALVADOR,BA,Eletrônicos,Webcam Full HD,1,374.25,"R$ 0,00",entregue,2024-03-30
PED-03063,05/09/2023,CLI-0798,marketplace,São Paulo,SP,Moda,Boné Aba Curva,1,53.8,"R$ 18,01",devolvido,10/09/2023
PED-04152,2024-04-03,CLI-1265,marketplace,Goiânia,GO,Eletrônicos,Fone Bluetooth TWS,2,151.0,"R$ 0,00",Devolvido,2024-04-10
PED-02641,2024-08-06,CLI-0712,site,Curitiba,PR,moda,Jaqueta Jeans,4,334.09,"R$ 0,00",ENTREGUE,2024-08-15
PED-04427,2023-07-10,CLI-1394,app,Salvador,BA,Beleza,Secador de Cabelo 2000W,1,184.82,"R$ 20,25",entregue,2023-07-17
PED-02187,2024-10-16,CLI-0166,marketplace,RECIFE,PE,Beleza,Base Líquida Matte,2,92.18,"R$ 33,51",entregue,2024-10-26
PED-00764,2023-05-25,CLI-1105,marketplace,Belo Horizonte,MG,Eletrônicos,Webcam Full HD,2,178.44,"R$ 0,00",cancelado,
PED-00336,2024-05-26,CLI-0092,app,Salvador,BA,Moda,Boné Aba Curva,3,102.04,"R$ 0,00",entregue,2024-06-12
PED-02768,2024-07-08,CLI-1039,site,Fortaleza,CE,Esporte,Halter Emborrachado 5kg,2,115.98,"R$ 36,88",entregue,2024-07-20
PED-03965,2023-11-18,CLI-0202,app,São Paulo,SP,Eletrônicos,Fone Bluetooth TWS,2,189.46,"R$ 0,00",em transporte,
PED-03526,07/01/2024,CLI-0459,app,Fortaleza,CE,eletronicos,Webcam Full HD,4,220.86,"R$ 0,00",entregue,22/01/2024
PED-00593,2023-10-31,CLI-0909,site,Ribeirão Preto,SP,Eletrônicos,Carregador Turbo 30W,2,97.6,"R$ 12,27",entregue,2023-11-07
PED-01801,2024-05-23,CLI-0529,site,Brasília,DF,Eletrônicos,Caixa de Som Portátil,2,389.79,"R$ 0,00",ENTREGUE,2024-06-01
PED-02747,2023-07-29,CLI-0654,site,Brasília,DF,Eletrônicos,Carregador Turbo 30W,2,107.47,"R$ 23,03",entregue,2023-08-14
PED-04269,2024-09-30,CLI-0689,marketplace,SALVADOR,BA,Beleza,Perfume Importado 100ml,1,458.52,"R$ 0,00",entregue,2024-10-18
PED-04211,25/07/2024,CLI-0614,marketplace,Campinas,SP,Eletrônicos,Webcam Full HD,1,326.75,"R$ 0,00",entregue,04/08/2024
PED-00370,2024-11-20,CLI-0266,site,São Paulo,SP,Eletrônicos,Smartwatch Fit,4,391.38,"R$ 0,00",cancelado,
PED-03034,2023-08-22,CLI-0488,app,Ribeirão Preto,SP,Beleza,Base Líquida Matte,1,120.5,"R$ 18,54",devolvido,2023-08-29
PED-03966,2023-04-10,CLI-0701,app,Rio de Janeiro,RJ,Beleza,Kit Skincare Facial,1,233.62,"R$ 17,75",cancelado,
PED-02679,2024-08-28,CLI-0352,app,Campinas,SP,Eletrônicos,Caixa de Som Portátil,1,282.26,"R$ 10,60",entregue,2024-09-09
PED-01640,2024-08-16,CLI-0261,marketplace,Campinas,SP,Moda,"Mochila Notebook 15""",4,193.48,"R$ 0,00",entregue,2024-08-30
PED-00860,2024-03-18,CLI-1105,site,São Paulo,SP,Casa & Decoração,"Tapete Sala 1,5m",3,392.67,"R$ 0,00",entregue,2024-03-21
PED-04306,14/05/2023,CLI-0261,marketplace,Campinas,SP,Beleza,Base Líquida Matte,1,67.59,"R$ 16,36",entregue,19/05/2023
PED-01503,01/12/2023,CLI-0902,site,Belo Horizonte,MG,Beleza,Perfume Importado 100ml,1,499.59,"R$ 0,00",em transporte,
PED-01672,2024-05-29,CLI-1008,app,Porto Alegre,RS,CASA & DECORAÇÃO,Luminária de Mesa LED,1,166.48,"R$ 22,77",entregue,2024-06-14
PED-01176,2024-09-01,CLI-0218,site,Rio de Janeiro,RJ,Moda,Camiseta Básica Algodão,1,63.44,"R$ 19,98",entregue,2024-09-07
PED-01649,2024-11-24,CLI-0120,site,Curitiba,PR,casa & decoracao,Jogo de Toalhas 4 peças,1,129.14,"R$ 22,65",entregue,2024-12-12
PED-04844,2024-01-04,CLI-0495,site,Brasília,DF,moda,Boné Aba Curva,1,67.56,"R$ 23,55",em transporte,
PED-04058,12/12/2024,CLI-1056,site,São Paulo,SP,Casa & Decoração,Vaso Decorativo Cerâmica,4,52.68,"R$ 15,76",em transporte,
PED-02887,2023-01-28,CLI-0905,site,Curitiba,PR,Moda,Boné Aba Curva,2,82.05,"R$ 22,01",Entregue,2023-02-07
PED-02704,2024-10-12,CLI-0476,site,Salvador,BA,Beleza,Kit Skincare Facial,2,272.99,"R$ 0,00",entregue,2024-10-24
PED-02613,2024-02-29,CLI-1208,marketplace,Brasília,DF,Esporte,Garrafa Térmica 1L,1,137.41,"R$ 30,72",entregue,2024-03-13
PED-02800,2024-09-14,CLI-0500,app,Belo Horizonte,MG,Moda,"Mochila Notebook 15""",4,133.39,"R$ 0,00",entregue,2024-09-24
PED-03571,09/09/2024,CLI-0355,app,Curitiba,PR,Casa & Decoração,"Tapete Sala 1,5m",2,222.84,"R$ 0,00",entregue,17/09/2024
PED-02619,2024-10-19,CLI-0490,site,Rio de Janeiro,RJ,Casa & Decoração,Quadro Decorativo Abstrato,2,70.47,"R$ 18,80",entregue,2024-10-24
PED-03768,14/11/2023,CLI-0757,site,Porto Alegre,,Eletrônicos,Fone Bluetooth TWS,2,152.49,"R$ 0,00",entregue,22/11/2023
PED-04587,2024-03-09,CLI-1216,app,Salvador,,Esporte,Tapete de Yoga 6mm,1,86.95,"R$ 31,77",ENTREGUE,2024-03-16
PED-04794,2024-12-13,CLI-0121,app,São Paulo,SP,ELETRÔNICOS,Fone Bluetooth TWS,2,379.19,"R$ 0,00",devolvido,2024-12-18
PED-04615,08/11/2023,CLI-0318,marketplace,Salvador,BA,Moda,Tênis Casual Masculino,1,400.9,"R$ 0,00",entregue,21/11/2023
PED-00320,2024-12-10,CLI-0640,site,Curitiba,PR,Moda,"Mochila Notebook 15""",1,265.51,"R$ 24,12",em transporte,
PED-02564,2024-03-18,CLI-0949,site,São Paulo,SP,Beleza,Secador de Cabelo 2000W,1,298.4,"R$ 9,99",em transporte,
PED-04701,2024-12-22,CLI-0170,app,Belo Horizonte,MG,Beleza,Base Líquida Matte,3,94.89,"R$ 19,80",em transporte,
PED-02732,2023-10-23,CLI-0056,marketplace,Campinas,SP,Casa & Decoração,Jogo de Toalhas 4 peças,1,203.93,"R$ 14,18",ENTREGUE,2023-11-02
PED-04153,2024-01-11,CLI-1017,app,São Paulo,SP,Beleza,Kit Skincare Facial,4,98.12,"R$ 0,00",Entregue,2024-01-25
PED-04155,04/05/2024,CLI-1237,app,Fortaleza,CE,Casa & Decoração,"Tapete Sala 1,5m",2,285.57,"R$ 0,00",entregue,20/05/2024
PED-00136,2023-01-27,CLI-0261,app,  São Paulo ,SP,Moda,Boné Aba Curva,4,68.86,"R$ 21,09",entregue,2023-02-05
PED-04299,30/03/2024,CLI-0668,app,Rio de Janeiro,RJ,Eletrônicos,Fone Bluetooth TWS,1,375.35,"R$ 0,00",entregue,07/04/2024
PED-01651,2023-09-24,CLI-0606,app,FORTALEZA,CE,Beleza,Secador de Cabelo 2000W,4,205.38,"R$ 0,00",entregue,2023-10-02
PED-03513,2024-12-26,CLI-0618,site,Rio de Janeiro,RJ,Casa & Decoração,Jogo de Toalhas 4 peças,2,107.41,"R$ 20,93",entregue,2025-01-06
PED-03982,2024-01-14,CLI-0827,marketplace,Belo Horizonte,MG,Moda,Camiseta Básica Algodão,3,70.85,"R$ 21,96",entregue,2024-01-24
PED-00356,2024-03-22,CLI-0518,site,RECIFE,PE,Eletrônicos,Fone Bluetooth TWS,1,277.81,"R$ 31,29",entregue,2024-04-08
PED-03167,2023-04-16,CLI-0076,site,Fortaleza,CE,Eletrônicos,Smartwatch Fit,2,818.76,"R$ 0,00",entregue,2023-04-27
PED-01077,2024-04-08,CLI-0265,site,Ribeirão Preto,SP,Eletrônicos,Webcam Full HD,3,275.43,"R$ 0,00",entregue,2024-04-22
PED-04357,2024-12-11,CLI-0744,site,Campinas,SP,ELETRÔNICOS,Carregador Turbo 30W,1,67.24,"R$ 14,43",entregue,2024-12-21
PED-00641,24/08/2024,CLI-0261,app,São Paulo,SP,Esporte,Tapete de Yoga 6mm,2,96.95,"R$ 15,27",ENTREGUE,28/08/2024
PED-02110,2023-06-17,CLI-1028,app,Campinas,SP,Moda,Tênis Casual Masculino,3,265.36,"R$ 0,00",entregue,2023-06-24
PED-03463,2023-01-08,CLI-0166,site,São Paulo,SP,Esporte,Tapete de Yoga 6mm,4,146.93,"R$ 0,00",entregue,2023-01-19
PED-04571,27/10/2023,CLI-0214,app,Porto Alegre,RS,Beleza,Kit Skincare Facial,1,251.73,"R$ 22,26",entregue,14/11/2023
PED-03292,2024-08-09,CLI-0908,site,Campinas,SP,Moda,Boné Aba Curva,2,88.43,"R$ 12,52",entregue,2024-08-22
PED-03042,2024-11-30,CLI-1275,site,São Paulo,SP,Eletrônicos,Caixa de Som Portátil,1,404.87,"R$ 0,00",entregue,2024-12-11
PED-03534,2023-06-18,CLI-0017,marketplace,Belo Horizonte,MG,Moda,"Mochila Notebook 15""",2,264.46,"R$ 0,00",entregue,2023-06-25
PED-01898,2023-10-03,CLI-0691,site,Rio de Janeiro,RJ,Eletrônicos,Fone Bluetooth TWS,1,396.26,"R$ 0,00",entregue,2023-10-15
PED-04717,18/11/2023,CLI-1158,marketplace,São Paulo,SP,Esporte,Garrafa Térmica 1L,4,134.07,"R$ 0,00",entregue,28/11/2023
PED-04822,02/10/2023,CLI-0262,marketplace,Campinas,SP,Moda,Boné Aba Curva,3,45.43,"R$ 17,44",entregue,13/10/2023
PED-02664,06/09/2023,CLI-0501,app,Campinas,SP,Eletrônicos,Smartwatch Fit,3,567.69,"R$ 0,00",em transporte,
PED-03073,14/10/2024,CLI-1290,site,Curitiba,PR,Casa & Decoração,Vaso Decorativo Cerâmica,2,102.46,"R$ 20,00",entregue,23/10/2024
PED-03819,2024-07-15,CLI-0636,site,Rio de Janeiro,RJ,Beleza,Base Líquida Matte,4,115.35,"R$ 0,00",em transporte,
PED-03035,2024-12-25,CLI-1399,app,Recife,PE,beleza,Kit Skincare Facial,1,219.69,"R$ 27,98",em transporte,
PED-00330,2023-10-14,CLI-0741,app,SÃO PAULO,SP,Eletrônicos,Fone Bluetooth TWS,3,218.59,"R$ 0,00",cancelado,
PED-00824,2024-06-29,CLI-1293,app,São Paulo,SP,Eletrônicos,Fone Bluetooth TWS,1,344.49,"R$ 0,00",entregue,2024-07-10
PED-04422,04/07/2023,CLI-1366,site,Salvador,BA,Eletrônicos,Smartwatch Fit,1,351.7,"R$ 0,00",entregue,14/07/2023
PED-00065,09/06/2024,CLI-0261,app,Belo Horizonte,MG,eletronicos,Smartwatch Fit,2,346.5,"R$ 0,00",entregue,17/06/2024
PED-02639,2024-10-19,CLI-0355,app,Salvador,BA,Casa & Decoração,Vaso Decorativo Cerâmica,2,64.72,"R$ 26,48",em transporte,
PED-00773,10/05/2024,CLI-0301,marketplace,São Paulo,SP,Beleza,Perfume Importado 100ml,2,315.82,"R$ 0,00",entregue,13/05/2024
PED-03101,12/12/2024,CLI-0710,marketplace,São Paulo,SP,Beleza,Base Líquida Matte,1,123.79,"R$ 15,39",entregue,17/12/2024
PED-00366,2023-12-28,CLI-0164,marketplace,São Paulo,SP,Moda,"Mochila Notebook 15""",4,155.08,"R$ 0,00",entregue,2024-01-09
PED-03946,14/11/2024,CLI-0767,app,Goiânia,GO,Esporte,Tapete de Yoga 6mm,2,182.68,"R$ 0,00",entregue,02/12/2024
PED-01108,2023-12-12,CLI-1293,marketplace,Belo Horizonte,,Esporte,Tapete de Yoga 6mm,2,158.44,"R$ 0,00",entregue,2023-12-26
PED-00354,2024-04-29,CLI-0910,app,Rio de Janeiro,RJ,MODA,Jaqueta Jeans,3,284.01,"R$ 0,00",entregue,2024-05-11
PED-00679,2023-05-21,CLI-0428,app,Salvador,BA,Beleza,Base Líquida Matte,2,51.62,"R$ 29,83",entregue,2023-06-08
PED-03329,2024-03-10,CLI-0184,app,Fortaleza,CE,Beleza,Kit Skincare Facial,1,123.44,"R$ 33,45",cancelado,
PED-03166,2024-07-19,CLI-0324,site,Campinas,SP,Esporte,Garrafa Térmica 1L,1,106.25,"R$ 14,59",entregue,2024-07-27
PED-02296,16/02/2023,CLI-1006,marketplace,Rio de Janeiro,RJ,casa & decoracao,Vaso Decorativo Cerâmica,3,175.14,"R$ 0,00",ENTREGUE,20/02/2023
PED-00670,2023-12-22,CLI-0957,marketplace,Fortaleza,CE,Moda,Boné Aba Curva,3,73.51,"R$ 33,61",entregue,2024-01-04
PED-03935,2024-03-03,CLI-0032,marketplace,Brasília,DF,Eletrônicos,Caixa de Som Portátil,1,226.0,"R$ 25,81",entregue,2024-03-19
PED-02017,2023-10-07,CLI-0899,site,RIO DE JANEIRO,RJ,Moda,Jaqueta Jeans,1,235.71,"R$ 20,47",entregue,2023-10-18
PED-01956,2024-12-19,CLI-1168,app,Belo Horizonte,MG,Eletrônicos,Carregador Turbo 30W,3,121.44,"R$ 0,00",entregue,2025-01-01
PED-03262,2024-07-22,CLI-0830,marketplace,Fortaleza,CE,Esporte,Garrafa Térmica 1L,4,138.66,"R$ 0,00",devolvido,2024-08-01
PED-02484,2023-11-15,CLI-0376,app,Brasília,DF,Moda,Tênis Casual Masculino,1,263.12,"R$ 27,36",entregue,2023-12-03
PED-00401,2023-10-26,CLI-0282,marketplace,Rio de Janeiro,RJ,Beleza,Base Líquida Matte,1,76.86,"R$ 18,73",devolvido,2023-10-29
PED-03333,2023-01-30,CLI-0261,app,Salvador,BA,Eletrônicos,Webcam Full HD,1,353.82,"R$ 0,00",em transporte,
PED-00614,2024-12-25,CLI-0017,site,Recife,PE,Eletrônicos,Webcam Full HD,2,331.39,"R$ 0,00",DEVOLVIDO,2025-01-06
PED-04092,2024-09-11,CLI-1348,app,Ribeirão Preto,SP,Beleza,Perfume Importado 100ml,4,244.74,"R$ 0,00",EM TRANSPORTE,
PED-03941,2023-03-24,CLI-0227,site,Campinas,SP,Beleza,Perfume Importado 100ml,2,232.31,"R$ 0,00",entregue,2023-04-07
PED-03375,11/03/2024,CLI-0719,app,Fortaleza,CE,Moda,Camiseta Básica Algodão,1,44.85,"R$ 33,11",ENTREGUE,18/03/2024
PED-03280,2023-04-25,CLI-0346,site,Campinas,SP,Esporte,Halter Emborrachado 5kg,4,97.3,"R$ 0,00",entregue,2023-05-07
PED-01818,2024-02-10,CLI-1358,app,Curitiba,PR,esporte,Garrafa Térmica 1L,3,64.07,"R$ 24,67",entregue,2024-02-22
PED-00505,20/03/2024,CLI-0186,site,Recife,PE,Casa & Decoração,Jogo de Toalhas 4 peças,2,195.11,"R$ 0,00",entregue,27/03/2024
PED-00228,2024-04-16,CLI-0216,app,rio de janeiro,RJ,Esporte,Tapete de Yoga 6mm,3,188.73,"R$ 0,00",entregue,2024-04-24
PED-01756,2024-05-03,CLI-0801,app,são paulo,SP,Eletrônicos,Fone Bluetooth TWS,1,368.32,"R$ 0,00",entregue,2024-05-09
PED-00246,2024-11-10,CLI-1142,site,Recife,PE,Beleza,Secador de Cabelo 2000W,2,315.08,"R$ 0,00",devolvido,2024-11-24
PED-01636,2023-12-24,CLI-0778,site,Curitiba,PR,Moda,Boné Aba Curva,1,47.59,"R$ 24,31",em transporte,
PED-04748,2024-05-28,CLI-0826,site,RECIFE,,Casa & Decoração,Quadro Decorativo Abstrato,1,139.58,"R$ 36,05",entregue,2024-06-04
PED-02003,2024-12-12,CLI-1328,app,Belo Horizonte,MG,Moda,"Mochila Notebook 15""",3,269.35,"R$ 0,00",entregue,2024-12-21
PED-00375,12/06/2023,CLI-0657,app,Belo Horizonte,MG,Casa & Decoração,Jogo de Toalhas 4 peças,4,,"R$ 0,00",entregue,23/06/2023
PED-00120,2024-06-03,CLI-0677,site,Ribeirão Preto,SP,Casa & Decoração,Vaso Decorativo Cerâmica,3,68.85,"R$ 11,51",entregue,2024-06-16
PED-00041,2024-01-11,CLI-0032,app,Rio de Janeiro,RJ,Casa & Decoração,Jogo de Toalhas 4 peças,1,110.38,"R$ 19,17",entregue,2024-01-16
PED-02776,2023-11-23,CLI-0953,site,Fortaleza,CE,Esporte,Corda de Pular Speed,3,47.44,"R$ 28,74",entregue,2023-12-08
PED-00664,05/04/2023,CLI-0790,marketplace,  Recife ,PE,Beleza,Perfume Importado 100ml,1,352.51,"R$ 0,00",Entregue,16/04/2023
PED-02991,2024-09-28,CLI-0701,site,ribeirão preto,SP,Eletrônicos,Carregador Turbo 30W,1,72.68,"R$ 20,34",entregue,2024-10-01
PED-00647,06/01/2023,CLI-0935,site,Campinas,SP,ESPORTE,Camiseta Dry Fit,1,49.18,"R$ 7,27",entregue,12/01/2023
PED-02579,2023-05-11,CLI-1065,site,Brasília,DF,Eletrônicos,Carregador Turbo 30W,1,125.1,"R$ 28,35",entregue,2023-05-29
PED-01436,21/12/2024,CLI-0987,site,SÃO PAULO,SP,Esporte,Camiseta Dry Fit,1,,"R$ 12,55",entregue,24/12/2024
PED-03359,2024-07-10,CLI-0958,app,São Paulo,SP,Moda,Camiseta Básica Algodão,1,60.37,"R$ 17,21",ENTREGUE,2024-07-21
PED-02902,2024-12-02,CLI-0034,site,São Paulo,SP,Moda,Jaqueta Jeans,1,337.49,"R$ 0,00",entregue,2024-12-06
PED-02066,2024-12-02,CLI-1352,site,Curitiba,PR,casa & decoracao,Quadro Decorativo Abstrato,1,75.61,"R$ 17,70",entregue,2024-12-12
PED-00756,2023-08-20,CLI-1380,site,Rio de Janeiro,RJ,Eletrônicos,Caixa de Som Portátil,3,499.69,"R$ 0,00",entregue,2023-08-26
PED-00555,2023-02-22,CLI-0809,site,Belo Horizonte,MG,Eletrônicos,Webcam Full HD,1,188.33,"R$ 16,65",cancelado,
PED-02343,2024-08-15,CLI-1251,site,Fortaleza,CE,CASA & DECORAÇÃO,Luminária de Mesa LED,4,206.59,"R$ 0,00",entregue,2024-08-29
PED-03750,2023-07-23,CLI-0946,app,Recife,PE,Eletrônicos,Webcam Full HD,2,322.2,"R$ 0,00",entregue,2023-08-03
PED-04093,27/10/2024,CLI-1300,app,Porto Alegre,RS,Eletrônicos,Smartwatch Fit,3,465.43,"R$ 0,00",entregue,05/11/2024
PED-04485,2024-11-08,CLI-1008,marketplace,Porto Alegre,RS,Moda,"Mochila Notebook 15""",1,268.95,"R$ 31,35",em transporte,
PED-03654,2023-07-26,CLI-1077,site,Salvador,BA,Moda,Tênis Casual Masculino,2,197.21,"R$ 0,00",entregue,2023-08-05
PED-00803,2024-11-17,CLI-0720,site,Curitiba,PR,Moda,Tênis Casual Masculino,4,312.64,"R$ 0,00",entregue,2024-11-24
PED-01388,2023-10-26,CLI-0460,marketplace,  São Paulo ,SP,Beleza,Kit Skincare Facial,4,138.7,"R$ 0,00",CANCELADO,
PED-02555,2023-10-11,CLI-0657,site,Belo Horizonte,MG,Eletrônicos,Fone Bluetooth TWS,1,356.56,"R$ 0,00",entregue,2023-10-19
PED-04119,2023-11-05,CLI-0261,app,Brasília,DF,Beleza,Kit Skincare Facial,2,273.72,"R$ 0,00",em transporte,
PED-02037,2024-12-07,CLI-1082,site,Rio de Janeiro,RJ,Casa & Decoração,Jogo de Toalhas 4 peças,3,246.55,"R$ 0,00",entregue,2024-12-21
PED-03234,2023-04-20,CLI-0043,app,rio de janeiro,RJ,Beleza,Secador de Cabelo 2000W,1,275.59,"R$ 27,25",entregue,2023-04-28
PED-04551,2023-03-21,CLI-0732,marketplace,Curitiba,PR,Esporte,Corda de Pular Speed,1,72.05,"R$ 24,70",em transporte,
PED-01819,2024-03-05,CLI-1315,site,São Paulo,SP,Moda,Boné Aba Curva,1,87.78,"R$ 14,20",ENTREGUE,2024-03-17
PED-00379,2023-12-08,CLI-0021,site,Fortaleza,CE,Eletrônicos,Caixa de Som Portátil,1,318.2,"R$ 0,00",entregue,2023-12-17
PED-00794,2023-03-29,CLI-0387,site,São Paulo,SP,Casa & Decoração,Quadro Decorativo Abstrato,1,107.75,"R$ 15,71",Entregue,2023-04-05
PED-00606,2024-09-22,CLI-0577,marketplace,FORTALEZA,CE,MODA,"Mochila Notebook 15""",2,285.29,"R$ 0,00",cancelado,
PED-01959,2024-11-03,CLI-0264,marketplace,Recife,PE,Eletrônicos,Smartwatch Fit,2,323.06,"R$ 0,00",entregue,2024-11-17
PED-01515,2024-11-19,CLI-0959,site,Rio de Janeiro,RJ,Moda,"Mochila Notebook 15""",4,310.63,"R$ 0,00",entregue,2024-11-23
PED-00290,2023-04-22,CLI-0806,site,Fortaleza,CE,Beleza,Secador de Cabelo 2000W,2,199.81,"R$ 0,00",entregue,2023-04-29
PED-01272,2023-12-06,CLI-0583,marketplace,Porto Alegre,RS,Beleza,Base Líquida Matte,3,104.16,"R$ 0,00",em transporte,
PED-02615,2023-09-29,CLI-0645,marketplace,São Paulo,SP,Beleza,Secador de Cabelo 2000W,1,210.47,"R$ 14,24",entregue,2023-10-11
PED-03885,2024-12-21,CLI-0747,site,Belo Horizonte,MG,Esporte,Tapete de Yoga 6mm,2,104.45,"R$ 13,14",CANCELADO,
PED-04764,2024-03-11,CLI-1082,marketplace,Porto Alegre,RS,Moda,"Mochila Notebook 15""",2,241.28,"R$ 0,00",entregue,2024-03-23
PED-03751,2023-04-05,CLI-0860,marketplace,Campinas,SP,Moda,Jaqueta Jeans,1,196.75,"R$ 14,93",Entregue,2023-04-09
PED-04786,10/11/2024,CLI-1155,app,Goiânia,GO,Moda,"Mochila Notebook 15""",3,269.5,"R$ 0,00",entregue,27/11/2024
PED-00298,05/10/2024,CLI-0153,marketplace,São Paulo,SP,Eletrônicos,Fone Bluetooth TWS,4,170.41,"R$ 0,00",Entregue,18/10/2024
PED-01918,13/08/2024,CLI-1378,site,Curitiba,PR,Esporte,Camiseta Dry Fit,1,118.53,"R$ 28,74",entregue,23/08/2024
PED-03835,16/10/2023,CLI-0583,app,Brasília,DF,Beleza,Base Líquida Matte,2,57.98,"R$ 26,96",Entregue,23/10/2023
PED-01320,2024-11-04,CLI-0518,marketplace,Curitiba,PR,Casa & Decoração,Quadro Decorativo Abstrato,1,124.09,"R$ 22,77",entregue,2024-11-21
PED-04034,09/04/2024,CLI-0076,marketplace,Rio de Janeiro,RJ,Eletrônicos,Caixa de Som Portátil,2,416.45,"R$ 0,00",entregue,17/04/2024
PED-03551,08/11/2024,CLI-0514,site,Ribeirão Preto,SP,Casa & Decoração,Quadro Decorativo Abstrato,2,173.69,"R$ 0,00",entregue,18/11/2024
PED-00704,12/11/2024,CLI-1025,app,fortaleza,CE,Casa & Decoração,Vaso Decorativo Cerâmica,3,164.95,"R$ 0,00",entregue,24/11/2024
PED-01635,24/12/2024,CLI-0119,marketplace,Fortaleza,CE,Esporte,Camiseta Dry Fit,2,57.53,"R$ 32,54",em transporte,
PED-02943,2024-10-14,CLI-0861,app,Curitiba,PR,Casa & Decoração,Jogo de Toalhas 4 peças,1,175.79,"R$ 23,78",entregue,2024-10-24
PED-03958,09/12/2024,CLI-0281,site,São Paulo,SP,Eletrônicos,Smartwatch Fit,2,826.46,"R$ 0,00",cancelado,
PED-01550,01/10/2023,CLI-0646,site,Rio de Janeiro,RJ,Moda,Camiseta Básica Algodão,1,58.62,"R$ 18,74",entregue,12/10/2023
PED-02678,2024-10-16,CLI-1350,site,Rio de Janeiro,RJ,Moda,Tênis Casual Masculino,2,417.51,"R$ 0,00",entregue,2024-10-25
PED-04166,2023-09-09,CLI-0225,app,Belo Horizonte,MG,Esporte,Camiseta Dry Fit,2,77.62,"R$ 15,88",entregue,2023-09-12
PED-02773,2024-11-17,CLI-1373,marketplace,  São Paulo ,,ESPORTE,Garrafa Térmica 1L,2,66.67,"R$ 17,12",cancelado,
PED-00483,2024-05-09,CLI-0335,site,Campinas,SP,Moda,Camiseta Básica Algodão,4,67.33,"R$ 19,07",cancelado,
PED-04708,2024-01-03,CLI-0055,site,  São Paulo ,SP,Casa & Decoração,Vaso Decorativo Cerâmica,1,164.64,"R$ 17,64",entregue,2024-01-14
PED-02846,2024-05-09,CLI-0128,site,são paulo,SP,Beleza,Base Líquida Matte,3,79.94,"R$ 16,32",entregue,2024-05-23
PED-00767,2023-07-11,CLI-1136,app,brasília,DF,Esporte,Garrafa Térmica 1L,1,75.23,"R$ 27,11",entregue,2023-07-26
PED-04805,2024-10-14,CLI-0334,site,Rio de Janeiro,RJ,Eletrônicos,Webcam Full HD,1,232.95,"R$ 19,88",entregue,2024-10-26
PED-03721,2024-06-11,CLI-1257,site,Salvador,BA,Moda,"Mochila Notebook 15""",1,229.68,"R$ 27,57",devolvido,2024-06-22
PED-01008,2023-11-06,CLI-0726,app,Brasília,DF,Casa & Decoração,Quadro Decorativo Abstrato,3,156.52,"R$ 0,00",entregue,2023-11-19
PED-02603,2024-01-27,CLI-0139,marketplace,Rio de Janeiro,RJ,Casa & Decoração,"Tapete Sala 1,5m",2,202.4,"R$ 0,00",entregue,2024-02-05
PED-02670,2024-02-06,CLI-0767,site,são paulo,,Casa & Decoração,"Tapete Sala 1,5m",1,291.74,"R$ 16,50",entregue,2024-02-09
PED-00911,2024-09-11,CLI-0368,site,São Paulo,SP,Beleza,Kit Skincare Facial,2,287.48,"R$ 0,00",entregue,2024-09-25
PED-03424,2023-12-19,CLI-1144,app,Recife,PE,moda,Jaqueta Jeans,3,262.14,"R$ 0,00",entregue,2024-01-01
PED-02686,2024-08-23,CLI-0793,app,salvador,BA,Beleza,Perfume Importado 100ml,2,643.94,"R$ 0,00",entregue,2024-09-08
PED-04858,2024-06-06,CLI-0778,site,Porto Alegre,RS,Moda,Jaqueta Jeans,2,145.43,"R$ 25,08",entregue,2024-06-16
PED-02050,2023-11-14,CLI-1287,app,Recife,PE,Beleza,Kit Skincare Facial,4,229.8,"R$ 0,00",entregue,2023-12-02
PED-03738,2024-08-13,CLI-0138,app,Rio de Janeiro,RJ,Moda,Tênis Casual Masculino,1,399.25,"R$ 0,00",ENTREGUE,2024-08-18
PED-01256,2024-11-04,CLI-0882,app,Belo Horizonte,MG,Beleza,Base Líquida Matte,1,77.61,"R$ 14,27",em transporte,
PED-02317,28/06/2023,CLI-0544,marketplace,Rio de Janeiro,RJ,Casa & Decoração,Luminária de Mesa LED,2,111.35,"R$ 23,23",entregue,10/07/2023
PED-03585,2024-11-26,CLI-1010,app,salvador,BA,Moda,Tênis Casual Masculino,3,,"R$ 0,00",entregue,2024-12-07
PED-00225,2023-10-12,CLI-0691,site,Brasília,DF,Beleza,Kit Skincare Facial,1,280.08,"R$ 26,20",entregue,2023-10-30
PED-01368,2023-05-26,CLI-0430,app,SÃO PAULO,SP,Casa & Decoração,Luminária de Mesa LED,3,79.43,"R$ 17,81",entregue,2023-05-31
PED-04498,2024-03-01,CLI-1352,site,São Paulo,SP,Moda,Boné Aba Curva,4,94.05,"R$ 0,00",entregue,2024-03-09
PED-03762,09/11/2023,CLI-0489,site,Salvador,BA,Beleza,Perfume Importado 100ml,4,506.0,"R$ 0,00",entregue,18/11/2023
PED-03377,2023-01-12,CLI-0520,site,Porto Alegre,RS,Casa & Decoração,Luminária de Mesa LED,1,155.27,"R$ 26,34",cancelado,
PED-01854,2024-09-05,CLI-0533,site,São Paulo,SP,Beleza,Kit Skincare Facial,4,228.2,"R$ 0,00",entregue,2024-09-11
PED-01284,08/06/2024,CLI-0583,app,fortaleza,,Esporte,Halter Emborrachado 5kg,1,98.9,"R$ 29,73",entregue,26/06/2024
PED-01931,2024-06-15,CLI-0551,site,Rio de Janeiro,RJ,Moda,Camiseta Básica Algodão,1,46.53,"R$ 15,00",entregue,2024-06-27
PED-04038,2024-11-02,CLI-0871,site,Rio de Janeiro,RJ,Casa & Decoração,Luminária de Mesa LED,4,81.97,"R$ 0,00",entregue,2024-11-15
PED-02545,26/03/2024,CLI-0224,app,Campinas,SP,Eletrônicos,Carregador Turbo 30W,1,119.29,"R$ 19,92",entregue,06/04/2024
PED-00082,21/12/2023,CLI-0130,marketplace,Rio de Janeiro,RJ,Moda,"Mochila Notebook 15""",2,237.2,"R$ 0,00",entregue,24/12/2023
PED-02605,2023-02-06,CLI-1293,site,São Paulo,SP,Beleza,Perfume Importado 100ml,2,427.02,"R$ 0,00",entregue,2023-02-14
PED-04636,2023-03-03,CLI-0987,app,Sao Paulo,SP,Esporte,Garrafa Térmica 1L,4,108.59,"R$ 0,00",entregue,2023-03-14
PED-03927,2024-04-02,CLI-1010,site,São Paulo,SP,Eletrônicos,Webcam Full HD,1,259.92,"R$ 13,25",entregue,2024-04-16
PED-01674,2023-05-16,CLI-0781,app,Campinas,SP,Moda,Tênis Casual Masculino,2,195.17,"R$ 0,00",entregue,2023-05-30
PED-04399,11/06/2023,CLI-0985,site,São Paulo,SP,Beleza,Secador de Cabelo 2000W,3,181.71,"R$ 0,00",entregue,20/06/2023
PED-03057,2024-05-28,CLI-0782,marketplace,São Paulo,SP,Casa & Decoração,Quadro Decorativo Abstrato,1,177.44,"R$ 14,57",em transporte,
PED-00107,2024-01-21,CLI-0251,app,São Paulo,SP,Casa & Decoração,"Tapete Sala 1,5m",1,407.32,"R$ 0,00",entregue,2024-01-26
PED-00599,2024-12-24,CLI-0518,site,BELO HORIZONTE,MG,Beleza,Perfume Importado 100ml,2,412.83,"R$ 0,00",entregue,2025-01-03
PED-04670,01/10/2023,CLI-0498,site,São Paulo,SP,Casa & Decoração,Luminária de Mesa LED,3,92.74,"R$ 13,38",em transporte,
PED-04919,2024-11-28,CLI-0261,app,Rio de Janeiro,RJ,Eletrônicos,Fone Bluetooth TWS,2,316.11,"R$ 0,00",entregue,2024-12-02
PED-02474,2024-03-20,CLI-1046,marketplace,Belo Horizonte,MG,Beleza,Base Líquida Matte,3,66.9,"R$ 24,01",entregue,2024-03-23
PED-03230,2024-02-20,CLI-0974,site,Porto Alegre,RS,ESPORTE,Garrafa Térmica 1L,1,57.28,"R$ 23,08",cancelado,
PED-02250,18/11/2023,CLI-0489,app,Fortaleza,CE,Eletrônicos,Fone Bluetooth TWS,1,153.98,"R$ 31,61",entregue,26/11/2023
PED-00360,2024-05-16,CLI-1338,marketplace,Belo Horizonte,MG,Eletrônicos,Webcam Full HD,1,194.85,"R$ 18,90",entregue,2024-05-30
PED-02444,04/04/2024,CLI-0984,site,Curitiba,PR,Esporte,Halter Emborrachado 5kg,1,148.89,"R$ 21,73",ENTREGUE,12/04/2024
PED-00170,2024-12-12,CLI-1200,app,Ribeirão Preto,SP,Moda,Tênis Casual Masculino,3,344.91,"R$ 0,00",entregue,2024-12-18
PED-02091,2023-11-26,CLI-0174,marketplace,Belo Horizonte,MG,Casa & Decoração,Quadro Decorativo Abstrato,4,187.8,"R$ 0,00",entregue,2023-12-02
PED-01927,22/11/2023,CLI-0872,site,Campinas,SP,Eletrônicos,Caixa de Som Portátil,1,282.4,"R$ 16,70",entregue,06/12/2023
PED-01224,17/06/2024,CLI-0261,site,fortaleza,CE,Beleza,Secador de Cabelo 2000W,1,137.8,"R$ 30,97",entregue,01/07/2024
PED-03960,2023-12-15,CLI-0926,marketplace,Fortaleza,CE,Moda,"Mochila Notebook 15""",1,313.63,"R$ 0,00",em transporte,
PED-02985,2023-03-17,CLI-0792,site,Brasília,DF,Eletrônicos,Fone Bluetooth TWS,3,169.13,"R$ 0,00",entregue,2023-04-02
PED-02266,2023-05-15,CLI-0993,site,Campinas,SP,Beleza,Secador de Cabelo 2000W,1,137.35,"R$ 17,29",cancelado,
PED-01860,22/09/2023,CLI-0917,app,Porto Alegre,RS,Casa & Decoração,Quadro Decorativo Abstrato,2,70.33,"R$ 21,42",entregue,10/10/2023
PED-01193,2024-11-12,CLI-0049,site,Campinas,SP,Casa & Decoração,Jogo de Toalhas 4 peças,2,143.22,"R$ 16,27",cancelado,
PED-03688,2024-12-11,CLI-0293,site,Belo Horizonte,MG,Esporte,Camiseta Dry Fit,3,126.16,"R$ 0,00",entregue,2024-12-15
PED-02512,2023-12-28,CLI-0841,app,Curitiba,PR,Eletrônicos,Smartwatch Fit,2,876.01,"R$ 0,00",entregue,2024-01-08
PED-03419,2023-03-08,CLI-0001,marketplace,BELO HORIZONTE,MG,Eletrônicos,Caixa de Som Portátil,2,479.57,"R$ 0,00",cancelado,
PED-04383,2023-08-16,CLI-1064,marketplace,Campinas,SP,Moda,Camiseta Básica Algodão,1,84.49,"R$ 15,78",DEVOLVIDO,2023-08-22
PED-00867,09/11/2024,CLI-0421,app,Ribeirão Preto,SP,Moda,"Mochila Notebook 15""",2,146.25,"R$ 21,85",entregue,20/11/2024
PED-03763,2023-04-08,CLI-0012,app,Curitiba,PR,Moda,"Mochila Notebook 15""",1,224.67,"R$ 18,10",entregue,2023-04-20
PED-03021,2023-12-13,CLI-0747,marketplace,Fortaleza,CE,Moda,Jaqueta Jeans,3,141.4,"R$ 0,00",entregue,2023-12-24
PED-00342,2024-12-14,CLI-1189,site,Campinas,SP,Casa & Decoração,Luminária de Mesa LED,1,202.0,"R$ 17,49",entregue,2024-12-17
PED-01144,2024-10-18,CLI-1277,app,Porto Alegre,RS,Casa & Decoração,Quadro Decorativo Abstrato,4,197.28,"R$ 0,00",entregue,2024-10-30
PED-03691,2023-02-15,CLI-0497,marketplace,Campinas,SP,Eletrônicos,Caixa de Som Portátil,1,426.42,"R$ 0,00",entregue,2023-02-22
PED-02244,2023-09-14,CLI-0442,site,Rio de Janeiro,RJ,Beleza,Perfume Importado 100ml,1,615.44,"R$ 0,00",entregue,2023-09-19
PED-03781,2023-04-05,CLI-0096,marketplace,Belo Horizonte,MG,Moda,Jaqueta Jeans,2,,"R$ 0,00",entregue,2023-04-14
PED-00291,2024-10-26,CLI-1110,marketplace,Ribeirao Preto,SP,Moda,Camiseta Básica Algodão,2,58.96,"R$ 14,30",cancelado,
PED-04187,2023-04-24,CLI-0873,marketplace,Belo Horizonte,MG,ESPORTE,Halter Emborrachado 5kg,2,73.62,"R$ 16,54",CANCELADO,
PED-04179,2024-06-22,CLI-0328,app,SÃO PAULO,SP,Eletrônicos,Carregador Turbo 30W,3,113.46,"R$ 0,00",Entregue,2024-06-30
PED-04804,01/02/2024,CLI-1093,site,Belo Horizonte,MG,Casa & Decoração,Jogo de Toalhas 4 peças,1,203.61,"R$ 23,68",cancelado,
PED-03176,2023-02-16,CLI-1038,app,Salvador,BA,Moda,Camiseta Básica Algodão,1,66.45,"R$ 30,88",devolvido,2023-03-01
PED-02077,2024-12-22,CLI-0214,site,Rio de Janeiro,RJ,eletronicos,Smartwatch Fit,3,557.58,"R$ 0,00",cancelado,
PED-03550,2024-11-04,CLI-0256,app,Porto Alegre,RS,Esporte,Halter Emborrachado 5kg,2,139.2,"R$ 24,05",EM TRANSPORTE,
PED-03710,2024-08-20,CLI-1109,site,São Paulo,SP,Moda,Camiseta Básica Algodão,4,52.38,"R$ 13,56",ENTREGUE,2024-08-30
PED-00601,15/02/2024,CLI-0691,site,Ribeirão Preto,SP,Casa & Decoração,Vaso Decorativo Cerâmica,2,99.55,"R$ 17,13",entregue,26/02/2024
PED-03775,29/09/2024,CLI-0909,marketplace,Ribeirão Preto,SP,Eletrônicos,Fone Bluetooth TWS,3,229.81,"R$ 0,00",Em transporte,
PED-02623,2023-08-20,CLI-0305,app,Goiânia,GO,Casa & Decoração,"Tapete Sala 1,5m",1,373.01,"R$ 0,00",entregue,2023-08-27
PED-01332,2024-03-03,CLI-0985,marketplace,Fortaleza,CE,Beleza,Base Líquida Matte,1,73.83,"R$ 27,83",entregue,2024-03-13
PED-00394,2024-07-15,CLI-1387,site,Belo Horizonte,MG,Beleza,Perfume Importado 100ml,1,249.92,"R$ 20,96",entregue,2024-07-19
PED-03858,11/01/2024,CLI-0818,app,São Paulo,SP,Esporte,Garrafa Térmica 1L,4,100.01,"R$ 0,00",Entregue,20/01/2024
PED-00766,11/01/2023,CLI-0815,site,Salvador,BA,ELETRÔNICOS,Fone Bluetooth TWS,1,224.05,"R$ 27,30",entregue,20/01/2023
PED-02680,2023-11-16,CLI-0825,app,Brasília,DF,Beleza,Base Líquida Matte,3,133.77,"R$ 0,00",entregue,2023-11-23
PED-04575,2024-11-03,CLI-1358,app,Recife,PE,Eletrônicos,Smartwatch Fit,3,612.57,"R$ 0,00",entregue,2024-11-14
PED-00689,2024-09-02,CLI-0213,app,São Paulo,SP,Moda,Boné Aba Curva,2,118.44,"R$ 12,54",entregue,2024-09-15
PED-03060,2023-09-28,CLI-0264,app,Rio de Janeiro,RJ,Moda,Camiseta Básica Algodão,1,68.19,"R$ 22,66",entregue,2023-10-02
PED-02158,2023-10-03,CLI-0566,app,Porto Alegre,RS,Casa & Decoração,Quadro Decorativo Abstrato,3,100.99,"R$ 0,00",entregue,2023-10-14
PED-01403,2024-12-18,CLI-0740,site,Rio de Janeiro,RJ,Casa & Decoração,Quadro Decorativo Abstrato,1,110.65,"R$ 18,23",Em transporte,
PED-02829,2024-10-12,CLI-1207,app,Belo Horizonte,MG,Moda,Boné Aba Curva,1,74.43,"R$ 20,36",ENTREGUE,2024-10-22
PED-03018,2023-04-12,CLI-0326,site,Belo Horizonte,MG,Moda,Camiseta Básica Algodão,3,75.17,"R$ 21,78",devolvido,2023-04-24
PED-02161,2024-01-20,CLI-0352,marketplace,Campinas,SP,Eletrônicos,Smartwatch Fit,4,764.53,"R$ 0,00",ENTREGUE,2024-01-23
PED-04135,2024-03-12,CLI-0690,app,Rio de Janeiro,RJ,Beleza,Kit Skincare Facial,2,256.61,"R$ 0,00",em transporte,
PED-03397,26/03/2023,CLI-0293,app,Belo Horizonte,MG,,Quadro Decorativo Abstrato,1,198.52,"R$ 21,23",entregue,31/03/2023
PED-00205,2023-01-16,CLI-0921,app,Ribeirão Preto,SP,Beleza,Perfume Importado 100ml,1,419.04,"R$ 0,00",entregue,2023-01-23
PED-02349,2023-04-09,CLI-0643,app,Campinas,SP,Casa & Decoração,"Tapete Sala 1,5m",4,135.27,"R$ 0,00",cancelado,
PED-02721,2024-03-14,CLI-0256,site,porto alegre,RS,Esporte,Halter Emborrachado 5kg,1,92.58,"R$ 24,47",entregue,2024-03-31
PED-01126,2024-04-13,CLI-0491,marketplace,Curitiba,PR,Moda,"Mochila Notebook 15""",2,161.53,"R$ 0,00",entregue,2024-04-28
PED-04368,09/05/2024,CLI-0109,site,Fortaleza,CE,,"Tapete Sala 1,5m",4,151.08,"R$ 0,00",entregue,25/05/2024
PED-00700,24/10/2023,CLI-1067,site,Curitiba,PR,Esporte,Tapete de Yoga 6mm,3,179.17,"R$ 0,00",entregue,06/11/2023
PED-04508,2023-07-11,CLI-1362,marketplace,rio de janeiro,RJ,MODA,Boné Aba Curva,1,79.28,"R$ 24,86",entregue,2023-07-20
PED-00887,2023-12-14,CLI-0525,app,Fortaleza,CE,casa & decoracao,Quadro Decorativo Abstrato,2,101.59,"R$ 30,99",ENTREGUE,2023-12-23
PED-01874,2024-12-25,CLI-0735,site,Rio de Janeiro,RJ,Esporte,Garrafa Térmica 1L,4,83.39,"R$ 0,00",entregue,2025-01-04
PED-01723,2024-08-03,CLI-1358,marketplace,Belo Horizonte,MG,Moda,Boné Aba Curva,1,64.64,"R$ 21,62",entregue,2024-08-13
PED-01480,2024-02-15,CLI-0587,site,Rio de Janeiro,RJ,Esporte,Tapete de Yoga 6mm,1,194.38,"R$ 23,36",entregue,2024-02-23
PED-02556,2024-07-20,CLI-0047,app,São Paulo,SP,eletronicos,Carregador Turbo 30W,-2,90.99,"R$ 0,00",entregue,2024-07-31
PED-03091,2024-11-12,CLI-0986,app,Sao Paulo,SP,Casa & Decoração,Quadro Decorativo Abstrato,4,91.34,"R$ 0,00",entregue,2024-11-19
PED-01952,2023-01-14,CLI-1110,site,Campinas,SP,Moda,Camiseta Básica Algodão,1,77.14,"R$ 13,29",entregue,2023-01-21
PED-01338,2024-05-13,CLI-1358,app,recife,PE,,Secador de Cabelo 2000W,2,,"R$ 0,00",ENTREGUE,2024-05-25
PED-04459,2023-02-22,CLI-0938,site,São Paulo,SP,Moda,Boné Aba Curva,1,59.16,"R$ 15,76",cancelado,
PED-01612,2024-09-18,CLI-1248,marketplace,São Paulo,SP,Casa & Decoração,Vaso Decorativo Cerâmica,2,153.09,"R$ 0,00",entregue,2024-09-25
PED-01481,2023-12-30,CLI-0006,app,Belo Horizonte,MG,casa & decoracao,Vaso Decorativo Cerâmica,3,53.57,"R$ 23,40",entregue,2024-01-11
PED-02531,2024-05-30,CLI-0993,app,Rio de Janeiro,RJ,Eletrônicos,Webcam Full HD,3,221.02,"R$ 0,00",entregue,2024-06-07
PED-03718,05/10/2024,CLI-1344,site,rio de janeiro,RJ,Esporte,Tapete de Yoga 6mm,3,100.44,"R$ 0,00",entregue,10/10/2024
PED-03923,2023-11-19,CLI-0325,site,Salvador,BA,CASA & DECORAÇÃO,Jogo de Toalhas 4 peças,1,108.13,"R$ 28,65",em transporte,
PED-00013,2024-06-15,CLI-0316,site,Curitiba,PR,Beleza,Base Líquida Matte,3,111.38,"R$ 0,00",cancelado,
PED-02580,30/11/2024,CLI-1157,site,Belo Horizonte,MG,Esporte,Halter Emborrachado 5kg,1,82.43,"R$ 18,53",entregue,11/12/2024
PED-03884,2024-02-02,CLI-1188,marketplace,  São Paulo ,SP,Casa & Decoração,Vaso Decorativo Cerâmica,3,168.99,"R$ 0,00",entregue,2024-02-13
PED-01905,2024-05-21,CLI-1125,site,Campinas,SP,Moda,Jaqueta Jeans,2,293.75,"R$ 0,00",cancelado,
PED-04541,2023-02-27,CLI-0352,site,Campinas,SP,Eletrônicos,Carregador Turbo 30W,2,74.82,"R$ 17,29",entregue,2023-03-12
PED-02177,2023-12-25,CLI-0467,site,Curitiba,PR,Eletrônicos,Smartwatch Fit,4,392.66,"R$ 0,00",entregue,2024-01-03
PED-01553,2023-10-27,CLI-0753,site,Salvador,BA,,"Mochila Notebook 15""",1,296.0,"R$ 29,53",entregue,2023-11-04
PED-02964,12/05/2024,CLI-0487,app,Recife,PE,Moda,Boné Aba Curva,1,116.08,"R$ 31,03",entregue,22/05/2024
PED-03523,2023-04-30,CLI-1003,marketplace,Campinas,SP,Eletrônicos,Carregador Turbo 30W,3,67.51,"R$ 9,69",cancelado,
PED-00852,2023-07-22,CLI-0884,site,Recife,PE,Casa & Decoração,Vaso Decorativo Cerâmica,1,177.07,"R$ 27,07",entregue,2023-08-06
PED-00793,2023-11-05,CLI-0767,site,  Curitiba ,PR,ELETRÔNICOS,Smartwatch Fit,3,875.53,"R$ 0,00",entregue,2023-11-14
PED-01184,30/06/2023,CLI-0976,app,Belo Horizonte,MG,Casa & Decoração,Quadro Decorativo Abstrato,3,147.53,"R$ 0,00",entregue,11/07/2023
PED-03198,2023-04-14,CLI-0670,marketplace,Ribeirão Preto,SP,ELETRÔNICOS,Smartwatch Fit,1,500.89,"R$ 0,00",devolvido,2023-04-20
PED-01389,2024-11-22,CLI-0352,site,Ribeirão Preto,SP,Beleza,Secador de Cabelo 2000W,2,251.42,"R$ 0,00",entregue,2024-11-25
PED-00907,02/03/2024,CLI-0657,site,  Salvador ,BA,Casa & Decoração,Luminária de Mesa LED,3,100.32,"R$ 0,00",entregue,17/03/2024
PED-04047,2023-09-02,CLI-1269,site,Campinas,SP,Casa & Decoração,Jogo de Toalhas 4 peças,1,187.22,"R$ 17,09",entregue,2023-09-06
PED-00569,2023-11-29,CLI-0518,site,Goiânia,GO,Eletrônicos,Caixa de Som Portátil,2,512.56,"R$ 0,00",entregue,2023-12-13
PED-03071,2023-01-19,CLI-0415,app,São Paulo,SP,eletronicos,Carregador Turbo 30W,3,117.54,"R$ 0,00",entregue,2023-01-28
PED-03922,2024-11-09,CLI-1387,marketplace,Porto Alegre,RS,Moda,Boné Aba Curva,1,107.66,"R$ 23,43",em transporte,
PED-02491,2024-12-14,CLI-0582,app,São Paulo,SP,Casa & Decoração,Quadro Decorativo Abstrato,1,103.45,"R$ 19,15",entregue,2024-12-26
PED-03141,2023-10-27,CLI-1082,site,curitiba,,Casa & Decoração,Jogo de Toalhas 4 peças,2,204.11,"R$ 0,00",entregue,2023-11-08
PED-02786,2024-07-19,CLI-1280,app,São Paulo,SP,Moda,Boné Aba Curva,3,117.86,"R$ 0,00",entregue,2024-07-28
PED-04651,2024-11-01,CLI-0246,app,  Rio de Janeiro ,RJ,Casa & Decoração,"Tapete Sala 1,5m",2,444.08,"R$ 0,00",entregue,2024-11-08
PED-03357,2024-04-20,CLI-0316,app,BELO HORIZONTE,MG,Moda,Boné Aba Curva,1,64.89,"R$ 16,31",entregue,2024-05-03
PED-02270,2024-11-10,CLI-0084,marketplace,Porto Alegre,RS,Casa & Decoração,"Tapete Sala 1,5m",2,,"R$ 0,00",entregue,2024-11-19
PED-01894,2023-01-25,CLI-0764,site,Recife,PE,Beleza,Base Líquida Matte,1,95.89,"R$ 31,79",entregue,2023-02-01
PED-03956,12/05/2024,CLI-0790,site,Salvador,BA,MODA,"Mochila Notebook 15""",1,223.57,"R$ 26,72",entregue,26/05/2024
PED-03599,2024-12-11,CLI-0873,site,Sao Paulo,SP,Moda,Boné Aba Curva,1,75.5,"R$ 15,21",em transporte,
PED-04482,2024-06-10,CLI-0492,marketplace,Recife,PE,casa & decoracao,Luminária de Mesa LED,1,173.61,"R$ 28,15",EM TRANSPORTE,
PED-00489,2024-04-29,CLI-1277,app,Curitiba,PR,Casa & Decoração,Jogo de Toalhas 4 peças,2,132.84,"R$ 23,67",entregue,2024-05-17
PED-00258,2023-04-25,CLI-0663,site,Ribeirão Preto,SP,Eletrônicos,Carregador Turbo 30W,2,79.49,"R$ 15,45",entregue,2023-05-05
PED-00745,2024-03-11,CLI-0746,marketplace,Salvador,BA,Eletrônicos,Caixa de Som Portátil,1,391.23,"R$ 0,00",entregue,2024-03-18
PED-00433,2024-07-24,CLI-0095,app,São Paulo,SP,Moda,Boné Aba Curva,1,58.34,"R$ 11,27",entregue,2024-08-05
PED-00688,2024-12-14,CLI-0936,app,Ribeirão Preto,SP,Eletrônicos,Smartwatch Fit,1,480.87,"R$ 0,00",entregue,2024-12-24
PED-03981,07/04/2023,CLI-0577,site,Fortaleza,CE,,Corda de Pular Speed,1,62.97,"R$ 33,43",entregue,16/04/2023
PED-03484,21/04/2024,CLI-0943,app,São Paulo,SP,Eletrônicos,Carregador Turbo 30W,4,112.26,"R$ 0,00",entregue,24/04/2024
PED-02198,14/03/2024,CLI-0518,marketplace,Rio de Janeiro,RJ,Moda,Camiseta Básica Algodão,1,52.38,"R$ 20,40",entregue,17/03/2024
PED-03628,2024-07-06,CLI-1042,app,Brasília,DF,Eletrônicos,Webcam Full HD,1,379.9,"R$ 0,00",entregue,2024-07-24
PED-02757,2024-11-10,CLI-0046,site,Recife,PE,BELEZA,Perfume Importado 100ml,3,364.12,"R$ 0,00",entregue,2024-11-28
PED-04843,2023-10-02,CLI-1170,site,Campinas,SP,Casa & Decoração,Luminária de Mesa LED,2,215.05,"R$ 0,00",entregue,2023-10-06
PED-03411,2024-06-26,CLI-0702,app,Salvador,BA,Beleza,Perfume Importado 100ml,2,361.25,"R$ 0,00",entregue,2024-07-04
PED-02347,2024-11-08,CLI-0753,site,CAMPINAS,SP,Esporte,Halter Emborrachado 5kg,2,149.14,"R$ 20,22",entregue,2024-11-14
PED-01775,11/06/2024,CLI-0444,site,  Salvador ,BA,Beleza,Secador de Cabelo 2000W,1,291.04,"R$ 30,33",entregue,20/06/2024
PED-02937,2023-11-07,CLI-0645,app,Belo Horizonte,MG,Esporte,Garrafa Térmica 1L,4,96.22,"R$ 0,00",Entregue,2023-11-10
PED-04008,2023-06-07,CLI-1093,marketplace,Rio de Janeiro,RJ,beleza,Kit Skincare Facial,4,258.49,"R$ 0,00",entregue,2023-06-19
PED-04391,24/07/2023,CLI-0189,marketplace,Brasília,DF,Moda,Camiseta Básica Algodão,1,90.35,"R$ 27,00",em transporte,
PED-01398,2024-11-27,CLI-0369,marketplace,goiânia,GO,Esporte,Tapete de Yoga 6mm,1,156.91,"R$ 24,72",entregue,2024-12-12
PED-02146,2024-12-02,CLI-0615,site,Salvador,BA,Esporte,Tapete de Yoga 6mm,4,180.51,"R$ 0,00",cancelado,
PED-02519,2024-04-11,CLI-0685,site,  Rio de Janeiro ,RJ,Esporte,Camiseta Dry Fit,2,99.79,"R$ 19,52",entregue,2024-04-18
PED-00214,07/10/2024,CLI-1250,marketplace,Rio de Janeiro,RJ,Eletrônicos,Webcam Full HD,4,262.79,"R$ 0,00",cancelado,
PED-00508,2024-10-28,CLI-0643,site,Porto Alegre,RS,Moda,Camiseta Básica Algodão,2,82.99,"R$ 30,00",entregue,2024-11-14
PED-00765,2024-11-28,CLI-0908,app,Campinas,SP,Casa & Decoração,Vaso Decorativo Cerâmica,2,71.01,"R$ 16,02",entregue,2024-12-02
PED-04978,2023-07-30,CLI-0962,site,São Paulo,SP,Eletrônicos,Fone Bluetooth TWS,1,266.15,"R$ 10,61",devolvido,2023-08-09
PED-03427,2023-04-06,CLI-0283,app,Goiânia,GO,Moda,Tênis Casual Masculino,2,219.53,"R$ 0,00",entregue,2023-04-14
PED-02875,2023-05-08,CLI-0212,site,São Paulo,SP,Eletrônicos,Fone Bluetooth TWS,2,346.34,"R$ 0,00",entregue,2023-05-18
PED-01771,2024-05-04,CLI-0560,app,Belo Horizonte,MG,Moda,"Mochila Notebook 15""",1,256.37,"R$ 12,41",entregue,2024-05-18
PED-04679,2023-03-28,CLI-0483,site,Rio de Janeiro,RJ,moda,Boné Aba Curva,4,54.0,"R$ 21,08",Entregue,2023-04-09
PED-02735,2023-09-30,CLI-0547,marketplace,são paulo,SP,Casa & Decoração,Quadro Decorativo Abstrato,3,123.64,"R$ 0,00",em transporte,
PED-00579,03/11/2024,CLI-0811,site,Recife,PE,Eletrônicos,Fone Bluetooth TWS,1,-296.55,"R$ 29,88",Entregue,16/11/2024
PED-01610,2024-01-07,CLI-0414,app,Curitiba,PR,Casa & Decoração,Luminária de Mesa LED,3,170.77,"R$ 0,00",entregue,2024-01-24
PED-03714,2024-09-03,CLI-0754,marketplace,Goiânia,GO,Casa & Decoração,Vaso Decorativo Cerâmica,2,156.92,"R$ 0,00",DEVOLVIDO,2024-09-16
PED-02080,2023-02-05,CLI-0965,app,Curitiba,PR,Beleza,Secador de Cabelo 2000W,3,200.06,"R$ 0,00",entregue,2023-02-22
PED-04319,04/11/2024,CLI-0344,site,Goiânia,GO,Eletrônicos,Caixa de Som Portátil,1,273.61,"R$ 29,26",em transporte,
PED-03467,29/05/2024,CLI-0442,site,Salvador,BA,Casa & Decoração,Jogo de Toalhas 4 peças,1,149.16,"R$ 32,00",entregue,14/06/2024
PED-04113,2024-09-15,CLI-0458,app,RIO DE JANEIRO,RJ,Moda,"Mochila Notebook 15""",1,233.19,"R$ 21,99",ENTREGUE,2024-09-18
PED-01799,2024-04-15,CLI-0246,app,Recife,PE,Beleza,Secador de Cabelo 2000W,1,177.56,"R$ 25,34",entregue,2024-05-03
PED-04690,2024-08-15,CLI-1277,site,Goiânia,GO,moda,Boné Aba Curva,1,101.35,"R$ 28,31",entregue,2024-08-26
PED-04803,2023-02-24,CLI-0624,marketplace,Sao Paulo,SP,Beleza,Perfume Importado 100ml,1,341.05,"R$ 0,00",entregue,2023-03-04
PED-01289,2024-01-22,CLI-1030,app,Curitiba,,Eletrônicos,Fone Bluetooth TWS,2,263.99,"R$ 0,00",devolvido,2024-01-29
PED-00240,29/04/2023,CLI-1252,marketplace,Ribeirão Preto,SP,MODA,Camiseta Básica Algodão,1,61.95,"R$ 17,55",entregue,03/05/2023
PED-04285,2024-11-20,CLI-0988,site,São Paulo,SP,Eletrônicos,Fone Bluetooth TWS,2,185.2,"R$ 0,00",entregue,2024-11-29
PED-01746,09/06/2024,CLI-1300,site,Rio de Janeiro,RJ,Moda,Camiseta Básica Algodão,3,58.51,"R$ 23,92",CANCELADO,
PED-04139,01/08/2024,CLI-0824,site,Curitiba,PR,Esporte,Tapete de Yoga 6mm,1,98.81,"R$ 22,67",entregue,14/08/2024
PED-01600,2023-09-23,CLI-1374,app,São Paulo,SP,Moda,"Mochila Notebook 15""",2,219.64,"R$ 0,00",entregue,2023-10-06
PED-04042,2024-09-03,CLI-0873,app,Belo Horizonte,MG,Beleza,Secador de Cabelo 2000W,1,390.49,"R$ 0,00",Entregue,2024-09-06
PED-02528,2024-11-22,CLI-0121,marketplace,Salvador,BA,Casa & Decoração,Luminária de Mesa LED,4,160.64,"R$ 0,00",em transporte,
PED-03214,2024-05-10,CLI-1062,app,CURITIBA,PR,eletronicos,Caixa de Som Portátil,1,547.06,"R$ 0,00",em transporte,
PED-01779,2023-11-19,CLI-0970,marketplace,Goiânia,GO,Moda,Camiseta Básica Algodão,1,88.71,"R$ 28,93",entregue,2023-12-03
PED-02573,2024-09-01,CLI-0412,site,Salvador,BA,Eletrônicos,Caixa de Som Portátil,1,339.24,"R$ 0,00",cancelado,
PED-00904,18/02/2024,CLI-0247,site,São Paulo,SP,Eletrônicos,Fone Bluetooth TWS,-2,265.16,"R$ 0,00",cancelado,
PED-01449,2024-06-03,CLI-0789,site,Curitiba,PR,Eletrônicos,Webcam Full HD,3,163.73,"R$ 0,00",cancelado,
PED-01870,25/10/2024,CLI-1230,marketplace,,PR,esporte,Camiseta Dry Fit,3,51.34,"R$ 25,67",entregue,01/11/2024
PED-01560,2024-11-09,CLI-1137,site,Belo Horizonte,MG,casa & decoracao,Vaso Decorativo Cerâmica,4,-104.29,"R$ 0,00",devolvido,2024-11-21
PED-00556,2023-08-24,CLI-0713,marketplace,Rio de Janeiro,RJ,Esporte,Tapete de Yoga 6mm,2,113.6,"R$ 21,71",entregue,2023-08-30
PED-01312,2024-11-30,CLI-0764,marketplace,Fortaleza,CE,Moda,Camiseta Básica Algodão,2,45.72,"R$ 30,27",Entregue,2024-12-15
PED-00201,2024-09-19,CLI-1290,app,Porto Alegre,RS,Moda,Jaqueta Jeans,1,318.54,"R$ 0,00",cancelado,
PED-00804,2024-05-13,CLI-0694,app,Fortaleza,CE,Eletrônicos,Smartwatch Fit,1,776.66,"R$ 0,00",entregue,2024-05-24
PED-02827,2024-02-04,CLI-0814,site,Rio de Janeiro,RJ,Eletrônicos,Caixa de Som Portátil,2,460.16,"R$ 0,00",entregue,2024-02-17
PED-05000,2024-05-26,CLI-0352,app,São Paulo,SP,Eletrônicos,Caixa de Som Portátil,2,456.16,"R$ 0,00",entregue,2024-05-31
PED-02541,11/03/2024,CLI-0051,site,SÃO PAULO,SP,Eletrônicos,Fone Bluetooth TWS,2,293.88,"R$ 0,00",entregue,16/03/2024
PED-02749,2024-03-03,CLI-0764,site,Campinas,SP,Casa & Decoração,Quadro Decorativo Abstrato,3,182.84,"R$ 0,00",entregue,2024-03-13
PED-02527,2024-11-26,CLI-0403,marketplace,Rio de Janeiro,RJ,Casa & Decoração,Vaso Decorativo Cerâmica,1,91.87,"R$ 16,82",entregue,2024-12-01
PED-00344,13/05/2024,CLI-0442,site,Recife,PE,Casa & Decoração,"Tapete Sala 1,5m",3,395.96,"R$ 0,00",Entregue,31/05/2024
PED-01331,17/09/2024,CLI-0282,marketplace,Rio de Janeiro,,Casa & Decoração,"Tapete Sala 1,5m",2,156.45,"R$ 0,00",devolvido,21/09/2024
PED-03351,2023-02-07,CLI-0087,site,Belo Horizonte,MG,beleza,Base Líquida Matte,1,107.28,"R$ 23,31",cancelado,
PED-03334,2023-09-03,CLI-0699,marketplace,Belo Horizonte,MG,,Kit Skincare Facial,4,148.22,"R$ 0,00",entregue,2023-09-08
PED-03017,10/12/2024,CLI-1370,app,curitiba,PR,MODA,"Mochila Notebook 15""",3,233.73,"R$ 0,00",entregue,19/12/2024
PED-04699,24/03/2024,CLI-0191,app,Fortaleza,CE,moda,"Mochila Notebook 15""",1,134.37,"R$ 33,07",entregue,09/04/2024
PED-04118,09/11/2024,CLI-0577,site,Belo Horizonte,MG,beleza,Base Líquida Matte,4,49.17,"R$ 22,77",entregue,20/11/2024
PED-03379,2024-01-26,CLI-1281,site,Rio de Janeiro,,,"Mochila Notebook 15""",1,294.0,"R$ 16,08",em transporte,
PED-03405,2024-11-13,CLI-0493,app,Rio de Janeiro,RJ,Eletrônicos,Carregador Turbo 30W,2,107.6,"R$ 19,88",entregue,2024-11-18
PED-01941,2023-08-15,CLI-0577,app,Salvador,BA,Eletrônicos,Webcam Full HD,2,202.75,"R$ 0,00",entregue,2023-08-28
PED-03878,12/12/2024,CLI-0003,site,  Rio de Janeiro ,RJ,Esporte,Camiseta Dry Fit,1,122.17,"R$ 15,87",entregue,24/12/2024
PED-03703,2024-04-30,CLI-0640,site,São Paulo,SP,Moda,Boné Aba Curva,3,107.1,"R$ 0,00",entregue,2024-05-13
PED-02987,2023-03-11,CLI-1079,app,Campinas,SP,Beleza,Kit Skincare Facial,1,116.02,"R$ 16,46",entregue,2023-03-16
PED-01577,2024-09-30,CLI-0338,marketplace,são paulo,SP,Moda,Camiseta Básica Algodão,1,67.19,"R$ 16,62",entregue,2024-10-13
PED-02406,2023-09-07,CLI-0807,site,Fortaleza,CE,Eletrônicos,Fone Bluetooth TWS,1,388.05,"R$ 0,00",entregue,2023-09-18
PED-02192,2024-04-22,CLI-0020,site,São Paulo,SP,Esporte,Corda de Pular Speed,1,45.13,"R$ 13,64",entregue,2024-05-04
PED-03450,2024-10-18,CLI-1111,app,Recife,PE,Esporte,Halter Emborrachado 5kg,1,100.13,"R$ 27,97",cancelado,
PED-02102,18/05/2023,CLI-0909,marketplace,Ribeirão Preto,SP,Eletrônicos,Webcam Full HD,1,182.19,"R$ 16,63",ENTREGUE,30/05/2023
PED-04907,2024-11-14,CLI-0624,site,RIBEIRÃO PRETO,SP,Esporte,Camiseta Dry Fit,3,54.52,"R$ 13,15",entregue,2024-11-28
PED-01541,2024-10-17,CLI-0914,marketplace,Fortaleza,CE,Eletrônicos,Fone Bluetooth TWS,4,179.71,"R$ 0,00",em transporte,
PED-01086,2024-08-28,CLI-0071,site,São Paulo,SP,Moda,"Mochila Notebook 15""",2,297.02,"R$ 0,00",ENTREGUE,2024-09-10
PED-02470,2023-11-15,CLI-0310,app,Belo Horizonte,MG,Eletrônicos,Smartwatch Fit,1,787.95,"R$ 0,00",entregue,2023-11-27
PED-01551,2023-05-18,CLI-0319,site,Rio de Janeiro,RJ,Eletrônicos,Webcam Full HD,1,231.45,"R$ 15,73",entregue,2023-05-29
PED-03678,2024-04-28,CLI-0409,app,São Paulo,SP,Esporte,Garrafa Térmica 1L,4,107.31,"R$ 0,00",em transporte,
PED-01123,2024-10-25,CLI-0894,site,  Fortaleza ,CE,Eletrônicos,Fone Bluetooth TWS,1,386.51,"R$ 0,00",entregue,2024-11-07
PED-03732,2024-11-23,CLI-0909,site,São Paulo,SP,Moda,Boné Aba Curva,3,102.69,"R$ 0,00",em transporte,
PED-04005,2024-04-03,CLI-1108,site,PORTO ALEGRE,RS,Moda,Boné Aba Curva,1,50.74,"R$ 22,60",entregue,2024-04-13
PED-01805,2024-07-07,CLI-1016,site,São Paulo,SP,Casa & Decoração,Vaso Decorativo Cerâmica,1,146.88,"R$ 13,25",entregue,2024-07-16
PED-01041,2023-04-12,CLI-0253,site,São Paulo,SP,Casa & Decoração,Luminária de Mesa LED,1,,"R$ 16,12",cancelado,
PED-00012,01/12/2024,CLI-0989,app,Recife,PE,Eletrônicos,Fone Bluetooth TWS,4,363.29,"R$ 0,00",Cancelado,
PED-04309,06/12/2024,CLI-1177,marketplace,São Paulo,SP,Eletrônicos,Caixa de Som Portátil,3,288.74,"R$ 0,00",entregue,15/12/2024
PED-03725,2024-10-17,CLI-1252,marketplace,Salvador,BA,Eletrônicos,Caixa de Som Portátil,4,218.63,"R$ 0,00",Entregue,2024-11-04
PED-04528,2024-07-12,CLI-0373,app,Campinas,SP,Beleza,Perfume Importado 100ml,1,639.39,"R$ 0,00",em transporte,
PED-04713,2024-05-24,CLI-0264,marketplace,Campinas,SP,ESPORTE,Corda de Pular Speed,1,39.42,"R$ 14,72",entregue,2024-05-31
PED-02281,2023-12-29,CLI-0195,marketplace,Recife,PE,Eletrônicos,Carregador Turbo 30W,3,120.15,"R$ 0,00",entregue,2024-01-12
PED-02729,2023-12-13,CLI-0655,app,São Paulo,SP,Eletrônicos,Smartwatch Fit,1,345.15,"R$ 0,00",entregue,2023-12-26
PED-03346,2024-07-05,CLI-0069,app,Salvador,BA,Esporte,Garrafa Térmica 1L,1,107.99,"R$ 27,34",entregue,2024-07-14
PED-00146,2023-09-25,CLI-1121,marketplace,Salvador,BA,Moda,"Mochila Notebook 15""",4,314.98,"R$ 0,00",Entregue,2023-10-03
PED-00312,2023-12-27,CLI-0336,marketplace,SÃO PAULO,SP,Eletrônicos,Fone Bluetooth TWS,1,276.45,"R$ 13,07",entregue,2024-01-05
PED-01044,2024-06-29,CLI-1400,site,  Rio de Janeiro ,RJ,Moda,Tênis Casual Masculino,2,260.62,"R$ 0,00",entregue,2024-07-12
PED-01451,05/10/2024,CLI-1350,app,Porto Alegre,RS,Moda,Camiseta Básica Algodão,3,76.53,"R$ 30,71",entregue,22/10/2024
PED-00488,2023-08-17,CLI-0985,app,Salvador,BA,Eletrônicos,Fone Bluetooth TWS,1,323.26,"R$ 0,00",Entregue,2023-08-29
PED-01536,2024-02-18,CLI-1365,app,Brasília,DF,Esporte,Tapete de Yoga 6mm,2,97.68,"R$ 25,35",entregue,2024-02-29
PED-02412,21/12/2024,CLI-0288,app,curitiba,PR,Beleza,Perfume Importado 100ml,1,477.55,"R$ 0,00",entregue,08/01/2025
PED-02428,19/07/2024,CLI-0413,app,Curitiba,PR,Moda,Boné Aba Curva,3,45.61,"R$ 24,55",ENTREGUE,03/08/2024
PED-02738,2024-03-27,CLI-1385,app,são paulo,SP,Casa & Decoração,Quadro Decorativo Abstrato,1,185.96,"R$ 18,09",entregue,2024-04-02
PED-01222,03/08/2023,CLI-0692,site,Rio de Janeiro,RJ,Esporte,Camiseta Dry Fit,4,88.05,"R$ 0,00",entregue,12/08/2023
PED-00774,2024-11-03,CLI-0278,app,Porto Alegre,RS,Casa & Decoração,Quadro Decorativo Abstrato,2,90.01,"R$ 26,84",entregue,2024-11-18
PED-01238,2023-12-30,CLI-1168,app,Recife,PE,Esporte,Corda de Pular Speed,2,65.03,"R$ 32,03",entregue,2024-01-10
PED-01912,2023-07-02,CLI-0252,site,Brasília,DF,esporte,Garrafa Térmica 1L,3,130.13,"R$ 0,00",entregue,2023-07-15
PED-03332,2023-10-02,CLI-1136,site,São Paulo,SP,Casa & Decoração,Luminária de Mesa LED,2,120.19,"R$ 12,97",entregue,2023-10-05
PED-01288,2023-11-11,CLI-0540,app,Recife,PE,Eletrônicos,Fone Bluetooth TWS,1,355.7,"R$ 0,00",em transporte,
PED-04519,09/09/2024,CLI-0692,app,São Paulo,SP,Beleza,Base Líquida Matte,1,100.18,"R$ 14,65",entregue,12/09/2024
PED-04475,2024-03-02,CLI-0994,app,Ribeirão Preto,SP,Casa & Decoração,Luminária de Mesa LED,1,111.73,"R$ 9,39",Entregue,2024-03-14
PED-00950,2023-11-15,CLI-0432,site,Belo Horizonte,MG,esporte,Camiseta Dry Fit,1,73.33,"R$ 20,26",Entregue,2023-11-23
PED-02998,2023-08-01,CLI-0378,app,Rio de Janeiro,RJ,Eletrônicos,Webcam Full HD,3,231.7,"R$ 0,00",entregue,2023-08-15
PED-03479,2024-12-03,CLI-0911,marketplace,São Paulo,SP,Beleza,Base Líquida Matte,2,122.65,"R$ 13,93",em transporte,
PED-00514,2023-10-07,CLI-0261,app,Belo Horizonte,MG,Eletrônicos,Carregador Turbo 30W,0,76.06,"R$ 21,93",entregue,2023-10-12
PED-00634,2023-12-02,CLI-1175,marketplace,Belo Horizonte,MG,Casa & Decoração,Jogo de Toalhas 4 peças,4,108.07,"R$ 0,00",cancelado,
PED-02221,2023-11-23,CLI-0806,app,Rio de Janeiro,RJ,Eletrônicos,Caixa de Som Portátil,1,399.13,"R$ 0,00",entregue,2023-11-27
PED-03255,2023-02-13,CLI-1374,site,Belo Horizonte,MG,Casa & Decoração,Vaso Decorativo Cerâmica,1,126.98,"R$ 24,66",entregue,2023-02-21
PED-04169,2024-04-02,CLI-0409,app,Goiânia,GO,Casa & Decoração,Jogo de Toalhas 4 peças,3,216.87,"R$ 0,00",em transporte,
PED-00918,2023-05-24,CLI-0141,site,Curitiba,PR,Moda,Boné Aba Curva,1,91.61,"R$ 19,03",entregue,2023-06-07
PED-04987,2024-06-08,CLI-0695,marketplace,Belo Horizonte,MG,Casa & Decoração,Vaso Decorativo Cerâmica,2,178.07,"R$ 0,00",cancelado,
PED-00714,2024-11-22,CLI-0602,site,São Paulo,SP,Moda,Boné Aba Curva,1,94.78,"R$ 14,72",entregue,2024-12-04
PED-03160,2023-11-02,CLI-0712,site,São Paulo,SP,Beleza,Secador de Cabelo 2000W,2,134.15,"R$ 12,06",devolvido,2023-11-08
PED-03846,11/03/2024,CLI-0471,site,Belo Horizonte,MG,Casa & Decoração,Luminária de Mesa LED,4,147.82,"R$ 0,00",ENTREGUE,21/03/2024
PED-01590,23/06/2023,CLI-0660,site,Rio de Janeiro,RJ,Eletrônicos,Fone Bluetooth TWS,3,284.71,"R$ 0,00",entregue,02/07/2023
PED-03608,2023-09-07,CLI-0261,site,RIO DE JANEIRO,RJ,Beleza,Kit Skincare Facial,1,133.74,"R$ 19,90",entregue,2023-09-15
PED-02340,2023-03-20,CLI-0908,site,Campinas,SP,Casa & Decoração,Luminária de Mesa LED,2,134.81,"R$ 13,04",ENTREGUE,2023-03-26
PED-00908,2023-05-01,CLI-0518,marketplace,Campinas,SP,Moda,Boné Aba Curva,1,63.7,"R$ 16,16",entregue,2023-05-07
PED-04920,22/12/2023,CLI-1117,app,São Paulo,SP,Casa & Decoração,Vaso Decorativo Cerâmica,2,59.73,"R$ 21,10",entregue,28/12/2023
PED-00572,2024-11-01,CLI-0746,marketplace,Porto Alegre,RS,Beleza,Perfume Importado 100ml,2,279.97,"R$ 0,00",entregue,2024-11-16
PED-02363,2024-02-15,CLI-1149,site,São Paulo,SP,Eletrônicos,Webcam Full HD,1,388.75,"R$ 0,00",entregue,2024-02-22
PED-04510,2023-11-07,CLI-0746,marketplace,Curitiba,PR,Beleza,Perfume Importado 100ml,2,276.23,"R$ 0,00",entregue,2023-11-20
PED-01195,2024-11-11,CLI-0443,app,Campinas,SP,Esporte,Garrafa Térmica 1L,1,119.99,"R$ 14,49",entregue,2024-11-23
PED-04253,2023-07-10,CLI-1067,app,Curitiba,PR,Esporte,Corda de Pular Speed,1,72.34,"R$ 22,07",entregue,2023-07-23
PED-01834,2023-07-04,CLI-0801,site,Sao Paulo,SP,Beleza,Perfume Importado 100ml,1,248.55,"R$ 11,78",entregue,2023-07-09
PED-01798,2023-10-15,CLI-0261,app,Salvador,BA,Moda,Camiseta Básica Algodão,3,54.06,"R$ 33,24",entregue,2023-11-01
PED-02588,2023-06-20,CLI-0385,marketplace,Campinas,SP,Moda,Jaqueta Jeans,2,221.75,"R$ 0,00",Entregue,2023-06-29
PED-02962,2024-12-19,CLI-0888,site,Porto Alegre,RS,Moda,Camiseta Básica Algodão,1,77.5,"R$ 21,89",entregue,2024-12-28
PED-03871,2023-11-30,CLI-1367,marketplace,Goiânia,GO,Moda,"Mochila Notebook 15""",4,296.17,"R$ 0,00",em transporte,
PED-04506,2023-12-16,CLI-1057,app,Brasília,DF,ESPORTE,Tapete de Yoga 6mm,3,88.5,"R$ 23,95",cancelado,
PED-03453,2023-01-02,CLI-0316,app,Porto Alegre,RS,Eletrônicos,Carregador Turbo 30W,1,109.17,"R$ 21,22",entregue,2023-01-15
PED-04082,2023-10-02,CLI-0690,app,São Paulo,SP,Moda,"Mochila Notebook 15""",1,154.98,"R$ 16,82",entregue,2023-10-12
PED-03875,2024-12-31,CLI-0316,marketplace,São Paulo,SP,Moda,"Mochila Notebook 15""",1,228.84,"R$ 14,74",em transporte,
PED-04949,2024-06-24,CLI-1175,site,PORTO ALEGRE,RS,Moda,Boné Aba Curva,1,88.74,"R$ 23,13",entregue,2024-07-05
PED-04497,2024-02-16,CLI-1321,marketplace,campinas,SP,Eletrônicos,Fone Bluetooth TWS,4,326.0,"R$ 0,00",entregue,2024-03-01
PED-04788,2024-08-31,CLI-0798,site,CAMPINAS,SP,Eletrônicos,Carregador Turbo 30W,4,96.85,"R$ 0,00",entregue,2024-09-09
PED-01841,2023-02-07,CLI-0475,app,PORTO ALEGRE,RS,Esporte,Corda de Pular Speed,2,72.09,"R$ 20,58",entregue,2023-02-16
PED-00163,2023-08-22,CLI-0991,app,Rio de Janeiro,,Esporte,Halter Emborrachado 5kg,1,97.76,"R$ 18,41",ENTREGUE,2023-08-25
PED-01751,2024-06-13,CLI-0600,app,Ribeirão Preto,SP,Moda,Boné Aba Curva,-2,90.55,"R$ 15,12",entregue,2024-06-20
PED-01644,2023-07-23,CLI-0099,site,Porto Alegre,RS,Esporte,Corda de Pular Speed,1,43.93,"R$ 21,44",entregue,2023-08-05
PED-03887,2024-12-26,CLI-0264,app,Campinas,SP,Eletrônicos,Webcam Full HD,1,256.71,"R$ 10,49",entregue,2024-12-31
PED-00101,24/11/2024,CLI-1002,site,Belo Horizonte,MG,Beleza,Perfume Importado 100ml,2,374.42,"R$ 0,00",entregue,07/12/2024
PED-03862,2023-02-02,CLI-0206,app,São Paulo,SP,Casa & Decoração,"Tapete Sala 1,5m",2,191.67,"R$ 0,00",entregue,2023-02-15
PED-02457,2024-05-21,CLI-1334,site,SALVADOR,BA,Moda,Camiseta Básica Algodão,3,81.95,"R$ 31,65",entregue,2024-06-03
PED-03880,28/12/2023,CLI-0271,site,Curitiba,PR,Eletrônicos,Webcam Full HD,2,240.87,"R$ 0,00",entregue,11/01/2024
PED-02483,2023-04-26,CLI-0826,app,Sao Paulo,SP,beleza,Kit Skincare Facial,1,235.99,"R$ 10,91",entregue,2023-05-08
PED-00409,2023-04-27,CLI-0321,site,São Paulo,SP,Eletrônicos,Carregador Turbo 30W,2,110.31,"R$ 18,96",entregue,2023-05-11
PED-01383,31/03/2024,CLI-1359,app,Brasília,DF,Casa & Decoração,Quadro Decorativo Abstrato,2,149.09,"R$ 22,71",entregue,16/04/2024
PED-01347,2023-12-31,CLI-0870,app,rio de janeiro,RJ,Eletrônicos,Fone Bluetooth TWS,2,261.85,"R$ 0,00",entregue,2024-01-07
PED-03265,2023-11-15,CLI-1211,app,Recife,PE,Eletrônicos,Carregador Turbo 30W,2,69.66,"R$ 31,43",entregue,2023-11-29
PED-02451,25/06/2024,CLI-0432,site,Rio de Janeiro,RJ,Beleza,Base Líquida Matte,4,101.97,"R$ 0,00",ENTREGUE,28/06/2024
PED-00994,2023-08-03,CLI-1143,app,Curitiba,PR,Moda,Jaqueta Jeans,3,261.29,"R$ 0,00",entregue,2023-08-18
PED-02611,2024-11-16,CLI-0052,app,São Paulo,SP,Esporte,Camiseta Dry Fit,2,119.97,"R$ 17,57",entregue,2024-11-23
PED-02402,2024-09-29,CLI-1371,site,Campinas,SP,Eletrônicos,Smartwatch Fit,4,867.99,"R$ 0,00",entregue,2024-10-12
PED-00044,02/11/2023,CLI-0912,marketplace,Campinas,SP,Eletrônicos,Carregador Turbo 30W,1,126.27,"R$ 17,69",entregue,06/11/2023
PED-01738,2023-08-07,CLI-1305,site,Rio de Janeiro,RJ,Esporte,Corda de Pular Speed,2,85.48,"R$ 21,33",entregue,2023-08-19
PED-01570,2024-03-01,CLI-0989,app,São Paulo,,Eletrônicos,Smartwatch Fit,1,863.86,"R$ 0,00",entregue,2024-03-10
PED-01452,2024-05-28,CLI-0415,site,São Paulo,SP,MODA,Jaqueta Jeans,4,289.27,"R$ 0,00",entregue,2024-06-03
PED-00140,2023-04-03,CLI-1359,site,SÃO PAULO,SP,Moda,Boné Aba Curva,1,70.19,"R$ 11,48",entregue,2023-04-08
PED-02044,2024-12-02,CLI-1311,site,Belo Horizonte,MG,Eletrônicos,Webcam Full HD,1,281.29,"R$ 22,19",em transporte,
PED-03544,2023-08-17,CLI-0471,app,Ribeirão Preto,SP,Eletrônicos,Carregador Turbo 30W,3,76.11,"R$ 17,79",entregue,2023-08-25
PED-03934,2023-02-11,CLI-0833,site,Brasília,DF,Moda,"Mochila Notebook 15""",1,321.04,"R$ 0,00",entregue,2023-02-25
PED-03639,2024-10-07,CLI-0967,app,São Paulo,SP,Beleza,Secador de Cabelo 2000W,1,257.55,"R$ 19,00",devolvido,2024-10-16
PED-00249,02/12/2023,CLI-0467,site,São Paulo,SP,Eletrônicos,Webcam Full HD,4,321.21,"R$ 0,00",entregue,08/12/2023
PED-01348,2023-11-30,CLI-1026,site,Brasilia,DF,Beleza,Kit Skincare Facial,1,277.51,"R$ 14,24",cancelado,
PED-01850,2024-09-07,CLI-0371,site,Curitiba,PR,Casa & Decoração,Luminária de Mesa LED,3,142.62,"R$ 0,00",em transporte,
PED-04659,2024-04-30,CLI-1115,site,Recife,PE,Casa & Decoração,Vaso Decorativo Cerâmica,2,159.98,"R$ 0,00",entregue,2024-05-09
PED-04776,2023-03-26,CLI-0648,marketplace,Rio de Janeiro,,Moda,"Mochila Notebook 15""",1,186.58,"R$ 22,61",entregue,2023-04-04
PED-04393,2024-03-19,CLI-1084,app,Recife,PE,Moda,Tênis Casual Masculino,2,271.64,"R$ 0,00",Entregue,2024-03-27
PED-02604,2024-09-03,CLI-0784,app,Rio de Janeiro,RJ,Moda,"Mochila Notebook 15""",4,316.1,"R$ 0,00",entregue,2024-09-12
PED-01650,2024-10-06,CLI-0714,app,Rio de Janeiro,RJ,Esporte,Halter Emborrachado 5kg,1,93.79,"R$ 22,79",em transporte,
PED-04138,2024-11-05,CLI-0949,marketplace,São Paulo,SP,Moda,"Mochila Notebook 15""",1,279.56,"R$ 14,43",entregue,2024-11-16
PED-03360,2024-07-02,CLI-0085,app,Belo Horizonte,MG,Beleza,Base Líquida Matte,3,,"R$ 0,00",em transporte,
PED-02424,2023-04-17,CLI-1237,app,Belo Horizonte,MG,Moda,Tênis Casual Masculino,3,223.96,"R$ 0,00",entregue,2023-04-20
PED-01079,2024-06-07,CLI-1093,site,Curitiba,PR,beleza,Perfume Importado 100ml,4,575.84,"R$ 0,00",entregue,2024-06-20
PED-04532,2023-11-05,CLI-0780,app,Belo Horizonte,MG,Moda,Jaqueta Jeans,1,268.22,"R$ 26,95",devolvido,2023-11-14
PED-03185,2023-03-08,CLI-0319,marketplace,Porto Alegre,RS,Moda,Boné Aba Curva,3,104.44,"R$ 0,00",em transporte,
PED-00771,2023-09-02,CLI-0367,app,Recife,PE,Moda,Tênis Casual Masculino,1,404.02,"R$ 0,00",entregue,2023-09-16
PED-00562,2023-09-04,CLI-0713,app,Salvador,BA,Esporte,Corda de Pular Speed,1,37.75,"R$ 36,89",entregue,2023-09-15
PED-04943,2024-05-14,CLI-0459,site,Curitiba,PR,Moda,Tênis Casual Masculino,2,249.39,"R$ 0,00",entregue,2024-06-01
PED-04021,2023-08-13,CLI-0627,site,Rio de Janeiro,RJ,Beleza,Secador de Cabelo 2000W,3,193.51,"R$ 0,00",Entregue,2023-08-26
PED-01506,09/03/2024,CLI-0088,marketplace,Recife,PE,Eletrônicos,Carregador Turbo 30W,1,102.48,"R$ 27,38",entregue,24/03/2024
PED-03951,2024-01-01,CLI-1269,site,SÃO PAULO,SP,eletronicos,Fone Bluetooth TWS,4,346.83,"R$ 0,00",devolvido,2024-01-04
PED-00519,2023-01-17,CLI-0725,app,Belo Horizonte,MG,Moda,"Mochila Notebook 15""",1,135.58,"R$ 20,58",entregue,2023-01-31
PED-04944,25/12/2024,CLI-0611,app,salvador,BA,Beleza,Perfume Importado 100ml,1,370.9,"R$ 0,00",entregue,10/01/2025
PED-00779,16/09/2024,CLI-0041,app,São Paulo,SP,Eletrônicos,Fone Bluetooth TWS,2,377.77,"R$ 0,00",entregue,25/09/2024
PED-03106,08/07/2024,CLI-0161,site,Porto Alegre,RS,ELETRÔNICOS,Webcam Full HD,4,384.12,"R$ 0,00",em transporte,
PED-03681,2024-08-22,CLI-0192,site,Campinas,SP,moda,Camiseta Básica Algodão,3,51.13,"R$ 9,67",entregue,2024-09-02
PED-01916,25/07/2023,CLI-0513,site,São Paulo,SP,Beleza,Base Líquida Matte,3,98.47,"R$ 7,95",entregue,31/07/2023
PED-02089,2024-08-07,CLI-0173,app,São Paulo,SP,Moda,Boné Aba Curva,4,115.65,"R$ 0,00",entregue,2024-08-10
PED-00284,2023-09-09,CLI-0732,marketplace,Salvador,,Beleza,Secador de Cabelo 2000W,1,319.27,"R$ 0,00",em transporte,
PED-04201,27/07/2023,CLI-0354,marketplace,Recife,PE,Casa & Decoração,Luminária de Mesa LED,4,106.03,"R$ 0,00",entregue,11/08/2023
PED-02756,2024-10-03,CLI-0479,marketplace,Rio de Janeiro,RJ,Casa & Decoração,Jogo de Toalhas 4 peças,2,200.03,"R$ 0,00",entregue,2024-10-12
PED-00709,2024-01-12,CLI-1206,site,salvador,BA,moda,Boné Aba Curva,2,86.03,"R$ 33,05",entregue,2024-01-23
PED-01664,2023-08-02,CLI-0352,marketplace,Belo Horizonte,MG,Eletrônicos,Caixa de Som Portátil,1,371.51,"R$ 0,00",entregue,2023-08-13
PED-03971,2024-12-12,CLI-0026,marketplace,São Paulo,,Eletrônicos,Webcam Full HD,2,306.51,"R$ 0,00",cancelado,
PED-00521,2024-11-06,CLI-0807,app,São Paulo,SP,Casa & Decoração,Luminária de Mesa LED,2,206.61,"R$ 0,00",entregue,2024-11-20
PED-01776,2024-03-22,CLI-1294,marketplace,Curitiba,PR,Esporte,Corda de Pular Speed,2,34.33,"R$ 25,29",entregue,2024-03-30
PED-00760,31/01/2024,CLI-0063,site,  Belo Horizonte ,MG,Beleza,Kit Skincare Facial,3,245.63,"R$ 0,00",entregue,12/02/2024
PED-03748,13/11/2024,CLI-1294,marketplace,Goiânia,GO,Beleza,Secador de Cabelo 2000W,1,377.6,"R$ 0,00",entregue,01/12/2024
PED-03621,2024-05-31,CLI-0311,site,São Paulo,SP,Eletrônicos,Caixa de Som Portátil,4,538.31,"R$ 0,00",entregue,2024-06-08
PED-04369,2023-06-01,CLI-1040,site,RECIFE,PE,moda,Tênis Casual Masculino,2,190.81,"R$ 0,00",entregue,2023-06-11
PED-04167,23/01/2023,CLI-0790,marketplace,  Rio de Janeiro ,,Eletrônicos,Caixa de Som Portátil,1,229.85,"R$ 23,53",devolvido,02/02/2023
PED-03634,26/12/2023,CLI-0316,site,São Paulo,SP,Casa & Decoração,Quadro Decorativo Abstrato,3,113.46,"R$ 0,00",entregue,04/01/2024
PED-00037,2023-05-18,CLI-1367,marketplace,Rio de Janeiro,RJ,Beleza,Secador de Cabelo 2000W,2,354.8,"R$ 0,00",cancelado,
PED-00027,05/02/2024,CLI-0180,site,Curitiba,PR,Eletrônicos,Webcam Full HD,1,240.24,"R$ 21,47",cancelado,
PED-00897,2023-10-05,CLI-0424,site,Ribeirão Preto,SP,Casa & Decoração,Luminária de Mesa LED,2,79.56,"R$ 13,91",entregue,2023-10-18
PED-02864,24/04/2023,CLI-0754,site,Sao Paulo,SP,Beleza,Perfume Importado 100ml,1,520.9,"R$ 0,00",entregue,02/05/2023
PED-00086,2023-04-10,CLI-0074,app,Belo Horizonte,MG,Casa & Decoração,Quadro Decorativo Abstrato,2,101.19,"R$ 22,06",entregue,2023-04-24
PED-04668,2023-11-16,CLI-0670,marketplace,Belo Horizonte,MG,Esporte,Halter Emborrachado 5kg,1,80.18,"R$ 21,67",ENTREGUE,2023-11-30
PED-04496,2023-11-24,CLI-0611,app,são paulo,SP,Moda,Jaqueta Jeans,1,335.98,"R$ 0,00",devolvido,2023-12-07
PED-02882,2023-04-14,CLI-0814,app,São Paulo,SP,Beleza,Kit Skincare Facial,2,255.44,"R$ 0,00",devolvido,2023-04-22
PED-03457,2024-12-05,CLI-0810,site,Curitiba,PR,Casa & Decoração,"Tapete Sala 1,5m",1,370.62,"R$ 0,00",Entregue,2024-12-14
PED-03948,11/04/2023,CLI-0587,site,São Paulo,SP,Casa & Decoração,Quadro Decorativo Abstrato,1,127.61,"R$ 13,83",entregue,22/04/2023
PED-01726,2023-03-06,CLI-0728,marketplace,Belo Horizonte,MG,Esporte,Tapete de Yoga 6mm,4,125.3,"R$ 0,00",cancelado,
PED-01739,2024-03-29,CLI-0514,site,Curitiba,PR,eletronicos,Webcam Full HD,2,316.97,"R$ 0,00",em transporte,
PED-02128,2023-11-10,CLI-0709,marketplace,Salvador,BA,Eletrônicos,Webcam Full HD,1,316.69,"R$ 0,00",em transporte,
PED-00876,2024-11-17,CLI-1308,site,Ribeirão Preto,SP,Eletrônicos,Carregador Turbo 30W,1,77.24,"R$ 9,43",entregue,2024-11-26
PED-00148,21/03/2024,CLI-0474,marketplace,Campinas,SP,Moda,Jaqueta Jeans,1,188.83,"R$ 20,56",entregue,31/03/2024
PED-04954,2024-12-23,CLI-0771,app,São Paulo,SP,,Luminária de Mesa LED,2,112.84,"R$ 16,11",entregue,2025-01-01
PED-01701,2024-11-27,CLI-1156,site,Rio de Janeiro,RJ,Moda,Camiseta Básica Algodão,1,93.62,"R$ 22,27",entregue,2024-12-10
PED-01094,17/09/2023,CLI-0518,site,Rio de Janeiro,RJ,Beleza,Kit Skincare Facial,2,203.25,"R$ 0,00",cancelado,
PED-02113,2023-07-01,CLI-0414,app,Campinas,,Esporte,Corda de Pular Speed,1,35.23,"R$ 17,17",cancelado,
PED-01851,2023-08-22,CLI-0003,app,Goiânia,GO,Casa & Decoração,Luminária de Mesa LED,2,146.95,"R$ 29,72",em transporte,
PED-00928,2024-11-04,CLI-0231,site,São Paulo,SP,MODA,Boné Aba Curva,1,72.92,"R$ 15,84",entregue,2024-11-11
PED-00528,2024-12-30,CLI-0042,app,Salvador,BA,Eletrônicos,Caixa de Som Portátil,4,299.6,"R$ 0,00",entregue,2025-01-15
PED-01263,08/11/2023,CLI-0578,site,Ribeirão Preto,SP,Esporte,Camiseta Dry Fit,1,116.92,"R$ 11,48",cancelado,
PED-04189,20/03/2023,CLI-1361,site,Campinas,SP,Casa & Decoração,Luminária de Mesa LED,1,114.52,"R$ 10,64",entregue,28/03/2023
PED-03646,2024-09-04,CLI-0869,app,campinas,SP,Beleza,Perfume Importado 100ml,2,441.79,"R$ 0,00",entregue,2024-09-14
PED-02949,14/12/2024,CLI-0763,app,Ribeirão Preto,SP,Moda,Boné Aba Curva,1,65.34,"R$ 13,38",entregue,27/12/2024
PED-00800,2024-07-31,CLI-0276,site,Belo Horizonte,,Esporte,Garrafa Térmica 1L,4,65.63,"R$ 22,89",entregue,2024-08-06
PED-02614,2024-09-16,CLI-1290,site,São Paulo,SP,Moda,Camiseta Básica Algodão,1,94.2,"R$ 15,21",entregue,2024-09-30
PED-04284,2023-05-17,CLI-0055,marketplace,Campinas,SP,Eletrônicos,Smartwatch Fit,2,440.43,"R$ 0,00",entregue,2023-05-27
PED-04421,29/10/2023,CLI-0965,site,São Paulo,SP,Moda,Boné Aba Curva,1,84.48,"R$ 18,91",entregue,05/11/2023
PED-00371,09/09/2024,CLI-0191,marketplace,Rio de Janeiro,RJ,Eletrônicos,Carregador Turbo 30W,2,72.28,"R$ 21,15",entregue,12/09/2024
PED-03988,2024-02-05,CLI-1395,app,Belo Horizonte,MG,Moda,"Mochila Notebook 15""",2,284.39,"R$ 0,00",Devolvido,2024-02-15
PED-00382,2024-12-04,CLI-1041,app,Porto Alegre,RS,Beleza,Secador de Cabelo 2000W,1,301.15,"R$ 0,00",entregue,2024-12-14
PED-00486,2023-12-28,CLI-0967,app,SÃO PAULO,SP,Casa & Decoração,Jogo de Toalhas 4 peças,3,178.26,"R$ 0,00",em transporte,
PED-04839,12/05/2023,CLI-1352,app,Rio de Janeiro,RJ,Beleza,Perfume Importado 100ml,1,510.41,"R$ 0,00",entregue,23/05/2023
PED-02329,2024-04-29,CLI-0601,site,Campinas,SP,BELEZA,Perfume Importado 100ml,4,203.68,"R$ 0,00",entregue,2024-05-13
PED-01702,2024-12-25,CLI-0143,site,Curitiba,PR,Esporte,Halter Emborrachado 5kg,1,96.27,"R$ 27,65",entregue,2025-01-07
PED-03469,2023-11-01,CLI-0761,site,Curitiba,PR,Casa & Decoração,Jogo de Toalhas 4 peças,1,225.89,"R$ 23,19",devolvido,2023-11-08
PED-01103,2024-10-03,CLI-1251,app,São Paulo,SP,Beleza,Kit Skincare Facial,2,111.77,"R$ 9,60",entregue,2024-10-10
PED-00597,27/07/2024,CLI-1352,marketplace,  Salvador ,BA,Beleza,Base Líquida Matte,1,116.67,"R$ 25,34",entregue,03/08/2024
PED-03134,2023-02-20,CLI-0096,marketplace,Porto Alegre,RS,Casa & Decoração,Vaso Decorativo Cerâmica,1,146.91,"R$ 28,13",devolvido,2023-03-01
PED-03917,2024-03-19,CLI-0119,app,Recife,PE,Casa & Decoração,"Tapete Sala 1,5m",3,150.65,"R$ 0,00",entregue,2024-03-31
PED-04860,2023-10-06,CLI-1238,marketplace,  São Paulo ,SP,Moda,"Mochila Notebook 15""",2,213.0,"R$ 0,00",entregue,2023-10-16
PED-01595,2024-10-26,CLI-1178,site,Porto Alegre,RS,Beleza,Secador de Cabelo 2000W,1,225.83,"R$ 25,26",entregue,2024-11-08
PED-00493,2024-06-21,CLI-0986,site,SÃO PAULO,SP,Eletrônicos,Caixa de Som Portátil,2,541.38,"R$ 0,00",Entregue,2024-07-03
PED-01796,2023-10-20,CLI-0501,site,Porto Alegre,RS,Esporte,Tapete de Yoga 6mm,2,148.25,"R$ 27,27",entregue,2023-10-30
PED-02627,2024-04-20,CLI-1034,marketplace,Fortaleza,CE,Eletrônicos,Carregador Turbo 30W,1,100.9,"R$ 30,75",entregue,2024-05-01
PED-00580,2023-11-16,CLI-0346,site,São Paulo,SP,Casa & Decoração,"Tapete Sala 1,5m",4,316.11,"R$ 0,00",em transporte,
PED-01803,2023-05-22,CLI-0536,app,Rio de Janeiro,RJ,Eletrônicos,Smartwatch Fit,1,831.92,"R$ 0,00",em transporte,
PED-02656,01/12/2024,CLI-0993,site,Curitiba,PR,Eletrônicos,Webcam Full HD,3,362.59,"R$ 0,00",em transporte,
PED-00607,09/11/2024,CLI-0193,site,BELO HORIZONTE,MG,Beleza,Base Líquida Matte,2,122.18,"R$ 19,76",entregue,17/11/2024
PED-00840,2024-03-16,CLI-0182,app,Campinas,SP,Esporte,Halter Emborrachado 5kg,2,95.73,"R$ 15,99",cancelado,
PED-04279,2023-10-15,CLI-0999,app,Rio de Janeiro,RJ,Eletrônicos,Smartwatch Fit,1,450.23,"R$ 0,00",entregue,2023-10-21
PED-00643,27/02/2023,CLI-0647,marketplace,Salvador,BA,casa & decoracao,"Tapete Sala 1,5m",1,206.9,"R$ 33,38",entregue,09/03/2023
PED-04678,2023-05-20,CLI-0424,site,Campinas,SP,Moda,Camiseta Básica Algodão,2,66.01,"R$ 17,78",entregue,2023-05-28
PED-04537,2024-07-01,CLI-0989,marketplace,Salvador,BA,Beleza,Secador de Cabelo 2000W,2,264.15,"R$ 0,00",Entregue,2024-07-18
PED-02469,2024-05-11,CLI-0721,app,São Paulo,SP,Esporte,Halter Emborrachado 5kg,1,75.36,"R$ 10,28",entregue,2024-05-14
PED-03201,08/09/2024,CLI-0281,marketplace,Sao Paulo,SP,ESPORTE,Halter Emborrachado 5kg,4,142.03,"R$ 0,00",entregue,15/09/2024
PED-03882,2024-11-26,CLI-1252,app,Recife,PE,Esporte,Halter Emborrachado 5kg,1,146.26,"R$ 26,61",entregue,2024-12-03
PED-01830,29/02/2024,CLI-1047,marketplace,Brasília,DF,Beleza,Base Líquida Matte,3,143.8,"R$ 0,00",entregue,14/03/2024
PED-04287,2024-11-24,CLI-0352,app,São Paulo,SP,Beleza,Kit Skincare Facial,1,150.74,"R$ 14,59",ENTREGUE,2024-12-01
PED-02722,2024-10-09,CLI-0411,app,Ribeirão Preto,SP,ELETRÔNICOS,Smartwatch Fit,3,625.66,"R$ 0,00",Entregue,2024-10-19
PED-03487,08/07/2024,CLI-1242,site,São Paulo,SP,beleza,Perfume Importado 100ml,2,,"R$ 0,00",entregue,11/07/2024
PED-02138,17/09/2024,CLI-0496,site,CAMPINAS,SP,Moda,Tênis Casual Masculino,2,275.33,"R$ 0,00",entregue,24/09/2024
PED-04024,2024-11-22,CLI-0772,app,Goiania,GO,Casa & Decoração,Jogo de Toalhas 4 peças,1,189.88,"R$ 28,40",entregue,2024-12-06
PED-04481,2024-01-29,CLI-1262,site,campinas,,Eletrônicos,Webcam Full HD,2,344.41,"R$ 0,00",cancelado,
PED-01982,05/12/2023,CLI-0800,site,São Paulo,SP,Casa & Decoração,Vaso Decorativo Cerâmica,3,155.19,"R$ 0,00",entregue,12/12/2023
PED-01437,2023-08-10,CLI-0090,app,Salvador,BA,Casa & Decoração,Quadro Decorativo Abstrato,4,116.07,"R$ 0,00",entregue,2023-08-24
PED-04924,2024-11-14,CLI-0577,marketplace,Curitiba,PR,moda,Boné Aba Curva,2,49.55,"R$ 25,01",cancelado,
PED-03135,2024-08-10,CLI-0316,site,goiânia,GO,Casa & Decoração,Luminária de Mesa LED,2,198.61,"R$ 0,00",entregue,2024-08-20
PED-01179,2023-08-11,CLI-1334,marketplace,são paulo,SP,Esporte,Corda de Pular Speed,1,42.17,"R$ 14,92",entregue,2023-08-17
PED-03876,2023-12-24,CLI-0784,app,São Paulo,SP,Eletrônicos,Carregador Turbo 30W,1,123.52,"R$ 14,58",entregue,2024-01-04
PED-00398,20/10/2023,CLI-0124,site,Belo Horizonte,MG,Moda,Jaqueta Jeans,1,229.7,"R$ 21,11",entregue,25/10/2023
PED-01543,2023-11-26,CLI-0755,site,Curitiba,PR,Eletrônicos,Smartwatch Fit,1,702.39,"R$ 0,00",cancelado,
PED-02969,2024-04-30,CLI-0547,site,Recife,PE,Eletrônicos,Caixa de Som Portátil,3,327.1,"R$ 0,00",em transporte,
PED-03787,15/12/2024,CLI-1095,site,Ribeirão Preto,SP,Beleza,Base Líquida Matte,2,84.11,"R$ 21,68",entregue,26/12/2024
PED-00451,2023-02-19,CLI-0815,app,Recife,PE,Eletrônicos,Carregador Turbo 30W,1,87.13,"R$ 31,35",cancelado,
PED-00931,2023-10-21,CLI-0577,site,Brasília,DF,Moda,Boné Aba Curva,2,72.31,"R$ 25,67",cancelado,
PED-04687,2023-10-12,CLI-1094,site,Curitiba,PR,moda,Tênis Casual Masculino,1,232.65,"R$ 24,05",devolvido,2023-10-26
PED-03335,2023-11-29,CLI-0909,marketplace,Brasília,DF,Casa & Decoração,Vaso Decorativo Cerâmica,1,94.36,"R$ 20,00",cancelado,
PED-04841,2024-11-13,CLI-0577,app,Salvador,BA,Moda,"Mochila Notebook 15""",2,162.81,"R$ 0,00",em transporte,
PED-00395,2023-01-15,CLI-1003,app,Recife,PE,Esporte,Camiseta Dry Fit,1,89.31,"R$ 29,82",ENTREGUE,2023-01-30
PED-04663,26/01/2024,CLI-0520,site,Fortaleza,CE,BELEZA,Perfume Importado 100ml,4,429.66,"R$ 0,00",entregue,03/02/2024
PED-03925,2023-07-30,CLI-0173,app,belo horizonte,MG,Eletrônicos,Webcam Full HD,1,275.08,"R$ 22,08",cancelado,
PED-03959,26/04/2023,CLI-1095,app,São Paulo,SP,Moda,Jaqueta Jeans,4,242.56,"R$ 0,00",entregue,06/05/2023
PED-01937,13/02/2024,CLI-0261,app,Rio de Janeiro,RJ,Eletrônicos,Smartwatch Fit,4,503.15,"R$ 0,00",entregue,27/02/2024
PED-01438,2024-03-17,CLI-0492,site,Curitiba,PR,Beleza,Base Líquida Matte,1,59.03,"R$ 22,53",ENTREGUE,2024-03-28
PED-04807,2023-12-22,CLI-0637,app,Fortaleza,CE,Beleza,Perfume Importado 100ml,1,575.46,"R$ 0,00",devolvido,2024-01-03
PED-03031,28/09/2024,CLI-0435,marketplace,São Paulo,SP,Moda,Jaqueta Jeans,3,245.78,"R$ 0,00",entregue,08/10/2024
PED-04746,2023-02-12,CLI-0799,app,Ribeirão Preto,SP,Beleza,Secador de Cabelo 2000W,4,177.2,"R$ 0,00",entregue,2023-02-20
PED-04826,2023-12-18,CLI-0285,site,rio de janeiro,RJ,Beleza,Base Líquida Matte,1,94.65,"R$ 18,21",em transporte,
PED-03645,02/03/2023,CLI-0239,site,São Paulo,SP,Moda,Boné Aba Curva,4,118.19,"R$ 0,00",cancelado,
PED-01914,11/04/2024,CLI-1269,app,Belo Horizonte,MG,Beleza,Base Líquida Matte,1,67.33,"R$ 14,74",entregue,15/04/2024
PED-02256,22/03/2024,CLI-0468,marketplace,Porto Alegre,RS,Moda,"Mochila Notebook 15""",2,179.17,"R$ 0,00",cancelado,
PED-04336,21/03/2023,CLI-0344,site,Fortaleza,CE,Beleza,Perfume Importado 100ml,1,221.49,"R$ 36,60",cancelado,
PED-00115,2023-06-30,CLI-0184,app,  Rio de Janeiro ,RJ,Eletrônicos,Smartwatch Fit,4,844.0,"R$ 0,00",entregue,2023-07-09
PED-00089,2023-06-15,CLI-0191,marketplace,Brasília,DF,Casa & Decoração,Vaso Decorativo Cerâmica,2,106.4,"R$ 23,31",entregue,2023-06-28
PED-02255,2024-12-17,CLI-0293,site,  Belo Horizonte ,MG,ESPORTE,Tapete de Yoga 6mm,3,124.01,"R$ 0,00",entregue,2024-12-30
PED-03317,2024-08-22,CLI-0607,site,Porto Alegre,RS,casa & decoracao,Jogo de Toalhas 4 peças,1,,"R$ 23,77",entregue,2024-09-03
PED-03051,16/11/2024,CLI-1372,site,são paulo,SP,Esporte,Corda de Pular Speed,2,29.21,"R$ 12,09",ENTREGUE,27/11/2024
PED-01182,2023-05-08,CLI-1175,marketplace,Rio de Janeiro,RJ,Casa & Decoração,"Tapete Sala 1,5m",1,416.38,"R$ 0,00",entregue,2023-05-15
PED-04890,2024-12-31,CLI-0644,marketplace,São Paulo,SP,Eletrônicos,Smartwatch Fit,4,720.7,"R$ 0,00",entregue,2025-01-07
PED-01539,2024-10-14,CLI-1331,marketplace,Porto Alegre,RS,Moda,Camiseta Básica Algodão,2,50.3,"R$ 23,29",Entregue,2024-10-21
PED-03291,2023-11-22,CLI-0848,app,Belo Horizonte,MG,Eletrônicos,Webcam Full HD,4,197.53,"R$ 0,00",entregue,2023-12-04
PED-00949,2024-11-12,CLI-0527,app,Brasília,DF,Casa & Decoração,Luminária de Mesa LED,1,218.52,"R$ 25,42",entregue,2024-11-23
PED-02976,2024-10-17,CLI-0284,marketplace,fortaleza,CE,Moda,Tênis Casual Masculino,4,202.21,"R$ 0,00",em transporte,
PED-03831,13/02/2024,CLI-0073,site,Campinas,SP,Beleza,Secador de Cabelo 2000W,-2,233.97,"R$ 12,61",ENTREGUE,16/02/2024
PED-03864,2023-11-17,CLI-0656,app,Recife,PE,Esporte,Corda de Pular Speed,3,56.0,"R$ 27,49",entregue,2023-11-27
PED-01323,07/01/2023,CLI-0077,site,Campinas,SP,Esporte,Tapete de Yoga 6mm,2,175.28,"R$ 0,00",devolvido,21/01/2023
PED-02788,2024-04-04,CLI-0415,site,São Paulo,,Casa & Decoração,Luminária de Mesa LED,1,175.11,"R$ 17,34",entregue,2024-04-14
PED-02727,24/09/2024,CLI-1272,marketplace,Brasília,DF,Moda,Tênis Casual Masculino,2,352.46,"R$ 0,00",entregue,03/10/2024
PED-01509,2023-08-07,CLI-0492,app,SÃO PAULO,SP,eletronicos,Carregador Turbo 30W,4,71.9,"R$ 14,28",em transporte,
PED-02069,2023-09-18,CLI-1305,app,Ribeirão Preto,SP,Moda,Camiseta Básica Algodão,3,80.79,"R$ 13,30",ENTREGUE,2023-10-02
PED-01865,2024-06-12,CLI-0049,marketplace,Rio de Janeiro,RJ,Esporte,Corda de Pular Speed,2,79.49,"R$ 17,86",Entregue,2024-06-15
PED-00869,2023-04-20,CLI-1228,site,Campinas,SP,Eletrônicos,Webcam Full HD,4,299.55,"R$ 0,00",entregue,2023-04-27
PED-00097,2023-11-26,CLI-0352,site,Belo Horizonte,MG,Moda,Jaqueta Jeans,2,181.57,"R$ 0,00",entregue,2023-12-03
PED-02170,2024-03-07,CLI-0951,site,São Paulo,SP,Moda,Boné Aba Curva,0,79.38,"R$ 16,47",entregue,2024-03-18
PED-00635,27/02/2023,CLI-1110,site,Belo Horizonte,MG,Eletrônicos,Carregador Turbo 30W,3,107.75,"R$ 0,00",devolvido,10/03/2023
PED-02248,2024-06-03,CLI-0657,site,Salvador,BA,,Quadro Decorativo Abstrato,1,104.61,"R$ 29,52",entregue,2024-06-21
PED-00221,2023-10-25,CLI-0270,app,  São Paulo ,SP,Beleza,Perfume Importado 100ml,2,432.13,"R$ 0,00",entregue,2023-11-05
PED-02752,2024-08-12,CLI-0672,site,RECIFE,PE,Casa & Decoração,Jogo de Toalhas 4 peças,1,177.99,"R$ 27,03",entregue,2024-08-26
PED-03000,2023-04-18,CLI-0712,site,fortaleza,CE,Moda,Tênis Casual Masculino,1,216.63,"R$ 31,52",em transporte,
PED-04895,20/07/2024,CLI-0442,app,Belo Horizonte,MG,Casa & Decoração,Vaso Decorativo Cerâmica,1,77.66,"R$ 20,77",entregue,26/07/2024
PED-03213,2024-09-28,CLI-0494,site,São Paulo,SP,Eletrônicos,Webcam Full HD,3,340.44,"R$ 0,00",devolvido,2024-10-05
PED-02793,24/08/2024,CLI-0397,marketplace,SÃO PAULO,SP,Moda,Tênis Casual Masculino,3,330.4,"R$ 0,00",entregue,30/08/2024
PED-04960,2024-08-05,CLI-0512,site,São Paulo,SP,Casa & Decoração,Luminária de Mesa LED,1,84.14,"R$ 13,19",entregue,2024-08-16
PED-02085,2024-07-07,CLI-0276,site,Rio de Janeiro,RJ,Moda,Tênis Casual Masculino,2,182.64,"R$ 0,00",entregue,2024-07-11
PED-00305,06/11/2024,CLI-1088,site,Curitiba,PR,Casa & Decoração,Jogo de Toalhas 4 peças,2,216.46,"R$ 0,00",entregue,14/11/2024
PED-03098,2023-12-12,CLI-0366,app,salvador,BA,Moda,Jaqueta Jeans,1,223.56,"R$ 26,48",entregue,2023-12-29
PED-04268,2024-10-14,CLI-0398,site,são paulo,,Casa & Decoração,"Tapete Sala 1,5m",2,427.22,"R$ 0,00",entregue,2024-10-23
PED-01852,23/11/2024,CLI-0469,site,Campinas,SP,Eletrônicos,Carregador Turbo 30W,2,83.36,"R$ 17,50",entregue,30/11/2024
PED-02067,2024-03-07,CLI-0535,site,Campinas,SP,Moda,"Mochila Notebook 15""",3,291.83,"R$ 0,00",entregue,2024-03-12
PED-02713,2023-09-09,CLI-0441,site,Belo Horizonte,MG,eletronicos,Fone Bluetooth TWS,1,168.86,"R$ 16,82",em transporte,
PED-03574,2024-01-18,CLI-0380,site,Sao Paulo,SP,Beleza,Perfume Importado 100ml,1,259.73,"R$ 14,72",CANCELADO,
PED-01097,2023-08-10,CLI-0744,app,são paulo,SP,Beleza,Base Líquida Matte,1,54.86,"R$ 11,16",Entregue,2023-08-13
PED-03512,2024-07-30,CLI-0457,site,Brasília,DF,Beleza,Base Líquida Matte,1,128.43,"R$ 23,51",entregue,2024-08-06
PED-00047,2023-12-10,CLI-1192,app,ribeirão preto,SP,Eletrônicos,Caixa de Som Portátil,2,338.83,"R$ 0,00",ENTREGUE,2023-12-13
PED-03212,2024-07-26,CLI-0538,app,Fortaleza,CE,Moda,Tênis Casual Masculino,1,294.27,"R$ 29,98",Entregue,2024-08-04
PED-01146,2023-11-07,CLI-1130,app,Ribeirão Preto,SP,Eletrônicos,Smartwatch Fit,1,784.51,"R$ 0,00",Cancelado,
PED-00613,19/12/2024,CLI-0261,app,Recife,PE,Eletrônicos,Fone Bluetooth TWS,1,203.12,"R$ 25,27",em transporte,
PED-03967,2024-03-04,CLI-0419,site,  Recife ,PE,Moda,Tênis Casual Masculino,1,390.9,"R$ 0,00",entregue,2024-03-17
PED-04198,2024-11-16,CLI-0435,app,Goiânia,GO,moda,Jaqueta Jeans,1,226.0,"R$ 30,81",entregue,2024-12-02
PED-02534,2023-01-19,CLI-0767,site,Recife,PE,Esporte,Tapete de Yoga 6mm,1,110.94,"R$ 29,54",entregue,2023-02-06
PED-00718,2023-04-22,CLI-0564,app,São Paulo,SP,Casa & Decoração,Luminária de Mesa LED,1,217.85,"R$ 19,28",entregue,2023-05-05
PED-01495,03/01/2024,CLI-0955,site,São Paulo,SP,Moda,Tênis Casual Masculino,4,284.21,"R$ 0,00",entregue,08/01/2024
PED-03111,2023-10-26,CLI-0706,site,Campinas,SP,Moda,Tênis Casual Masculino,3,315.5,"R$ 0,00",entregue,2023-10-30
PED-00596,2023-10-05,CLI-0319,marketplace,Campinas,SP,Casa & Decoração,Quadro Decorativo Abstrato,2,104.23,"R$ 10,12",entregue,2023-10-08
PED-00590,29/01/2023,CLI-1030,site,Belo Horizonte,MG,Esporte,Corda de Pular Speed,1,39.76,"R$ 21,88",entregue,11/02/2023
PED-00523,2023-06-08,CLI-1082,app,Fortaleza,CE,Eletrônicos,Caixa de Som Portátil,3,474.23,"R$ 0,00",entregue,2023-06-26
PED-02751,2023-08-17,CLI-0394,app,Curitiba,PR,Casa & Decoração,Jogo de Toalhas 4 peças,1,193.83,"R$ 24,55",devolvido,2023-08-25
PED-03143,2024-12-30,CLI-1006,app,Fortaleza,CE,Esporte,Corda de Pular Speed,1,47.7,"R$ 36,91",ENTREGUE,2025-01-09
PED-01589,2023-10-21,CLI-0577,marketplace,Curitiba,PR,Casa & Decoração,Luminária de Mesa LED,2,171.41,"R$ 0,00",entregue,2023-11-03
PED-04926,16/11/2023,CLI-1352,site,Sao Paulo,SP,Casa & Decoração,Quadro Decorativo Abstrato,1,140.66,"R$ 17,01",cancelado,
PED-04626,2024-05-31,CLI-0443,app,Belo Horizonte,MG,Eletrônicos,Webcam Full HD,2,348.54,"R$ 0,00",ENTREGUE,2024-06-11
PED-00079,17/04/2024,CLI-0410,site,Rio de Janeiro,RJ,Moda,Camiseta Básica Algodão,1,49.89,"R$ 19,72",devolvido,29/04/2024
PED-03068,2023-07-05,CLI-1313,site,FORTALEZA,CE,Moda,Camiseta Básica Algodão,1,56.82,"R$ 34,74",entregue,2023-07-13
PED-03247,2023-11-18,CLI-0744,site,são paulo,SP,Moda,Camiseta Básica Algodão,1,74.5,"R$ 17,66",entregue,2023-11-23
PED-04936,2023-06-08,CLI-0718,app,porto alegre,RS,Moda,Jaqueta Jeans,4,341.84,"R$ 0,00",em transporte,
PED-01069,2023-01-27,CLI-1230,marketplace,Belo Horizonte,MG,Moda,Tênis Casual Masculino,2,287.55,"R$ 0,00",cancelado,
PED-03396,2024-12-01,CLI-0878,site,GOIÂNIA,GO,Casa & Decoração,"Tapete Sala 1,5m",2,160.37,"R$ 0,00",cancelado,
PED-03723,2024-11-04,CLI-0681,site,São Paulo,SP,Moda,"Mochila Notebook 15""",3,186.46,"R$ 0,00",entregue,2024-11-12
PED-04869,2024-01-15,CLI-0473,marketplace,FORTALEZA,CE,Moda,Camiseta Básica Algodão,2,51.32,"R$ 28,79",entregue,2024-02-02
PED-04959,2023-11-26,CLI-0934,app,Campinas,SP,Esporte,Tapete de Yoga 6mm,1,150.93,"R$ 13,82",entregue,2023-12-03
PED-04158,2023-03-22,CLI-0185,marketplace,Porto Alegre,RS,Esporte,Camiseta Dry Fit,2,93.06,"R$ 21,78",entregue,2023-03-29
PED-02781,2023-05-06,CLI-1095,app,FORTALEZA,CE,ESPORTE,Corda de Pular Speed,2,73.69,"R$ 31,90",ENTREGUE,2023-05-20
PED-04732,27/11/2024,CLI-0811,site,São Paulo,SP,Esporte,Garrafa Térmica 1L,1,117.55,"R$ 13,52",entregue,02/12/2024
PED-03117,2023-06-14,CLI-0899,site,São Paulo,SP,Casa & Decoração,"Tapete Sala 1,5m",1,356.93,"R$ 0,00",Entregue,2023-06-23
PED-04227,2024-05-19,CLI-1336,marketplace,Belo Horizonte,MG,Eletrônicos,Webcam Full HD,3,276.26,"R$ 0,00",entregue,2024-06-01
PED-01218,22/04/2024,CLI-0605,marketplace,Ribeirão Preto,SP,Beleza,Kit Skincare Facial,1,265.74,"R$ 11,48",entregue,05/05/2024
PED-02553,2024-06-15,CLI-1235,app,Salvador,BA,Moda,Tênis Casual Masculino,2,343.81,"R$ 0,00",em transporte,
PED-04737,2024-07-12,CLI-0099,app,Salvador,BA,Eletrônicos,Caixa de Som Portátil,2,310.61,"R$ 0,00",entregue,2024-07-28
PED-01875,2024-11-23,CLI-0096,app,SÃO PAULO,SP,Eletrônicos,Carregador Turbo 30W,4,108.74,"R$ 0,00",entregue,2024-11-30
PED-03953,08/12/2024,CLI-1304,app,RIO DE JANEIRO,RJ,Moda,Camiseta Básica Algodão,1,83.55,"R$ 23,62",ENTREGUE,17/12/2024
PED-04686,2023-11-19,CLI-1369,app,Fortaleza,CE,Casa & Decoração,Jogo de Toalhas 4 peças,1,154.71,"R$ 29,95",entregue,2023-12-06
PED-01619,2024-12-29,CLI-0197,app,Rio de Janeiro,RJ,Casa & Decoração,Luminária de Mesa LED,1,173.19,"R$ 19,18",entregue,2025-01-02
PED-01911,13/01/2023,CLI-1261,app,Porto Alegre,RS,beleza,Secador de Cabelo 2000W,2,241.1,"R$ 0,00",entregue,27/01/2023
PED-00416,01/09/2023,CLI-0440,site,Curitiba,PR,eletronicos,Caixa de Som Portátil,1,340.87,"R$ 0,00",entregue,17/09/2023
PED-03474,23/12/2023,CLI-0719,app,Salvador,BA,Moda,Camiseta Básica Algodão,1,88.9,"R$ 31,27",devolvido,05/01/2024
PED-01684,2023-10-14,CLI-1272,marketplace,São Paulo,SP,Eletrônicos,Fone Bluetooth TWS,3,344.22,"R$ 0,00",entregue,2023-10-22
PED-01594,2023-12-19,CLI-0554,app,Brasília,DF,Moda,Boné Aba Curva,1,113.77,"R$ 24,74",entregue,2024-01-04
PED-03566,12/10/2024,CLI-0255,app,São Paulo,SP,Casa & Decoração,Quadro Decorativo Abstrato,1,185.87,"R$ 17,35",entregue,15/10/2024
PED-02591,12/09/2024,CLI-0493,site,  São Paulo ,SP,Moda,Camiseta Básica Algodão,4,63.94,"R$ 16,89",entregue,25/09/2024
PED-03094,17/12/2024,CLI-1345,app,  Rio de Janeiro ,RJ,Moda,Tênis Casual Masculino,1,213.95,"R$ 19,90",ENTREGUE,27/12/2024
PED-01764,10/04/2023,CLI-1366,app,São Paulo,SP,Beleza,Base Líquida Matte,4,57.99,"R$ 12,35",entregue,22/04/2023
PED-03023,2024-02-12,CLI-0923,app,RIBEIRÃO PRETO,SP,Casa & Decoração,Luminária de Mesa LED,1,186.87,"R$ 14,17",entregue,2024-02-16
PED-02586,2024-01-18,CLI-1252,site,  Campinas ,SP,Beleza,Base Líquida Matte,4,74.38,"R$ 11,32",entregue,2024-01-22
PED-03014,24/07/2024,CLI-0039,marketplace,Ribeirão Preto,SP,Moda,Boné Aba Curva,1,46.73,"R$ 18,19",entregue,31/07/2024
PED-01958,29/03/2023,CLI-1154,app,Rio de Janeiro,RJ,Moda,Camiseta Básica Algodão,1,58.19,"R$ 22,92",em transporte,
PED-04854,2023-05-14,CLI-1387,app,Rio de Janeiro,RJ,Eletrônicos,Caixa de Som Portátil,3,303.29,"R$ 0,00",entregue,2023-05-18
PED-03295,23/02/2024,CLI-0776,app,Porto Alegre,RS,Eletrônicos,Webcam Full HD,4,174.43,"R$ 0,00",entregue,02/03/2024
PED-01697,2023-07-12,CLI-0818,marketplace,São Paulo,SP,Eletrônicos,Smartwatch Fit,1,350.56,"R$ 0,00",entregue,2023-07-19
PED-04252,2023-06-04,CLI-1191,app,Campinas,SP,Beleza,Secador de Cabelo 2000W,2,288.64,"R$ 0,00",ENTREGUE,2023-06-13
PED-03006,2024-09-17,CLI-0917,site,Sao Paulo,SP,Eletrônicos,Smartwatch Fit,1,-760.5,"R$ 0,00",entregue,2024-09-22
PED-00753,2023-09-03,CLI-0515,app,Porto Alegre,RS,Eletrônicos,Carregador Turbo 30W,4,77.22,"R$ 0,00",entregue,2023-09-21
PED-02292,2024-07-31,CLI-0878,site,Sao Paulo,SP,,Tênis Casual Masculino,1,359.84,"R$ 0,00",em transporte,
PED-04602,2024-11-29,CLI-0351,app,Salvador,BA,Beleza,Base Líquida Matte,1,133.42,"R$ 31,73",entregue,2024-12-11
PED-01678,2024-01-14,CLI-0487,app,Fortaleza,CE,Casa & Decoração,Jogo de Toalhas 4 peças,1,144.29,"R$ 31,63",devolvido,2024-01-25
PED-03434,2023-09-08,CLI-0190,app,São Paulo,SP,Moda,Tênis Casual Masculino,4,361.61,"R$ 0,00",entregue,2023-09-21
PED-04351,2023-07-06,CLI-1325,site,Curitiba,PR,Eletrônicos,Smartwatch Fit,-1,898.36,"R$ 0,00",entregue,2023-07-24
PED-04347,11/09/2024,CLI-0232,app,Rio de Janeiro,RJ,Beleza,Kit Skincare Facial,3,134.6,"R$ 0,00",cancelado,
PED-00355,2024-02-04,CLI-0662,marketplace,São Paulo,SP,Casa & Decoração,Luminária de Mesa LED,1,147.52,"R$ 18,65",entregue,2024-02-17
PED-01065,2023-11-06,CLI-0090,site,Brasília,DF,Casa & Decoração,Luminária de Mesa LED,2,214.65,"R$ 0,00",devolvido,2023-11-17
PED-03462,2024-09-27,CLI-1210,site,Porto Alegre,RS,Esporte,Tapete de Yoga 6mm,2,116.8,"R$ 25,56",ENTREGUE,2024-10-15
PED-04644,2023-02-15,CLI-0328,site,Salvador,BA,Casa & Decoração,Vaso Decorativo Cerâmica,1,107.54,"R$ 27,85",entregue,2023-03-04
PED-03957,2024-12-27,CLI-0293,marketplace,Salvador,BA,beleza,Perfume Importado 100ml,2,581.46,"R$ 0,00",Entregue,2025-01-12
PED-02337,10/11/2024,CLI-1011,site,Rio de Janeiro,RJ,Casa & Decoração,Luminária de Mesa LED,4,166.86,"R$ 0,00",em transporte,
PED-02942,2023-08-14,CLI-0018,app,São Paulo,SP,Eletrônicos,Smartwatch Fit,1,388.37,"R$ 0,00",entregue,2023-08-26
PED-04147,2023-02-05,CLI-1120,site,Porto Alegre,RS,Moda,Jaqueta Jeans,1,322.2,"R$ 0,00",ENTREGUE,2023-02-14
PED-01476,2024-03-11,CLI-0776,app,Brasilia,DF,Eletrônicos,Caixa de Som Portátil,2,271.42,"R$ 0,00",entregue,2024-03-21
PED-04301,2024-02-10,CLI-0576,app,RIBEIRÃO PRETO,SP,Eletrônicos,Smartwatch Fit,2,785.62,"R$ 0,00",entregue,2024-02-24
PED-02262,26/12/2024,CLI-0476,site,Porto Alegre,RS,moda,"Mochila Notebook 15""",4,299.65,"R$ 0,00",entregue,11/01/2025
PED-01308,2024-07-03,CLI-1280,marketplace,São Paulo,SP,Moda,Boné Aba Curva,1,99.87,"R$ 15,69",ENTREGUE,2024-07-12
PED-03850,10/10/2023,CLI-0574,site,Rio de Janeiro,RJ,Eletrônicos,Carregador Turbo 30W,1,118.67,"R$ 17,37",ENTREGUE,15/10/2023
PED-00003,2024-11-06,CLI-0397,app,Curitiba,PR,Eletrônicos,Carregador Turbo 30W,1,60.49,"R$ 23,07",entregue,2024-11-24
PED-02098,2024-03-01,CLI-0682,marketplace,Salvador,BA,Beleza,Secador de Cabelo 2000W,1,282.23,"R$ 31,98",entregue,2024-03-10
PED-02616,2024-03-01,CLI-1106,site,São Paulo,SP,Eletrônicos,Carregador Turbo 30W,1,78.37,"R$ 17,24",entregue,2024-03-05
PED-01068,2024-07-15,CLI-0692,site,  São Paulo ,SP,Beleza,Perfume Importado 100ml,1,209.5,"R$ 18,23",entregue,2024-07-20
PED-04623,2024-06-12,CLI-1357,site,RIBEIRÃO PRETO,SP,Eletrônicos,Caixa de Som Portátil,1,528.89,"R$ 0,00",entregue,2024-06-18
PED-00181,18/11/2024,CLI-0282,site,São Paulo,SP,CASA & DECORAÇÃO,Quadro Decorativo Abstrato,1,73.17,"R$ 21,44",em transporte,
PED-00147,2023-11-12,CLI-1400,site,Campinas,SP,Esporte,Halter Emborrachado 5kg,2,134.19,"R$ 18,48",em transporte,
PED-00630,2024-10-05,CLI-1391,site,Campinas,SP,Casa & Decoração,Jogo de Toalhas 4 peças,2,186.23,"R$ 0,00",entregue,2024-10-10
PED-02809,2023-07-07,CLI-0728,site,São Paulo,SP,Beleza,Perfume Importado 100ml,2,397.87,"R$ 0,00",EM TRANSPORTE,
PED-00402,2024-11-28,CLI-1344,marketplace,Belo Horizonte,MG,Beleza,Perfume Importado 100ml,1,509.95,"R$ 0,00",entregue,2024-12-04
PED-02462,10/07/2024,CLI-0324,app,São Paulo,SP,Eletrônicos,Caixa de Som Portátil,1,244.64,"R$ 19,08",entregue,15/07/2024
PED-01105,2023-05-25,CLI-0403,site,Curitiba,PR,Eletrônicos,Webcam Full HD,1,341.61,"R$ 0,00",entregue,2023-06-10
PED-02908,2023-03-08,CLI-0420,site,Rio de Janeiro,RJ,Moda,Jaqueta Jeans,4,172.05,"R$ 0,00",Entregue,2023-03-12
PED-02655,2024-01-24,CLI-0647,marketplace,Porto Alegre,RS,Moda,Camiseta Básica Algodão,1,48.69,"R$ 26,13",entregue,2024-02-06
PED-01450,2023-07-24,CLI-0113,site,São Paulo,SP,ESPORTE,Garrafa Térmica 1L,2,69.61,"R$ 12,03",entregue,2023-08-04
PED-01510,2024-08-28,CLI-0352,site,São Paulo,SP,Moda,Jaqueta Jeans,1,281.88,"R$ 13,85",cancelado,
PED-00173,15/09/2023,CLI-1126,site,Belo Horizonte,MG,Eletrônicos,Carregador Turbo 30W,2,100.41,"R$ 18,94",devolvido,26/09/2023
PED-04874,2024-05-07,CLI-0456,marketplace,Recife,PE,Beleza,Kit Skincare Facial,2,287.68,"R$ 0,00",entregue,2024-05-17
PED-00668,2024-12-31,CLI-1262,marketplace,Rio de Janeiro,RJ,Moda,Camiseta Básica Algodão,1,95.84,"R$ 20,18",entregue,2025-01-06
PED-01537,2024-09-22,CLI-1072,site,CAMPINAS,SP,Beleza,Perfume Importado 100ml,3,524.71,"R$ 0,00",entregue,2024-09-30
PED-02276,2023-02-12,CLI-1050,site,Ribeirão Preto,SP,Moda,Tênis Casual Masculino,3,210.16,"R$ 0,00",em transporte,
PED-01814,29/08/2023,CLI-0130,app,Ribeirão Preto,SP,Eletrônicos,Webcam Full HD,4,321.91,"R$ 0,00",entregue,02/09/2023
PED-04865,2024-06-28,CLI-0755,marketplace,Belo Horizonte,MG,Moda,"Mochila Notebook 15""",1,314.01,"R$ 0,00",entregue,2024-07-05
PED-02524,2024-06-03,CLI-0528,site,Goiânia,GO,Casa & Decoração,Vaso Decorativo Cerâmica,2,164.26,"R$ 0,00",devolvido,2024-06-19
PED-01917,27/06/2024,CLI-0746,site,Brasília,DF,ELETRÔNICOS,Webcam Full HD,1,285.32,"R$ 26,25",entregue,07/07/2024
PED-04503,2024-05-28,CLI-0518,site,Recife,PE,Moda,Boné Aba Curva,2,113.17,"R$ 30,61",entregue,2024-06-07
PED-02536,07/05/2024,CLI-1157,marketplace,Campinas,SP,Casa & Decoração,Vaso Decorativo Cerâmica,1,72.85,"R$ 20,40",devolvido,15/05/2024
PED-00495,2024-09-26,CLI-0742,site,Rio de Janeiro,RJ,Eletrônicos,Fone Bluetooth TWS,2,264.82,"R$ 0,00",entregue,2024-10-03
PED-02691,2024-12-10,CLI-0426,app,Rio de Janeiro,RJ,Esporte,Halter Emborrachado 5kg,3,71.79,"R$ 18,94",Devolvido,2024-12-21
PED-03300,2023-01-31,CLI-1259,app,São Paulo,SP,Moda,Boné Aba Curva,4,45.37,"R$ 20,43",em transporte,
PED-04751,19/07/2023,CLI-0257,app,  Belo Horizonte ,MG,Moda,Jaqueta Jeans,2,221.03,"R$ 0,00",entregue,26/07/2023
PED-02029,2024-03-28,CLI-1110,site,Goiânia,GO,Moda,Camiseta Básica Algodão,4,90.11,"R$ 0,00",entregue,2024-04-13
PED-00776,2024-11-04,CLI-0212,marketplace,Porto Alegre,RS,Eletrônicos,Carregador Turbo 30W,3,118.3,"R$ 0,00",entregue,2024-11-15
PED-04795,2023-11-04,CLI-0675,site,São Paulo,SP,Moda,Jaqueta Jeans,2,166.49,"R$ 0,00",entregue,2023-11-08
PED-02897,21/12/2024,CLI-0862,site,Salvador,BA,Moda,Camiseta Básica Algodão,2,55.79,"R$ 30,91",entregue,01/01/2025
PED-01005,2024-06-07,CLI-0565,site,Belo Horizonte,MG,Beleza,Base Líquida Matte,1,141.98,"R$ 21,79",entregue,2024-06-11
PED-02252,2024-09-15,CLI-0176,app,São Paulo,SP,Eletrônicos,Caixa de Som Portátil,2,471.46,"R$ 0,00",entregue,2024-09-26
PED-04671,2023-06-12,CLI-0590,site,Campinas,SP,Beleza,Kit Skincare Facial,1,137.21,"R$ 16,02",entregue,2023-06-15
PED-00412,2024-06-20,CLI-0175,marketplace,SALVADOR,BA,Moda,Jaqueta Jeans,3,258.41,"R$ 0,00",entregue,2024-06-28
PED-00259,2023-03-17,CLI-0259,app,Campinas,SP,Casa & Decoração,Jogo de Toalhas 4 peças,2,151.44,"R$ 0,00",entregue,2023-03-29
PED-00901,07/02/2024,CLI-0354,marketplace,goiânia,GO,Eletrônicos,Fone Bluetooth TWS,2,366.64,"R$ 0,00",entregue,24/02/2024
PED-03679,05/10/2023,CLI-0016,app,Rio de Janeiro,RJ,Moda,"Mochila Notebook 15""",3,132.39,"R$ 0,00",entregue,09/10/2023
PED-04437,2024-10-23,CLI-1261,app,Porto Alegre,RS,Beleza,Perfume Importado 100ml,2,313.09,"R$ 0,00",entregue,2024-11-04
PED-01607,2024-12-16,CLI-1318,app,Salvador,BA,ELETRÔNICOS,Fone Bluetooth TWS,3,163.51,"R$ 0,00",em transporte,
PED-03905,2023-12-03,CLI-0754,app,Porto Alegre,RS,Beleza,Secador de Cabelo 2000W,3,313.22,"R$ 0,00",entregue,2023-12-16
PED-01665,2024-11-27,CLI-1333,app,São Paulo,SP,Eletrônicos,Smartwatch Fit,1,388.38,"R$ 0,00",entregue,2024-12-08
PED-01524,2024-09-08,CLI-0239,app,Porto Alegre,RS,Beleza,Kit Skincare Facial,1,126.24,"R$ 25,72",entregue,2024-09-25
PED-01416,01/10/2024,CLI-0673,site,Curitiba,PR,Esporte,Camiseta Dry Fit,2,76.53,"R$ 28,73",entregue,15/10/2024
PED-01470,2023-06-23,CLI-0074,site,São Paulo,SP,Moda,Jaqueta Jeans,2,169.45,"R$ 0,00",entregue,2023-07-06
PED-00792,2023-12-25,CLI-1190,site,Rio de Janeiro,RJ,Esporte,Garrafa Térmica 1L,4,95.6,"R$ 0,00",entregue,2023-12-31
PED-00531,16/07/2024,CLI-1103,app,CAMPINAS,SP,Eletrônicos,Smartwatch Fit,1,330.36,"R$ 0,00",entregue,23/07/2024
PED-00898,25/07/2023,CLI-0724,site,Fortaleza,CE,moda,Tênis Casual Masculino,1,188.89,"R$ 36,10",entregue,11/08/2023
PED-02355,02/01/2024,CLI-0198,app,São Paulo,SP,Beleza,Secador de Cabelo 2000W,2,351.22,"R$ 0,00",entregue,05/01/2024
PED-03290,08/01/2024,CLI-0261,app,São Paulo,SP,Casa & Decoração,Luminária de Mesa LED,2,205.2,"R$ 0,00",entregue,17/01/2024
PED-04775,2023-01-07,CLI-0118,site,Campinas,SP,Eletrônicos,Caixa de Som Portátil,2,195.36,"R$ 0,00",entregue,2023-01-12
PED-04697,17/12/2023,CLI-0225,site,Curitiba,PR,Moda,Tênis Casual Masculino,1,268.75,"R$ 22,52",entregue,30/12/2023
PED-00966,2024-02-19,CLI-0803,app,Belo Horizonte,MG,Beleza,Base Líquida Matte,2,93.64,"R$ 19,32",entregue,2024-03-02
PED-02515,24/08/2023,CLI-0984,site,Salvador,BA,Eletrônicos,Smartwatch Fit,2,893.36,"R$ 0,00",entregue,03/09/2023
PED-00834,2024-07-09,CLI-0135,app,Salvador,BA,Eletrônicos,Caixa de Som Portátil,2,254.08,"R$ 0,00",devolvido,2024-07-20
PED-04263,10/10/2023,CLI-1163,marketplace,  São Paulo ,SP,Moda,"Mochila Notebook 15""",2,290.63,"R$ 0,00",entregue,15/10/2023
PED-01396,2023-06-10,CLI-0812,app,Ribeirão Preto,SP,Moda,"Mochila Notebook 15""",4,131.25,"R$ 0,00",ENTREGUE,2023-06-19
PED-02689,2023-09-14,CLI-0667,app,  Belo Horizonte ,MG,Beleza,Kit Skincare Facial,1,236.15,"R$ 17,08",entregue,2023-09-18
PED-01434,2023-06-12,CLI-0047,site,Belo Horizonte,MG,Moda,Jaqueta Jeans,3,176.38,"R$ 0,00",entregue,2023-06-22
PED-00791,2023-08-08,CLI-0650,site,curitiba,PR,Moda,Jaqueta Jeans,1,211.04,"R$ 21,90",entregue,2023-08-24
PED-01785,2023-09-06,CLI-1299,marketplace,  Rio de Janeiro ,RJ,Casa & Decoração,Vaso Decorativo Cerâmica,4,171.58,"R$ 0,00",em transporte,
PED-02599,2024-12-07,CLI-0354,site,Belo Horizonte,MG,Eletrônicos,Smartwatch Fit,2,796.11,"R$ 0,00",em transporte,
PED-00781,2023-09-14,CLI-0269,site,SÃO PAULO,,Moda,"Mochila Notebook 15""",2,166.31,"R$ 0,00",em transporte,
PED-04251,2023-11-16,CLI-1243,app,Belo Horizonte,MG,Beleza,Base Líquida Matte,3,96.02,"R$ 20,16",EM TRANSPORTE,
PED-01180,2023-07-31,CLI-1270,app,Recife,PE,Moda,Boné Aba Curva,2,54.79,"R$ 31,53",devolvido,2023-08-08
PED-01109,2024-12-31,CLI-0405,site,Rio de Janeiro,RJ,BELEZA,Base Líquida Matte,2,91.75,"R$ 18,58",entregue,2025-01-07
PED-02200,29/06/2024,CLI-0343,app,Belo Horizonte,MG,Esporte,Camiseta Dry Fit,1,79.57,"R$ 19,27",entregue,03/07/2024
PED-02852,2024-01-06,CLI-0146,site,Fortaleza,CE,Moda,Jaqueta Jeans,1,157.05,"R$ 34,51",entregue,2024-01-17
PED-03471,2024-01-12,CLI-0167,app,Curitiba,PR,Moda,"Mochila Notebook 15""",2,318.03,"R$ 0,00",entregue,2024-01-22
PED-01145,2023-12-27,CLI-1145,app,Rio de Janeiro,RJ,Casa & Decoração,Quadro Decorativo Abstrato,1,63.89,"R$ 20,03",entregue,2024-01-10
PED-03742,2023-07-12,CLI-0309,site,Ribeirão Preto,SP,Esporte,Tapete de Yoga 6mm,1,190.52,"R$ 16,07",entregue,2023-07-24
PED-00133,04/05/2024,CLI-1144,site,Goiania,GO,Casa & Decoração,Luminária de Mesa LED,1,85.27,"R$ 30,30",ENTREGUE,13/05/2024
PED-02477,2023-05-29,CLI-0587,app,Belo Horizonte,MG,Esporte,Halter Emborrachado 5kg,1,136.38,"R$ 18,37",cancelado,
PED-02436,2024-12-13,CLI-0037,app,Fortaleza,CE,Beleza,Kit Skincare Facial,-2,126.81,"R$ 32,68",entregue,2024-12-29
PED-04715,2024-04-24,CLI-0345,marketplace,Ribeirão Preto,SP,Casa & Decoração,"Tapete Sala 1,5m",2,138.93,"R$ 11,95",entregue,2024-05-01
PED-02914,06/07/2024,CLI-0598,site,Recife,PE,Eletrônicos,Carregador Turbo 30W,2,121.45,"R$ 37,74",entregue,24/07/2024
PED-04281,2023-01-09,CLI-1087,app,Belo Horizonte,MG,Moda,Tênis Casual Masculino,4,385.51,"R$ 0,00",entregue,2023-01-12
PED-01973,19/08/2024,CLI-0374,marketplace,Brasilia,DF,Eletrônicos,Fone Bluetooth TWS,2,398.71,"R$ 0,00",entregue,01/09/2024
PED-02418,26/03/2024,CLI-0636,site,Porto Alegre,RS,Beleza,Secador de Cabelo 2000W,1,337.1,"R$ 0,00",entregue,08/04/2024
PED-00608,04/05/2023,CLI-0518,site,São Paulo,SP,Moda,Jaqueta Jeans,3,181.3,"R$ 0,00",entregue,09/05/2023
PED-04809,10/01/2024,CLI-0317,site,porto alegre,RS,Beleza,Secador de Cabelo 2000W,4,189.0,"R$ 0,00",entregue,22/01/2024
PED-02868,2024-04-17,CLI-1326,site,São Paulo,SP,Eletrônicos,Caixa de Som Portátil,2,395.99,"R$ 0,00",entregue,2024-04-22
PED-02320,2024-11-28,CLI-1384,app,Sao Paulo,SP,Eletrônicos,Webcam Full HD,4,191.13,"R$ 0,00",entregue,2024-12-07
PED-03505,2024-08-08,CLI-1136,site,São Paulo,SP,Eletrônicos,Carregador Turbo 30W,3,123.02,"R$ 0,00",entregue,2024-08-15
PED-02881,2023-06-16,CLI-0075,app,Rio de Janeiro,RJ,Eletrônicos,Fone Bluetooth TWS,1,315.96,"R$ 0,00",entregue,2023-06-28
PED-04523,2024-09-16,CLI-0745,marketplace,recife,PE,Casa & Decoração,Jogo de Toalhas 4 peças,2,179.05,"R$ 0,00",entregue,2024-09-30
PED-00620,17/02/2023,CLI-1334,app,Fortaleza,,Esporte,Camiseta Dry Fit,3,77.37,"R$ 37,97",entregue,26/02/2023
PED-01016,01/07/2023,CLI-1277,site,salvador,BA,Eletrônicos,Webcam Full HD,3,388.63,"R$ 0,00",cancelado,
PED-02014,14/01/2024,CLI-0903,site,São Paulo,,Beleza,Perfume Importado 100ml,2,453.79,"R$ 0,00",cancelado,
PED-03560,2024-03-16,CLI-1376,site,Salvador,BA,Moda,"Mochila Notebook 15""",2,325.26,"R$ 0,00",entregue,2024-03-29
PED-00703,2023-06-10,CLI-0751,app,Belo Horizonte,MG,Eletrônicos,Webcam Full HD,1,255.67,"R$ 19,54",devolvido,2023-06-17
PED-01552,2024-01-12,CLI-1342,marketplace,Rio de Janeiro,RJ,Casa & Decoração,Quadro Decorativo Abstrato,2,73.14,"R$ 18,55",devolvido,2024-01-26
PED-01297,2023-04-15,CLI-1104,app,FORTALEZA,CE,Beleza,Kit Skincare Facial,3,272.31,"R$ 0,00",entregue,2023-04-25
PED-01953,2024-09-09,CLI-0682,site,Salvador,BA,Eletrônicos,Fone Bluetooth TWS,1,213.68,"R$ 28,76",entregue,2024-09-16
PED-02828,11/08/2023,CLI-0070,site,Belo Horizonte,MG,Beleza,Perfume Importado 100ml,2,634.02,"R$ 0,00",entregue,23/08/2023
PED-03439,2023-01-09,CLI-1048,site,São Paulo,SP,Eletrônicos,Carregador Turbo 30W,1,101.44,"R$ 14,03",entregue,2023-01-23
PED-02724,2023-12-23,CLI-0937,app,São Paulo,SP,Moda,"Mochila Notebook 15""",4,230.2,"R$ 0,00",entregue,2023-12-30
PED-00422,2023-02-11,CLI-0760,app,Salvador,BA,Eletrônicos,Smartwatch Fit,2,444.63,"R$ 0,00",em transporte,
PED-02364,2024-11-16,CLI-1389,app,são paulo,SP,MODA,Boné Aba Curva,3,84.05,"R$ 14,54",entregue,2024-11-26
PED-04107,2024-08-03,CLI-1074,marketplace,Fortaleza,CE,Casa & Decoração,Quadro Decorativo Abstrato,2,126.19,"R$ 34,21",entregue,2024-08-21
PED-04688,2024-01-24,CLI-1308,site,Rio de Janeiro,RJ,Casa & Decoração,Jogo de Toalhas 4 peças,1,198.84,"R$ 20,38",cancelado,
PED-01488,2024-02-07,CLI-0415,marketplace,RIO DE JANEIRO,RJ,Eletrônicos,Caixa de Som Portátil,1,419.67,"R$ 0,00",entregue,2024-02-12
PED-03066,2024-01-18,CLI-1125,marketplace,Salvador,BA,Casa & Decoração,Jogo de Toalhas 4 peças,1,190.93,"R$ 32,14",entregue,2024-01-29
PED-00611,2024-04-14,CLI-0789,app,Recife,PE,Beleza,Base Líquida Matte,1,55.95,"R$ 27,22",entregue,2024-04-21
PED-03363,2024-05-07,CLI-0421,site,Porto Alegre,RS,Beleza,Secador de Cabelo 2000W,2,174.99,"R$ 0,00",entregue,2024-05-15
PED-02086,2023-09-22,CLI-1312,app,Recife,PE,Esporte,Garrafa Térmica 1L,4,75.55,"R$ 0,00",entregue,2023-10-03
PED-00475,2023-10-05,CLI-0568,marketplace,Rio de Janeiro,RJ,Casa & Decoração,Jogo de Toalhas 4 peças,2,195.65,"R$ 0,00",entregue,2023-10-09
PED-00560,29/02/2024,CLI-0081,app,  Campinas ,SP,Casa & Decoração,Luminária de Mesa LED,1,190.58,"R$ 19,10",entregue,12/03/2024
PED-03970,2023-05-29,CLI-0130,site,SÃO PAULO,SP,Moda,"Mochila Notebook 15""",2,289.01,"R$ 0,00",entregue,2023-06-08
PED-02298,2023-02-20,CLI-0547,app,São Paulo,SP,Moda,Camiseta Básica Algodão,2,54.87,"R$ 10,74",entregue,2023-02-23
PED-02953,2023-06-02,CLI-0912,site,São Paulo,SP,Moda,"Mochila Notebook 15""",3,303.26,"R$ 0,00",cancelado,
PED-01924,2023-11-25,CLI-0742,site,Recife,PE,MODA,Camiseta Básica Algodão,1,-44.24,"R$ 30,55",entregue,2023-12-06
PED-03580,2023-03-24,CLI-0255,marketplace,Porto Alegre,RS,Eletrônicos,Webcam Full HD,2,382.69,"R$ 0,00",entregue,2023-04-07
PED-01981,07/11/2024,CLI-1357,app,  Recife ,,Moda,Tênis Casual Masculino,1,400.99,"R$ 0,00",em transporte,
PED-01580,2024-11-11,CLI-1015,app,São Paulo,SP,Beleza,Kit Skincare Facial,1,142.06,"R$ 9,30",cancelado,
PED-02682,2024-11-04,CLI-0893,app,São Paulo,SP,Eletrônicos,Webcam Full HD,1,,"R$ 19,34",entregue,2024-11-07
PED-01988,2024-07-20,CLI-1098,app,Curitiba,PR,Moda,Jaqueta Jeans,2,281.96,"R$ 0,00",entregue,2024-08-05
PED-02193,2024-08-10,CLI-0380,site,SALVADOR,BA,Eletrônicos,Caixa de Som Portátil,2,510.37,"R$ 0,00",entregue,2024-08-22
PED-04244,2024-03-12,CLI-0691,app,Fortaleza,CE,Esporte,Camiseta Dry Fit,3,114.09,"R$ 0,00",devolvido,2024-03-26
PED-00509,2024-03-01,CLI-0384,site,Recife,PE,Casa & Decoração,Vaso Decorativo Cerâmica,3,87.36,"R$ 26,03",entregue,2024-03-11
PED-04579,2024-02-25,CLI-0032,site,Brasília,DF,Moda,Boné Aba Curva,2,69.97,"R$ 18,57",cancelado,
PED-04127,2024-03-19,CLI-1142,app,  Rio de Janeiro ,RJ,eletronicos,Caixa de Som Portátil,2,328.75,"R$ 0,00",entregue,2024-03-28
PED-02431,2024-10-22,CLI-0261,site,Fortaleza,CE,Casa & Decoração,"Tapete Sala 1,5m",2,258.06,"R$ 0,00",Entregue,2024-11-09
PED-04660,10/06/2023,CLI-0603,app,São Paulo,SP,Beleza,Kit Skincare Facial,1,146.49,"R$ 15,14",entregue,16/06/2023
PED-03192,2023-01-31,CLI-0397,app,Rio de Janeiro,RJ,Beleza,Perfume Importado 100ml,1,484.04,"R$ 0,00",entregue,2023-02-14
PED-01500,2024-06-29,CLI-0559,app,campinas,SP,Esporte,Garrafa Térmica 1L,4,62.9,"R$ 13,88",entregue,2024-07-04
PED-02907,2024-12-18,CLI-0951,marketplace,Rio de Janeiro,RJ,Moda,Jaqueta Jeans,1,326.24,"R$ 0,00",cancelado,
PED-01140,2024-07-06,CLI-1397,site,campinas,SP,Eletrônicos,Caixa de Som Portátil,2,313.99,"R$ 0,00",cancelado,
PED-03612,10/11/2023,CLI-1364,site,Rio de Janeiro,RJ,Esporte,Camiseta Dry Fit,1,101.32,"R$ 20,95",entregue,22/11/2023
PED-04918,02/07/2024,CLI-1298,site,Fortaleza,CE,Beleza,Kit Skincare Facial,2,184.07,"R$ 0,00",entregue,15/07/2024
PED-03443,2023-02-17,CLI-0775,site,Salvador,BA,Eletrônicos,Smartwatch Fit,1,321.55,"R$ 0,00",entregue,2023-03-07
PED-02802,2024-02-28,CLI-1160,site,São Paulo,SP,Esporte,Tapete de Yoga 6mm,2,155.19,"R$ 0,00",entregue,2024-03-07
PED-01306,2024-12-01,CLI-1194,site,são paulo,SP,Moda,Boné Aba Curva,1,112.86,"R$ 16,69",em transporte,
PED-03199,2023-06-09,CLI-0577,site,Porto Alegre,RS,Moda,Jaqueta Jeans,1,256.09,"R$ 25,16",entregue,2023-06-26
PED-01928,2024-08-02,CLI-0777,app,Rio de Janeiro,RJ,Moda,"Mochila Notebook 15""",1,155.71,"R$ 19,45",em transporte,
PED-01458,11/01/2024,CLI-0264,app,,SP,Moda,Jaqueta Jeans,1,183.68,"R$ 17,89",entregue,21/01/2024
PED-03473,13/04/2024,CLI-0286,site,São Paulo,SP,Eletrônicos,Caixa de Som Portátil,1,314.64,"R$ 0,00",em transporte,
PED-00770,30/05/2024,CLI-0992,app,Salvador,BA,MODA,Boné Aba Curva,4,47.68,"R$ 26,48",devolvido,16/06/2024
PED-01991,08/04/2023,CLI-1321,app,RIBEIRÃO PRETO,SP,Moda,"Mochila Notebook 15""",1,145.62,"R$ 12,87",entregue,11/04/2023
PED-02346,2023-03-17,CLI-1040,site,Fortaleza,CE,Eletrônicos,Webcam Full HD,1,203.9,"R$ 32,53",entregue,2023-03-27
PED-01303,2024-09-04,CLI-1208,site,Recife,PE,Eletrônicos,Carregador Turbo 30W,1,60.86,"R$ 28,02",Em transporte,
PED-03307,2023-03-12,CLI-0818,marketplace,Rio de Janeiro,RJ,Eletrônicos,Smartwatch Fit,2,454.01,"R$ 0,00",entregue,2023-03-22
PED-00219,2024-12-01,CLI-1124,site,São Paulo,SP,Casa & Decoração,Luminária de Mesa LED,1,191.66,"R$ 17,94",Entregue,2024-12-14
PED-01134,2024-08-15,CLI-1190,app,Porto Alegre,RS,Eletrônicos,Caixa de Som Portátil,3,454.55,"R$ 0,00",entregue,2024-08-22
PED-00005,14/04/2023,CLI-0658,app,Rio de Janeiro,RJ,Esporte,Corda de Pular Speed,3,58.56,"R$ 18,90",entregue,28/04/2023
PED-00439,2024-08-28,CLI-0577,site,BELO HORIZONTE,MG,Moda,Tênis Casual Masculino,4,363.64,"R$ 0,00",em transporte,
PED-01670,09/11/2024,CLI-0453,app,Salvador,BA,Casa & Decoração,Jogo de Toalhas 4 peças,2,137.29,"R$ 32,56",cancelado,
PED-00250,01/01/2024,CLI-0191,app,Curitiba,PR,Eletrônicos,Carregador Turbo 30W,1,84.57,"R$ 25,89",entregue,12/01/2024
PED-03228,2023-07-18,CLI-0170,app,CURITIBA,PR,Eletrônicos,Smartwatch Fit,1,392.0,"R$ 0,00",ENTREGUE,2023-08-01
PED-03191,18/07/2023,CLI-0826,marketplace,Belo Horizonte,MG,Esporte,Halter Emborrachado 5kg,3,-77.7,"R$ 18,66",entregue,25/07/2023
PED-04631,2023-10-01,CLI-0316,site,Salvador,BA,moda,Boné Aba Curva,2,66.66,"R$ 31,05",entregue,2023-10-10
PED-00102,2024-07-25,CLI-0374,site,Fortaleza,CE,Beleza,Base Líquida Matte,1,69.62,"R$ 28,03",entregue,2024-08-01
PED-02485,2024-10-14,CLI-0224,app,Salvador,BA,Casa & Decoração,Jogo de Toalhas 4 peças,4,145.54,"R$ 0,00",entregue,2024-10-21
PED-03140,2023-12-04,CLI-0712,site,rio de janeiro,RJ,casa & decoracao,Luminária de Mesa LED,4,155.77,"R$ 0,00",entregue,2023-12-16
PED-00610,2024-01-13,CLI-0222,site,São Paulo,SP,Casa & Decoração,Jogo de Toalhas 4 peças,2,221.62,"R$ 0,00",devolvido,2024-01-16
PED-03686,2023-04-15,CLI-1187,app,Recife,PE,Casa & Decoração,"Tapete Sala 1,5m",3,274.51,"R$ 0,00",em transporte,
PED-01310,08/12/2024,CLI-0044,site,Ribeirão Preto,SP,Eletrônicos,Smartwatch Fit,2,732.72,"R$ 0,00",entregue,22/12/2024
PED-01155,2024-03-31,CLI-0692,app,Curitiba,PR,Eletrônicos,Webcam Full HD,2,187.35,"R$ 0,00",entregue,2024-04-13
PED-04652,2024-10-06,CLI-0577,marketplace,Porto Alegre,RS,Beleza,Kit Skincare Facial,4,280.52,"R$ 0,00",entregue,2024-10-23
PED-01489,2024-11-20,CLI-0302,site,São Paulo,SP,Eletrônicos,Smartwatch Fit,4,539.42,"R$ 0,00",entregue,2024-12-04
PED-04989,2024-11-28,CLI-0459,site,Rio de Janeiro,RJ,Casa & Decoração,Vaso Decorativo Cerâmica,3,63.35,"R$ 22,16",em transporte,
PED-00735,2023-03-11,CLI-0957,app,Salvador,BA,Eletrônicos,Smartwatch Fit,1,690.82,"R$ 0,00",entregue,2023-03-29
PED-02968,2023-10-10,CLI-0755,app,Curitiba,PR,eletronicos,Carregador Turbo 30W,1,,"R$ 19,57",entregue,2023-10-18
PED-01782,2024-10-02,CLI-0903,site,Rio de Janeiro,RJ,Casa & Decoração,Vaso Decorativo Cerâmica,2,158.26,"R$ 0,00",entregue,2024-10-14
PED-04230,2023-09-15,CLI-1049,app,Goiânia,GO,Eletrônicos,Caixa de Som Portátil,2,519.22,"R$ 0,00",cancelado,
PED-00468,2024-12-06,CLI-1252,site,Campinas,SP,Moda,Camiseta Básica Algodão,2,67.61,"R$ 15,06",entregue,2024-12-14
PED-03949,2024-11-12,CLI-0081,marketplace,Rio de Janeiro,RJ,Moda,Camiseta Básica Algodão,4,85.81,"R$ 0,00",entregue,2024-11-21
PED-03712,2024-09-06,CLI-1040,marketplace,Brasília,DF,Casa & Decoração,Vaso Decorativo Cerâmica,4,97.08,"R$ 0,00",entregue,2024-09-24
PED-03468,2023-10-25,CLI-0415,site,Belo Horizonte,MG,Casa & Decoração,"Tapete Sala 1,5m",1,149.31,"R$ 15,66",entregue,2023-11-04
PED-03064,2024-11-15,CLI-0581,app,Campinas,SP,Moda,Camiseta Básica Algodão,2,70.87,"R$ 13,65",entregue,2024-11-18
PED-04833,2024-07-13,CLI-0141,site,Recife,PE,Moda,Boné Aba Curva,1,95.96,"R$ 36,49",devolvido,2024-07-28
PED-04547,2024-12-23,CLI-1191,site,São Paulo,SP,Moda,Boné Aba Curva,1,83.27,"R$ 16,39",entregue,2024-12-31
PED-04033,2024-06-13,CLI-1367,marketplace,rio de janeiro,RJ,Beleza,Kit Skincare Facial,1,288.43,"R$ 20,75",entregue,2024-06-18
PED-01111,2023-06-08,CLI-1204,site,SALVADOR,BA,Esporte,Halter Emborrachado 5kg,1,156.58,"R$ 30,09",entregue,2023-06-15
PED-02018,06/02/2023,CLI-0681,app,Belo Horizonte,MG,Eletrônicos,Smartwatch Fit,1,628.47,"R$ 0,00",ENTREGUE,17/02/2023
PED-00586,06/06/2024,CLI-0192,site,ribeirão preto,SP,Casa & Decoração,Luminária de Mesa LED,3,119.57,"R$ 0,00",entregue,14/06/2024
PED-03624,27/10/2024,CLI-1278,marketplace,São Paulo,SP,eletronicos,Carregador Turbo 30W,4,93.23,"R$ 0,00",entregue,30/10/2024
PED-03294,2024-02-27,CLI-0518,site,Porto Alegre,RS,Esporte,Tapete de Yoga 6mm,1,147.33,"R$ 24,06",entregue,2024-03-10
PED-02719,2023-01-14,CLI-0829,marketplace,Rio de Janeiro,RJ,Moda,Boné Aba Curva,2,103.04,"R$ 16,69",entregue,2023-01-18
PED-01806,2024-07-13,CLI-1168,site,rio de janeiro,RJ,Moda,Camiseta Básica Algodão,3,76.37,"R$ 16,23",entregue,2024-07-20
PED-04884,2023-11-16,CLI-1348,marketplace,Fortaleza,CE,Beleza,Secador de Cabelo 2000W,4,233.52,"R$ 0,00",entregue,2023-11-30
PED-00677,2024-11-26,CLI-0389,marketplace,Rio de Janeiro,RJ,casa & decoracao,"Tapete Sala 1,5m",1,353.21,"R$ 0,00",entregue,2024-12-03
PED-03270,2023-05-27,CLI-0135,marketplace,Belo Horizonte,MG,Beleza,Secador de Cabelo 2000W,2,349.15,"R$ 0,00",entregue,2023-06-03
PED-03055,26/05/2024,CLI-0863,site,Porto Alegre,RS,Eletrônicos,Fone Bluetooth TWS,2,236.07,"R$ 0,00",ENTREGUE,04/06/2024
PED-04370,06/01/2024,CLI-1011,marketplace,Rio de Janeiro,RJ,Eletrônicos,Webcam Full HD,3,268.15,"R$ 0,00",entregue,11/01/2024
PED-03298,03/03/2024,CLI-1110,app,Campinas,SP,Esporte,Garrafa Térmica 1L,2,114.07,"R$ 17,14",entregue,11/03/2024
PED-00757,11/11/2023,CLI-0819,app,Brasília,DF,Beleza,Kit Skincare Facial,3,112.16,"R$ 0,00",entregue,28/11/2023
PED-03600,12/01/2024,CLI-0577,app,Ribeirão Preto,SP,Eletrônicos,Smartwatch Fit,4,425.34,"R$ 0,00",entregue,16/01/2024
PED-03542,2024-04-07,CLI-0456,marketplace,Recife,PE,Beleza,Kit Skincare Facial,1,188.72,"R$ 31,43",entregue,2024-04-14
PED-02750,2023-02-08,CLI-0339,site,Belo Horizonte,MG,Moda,Camiseta Básica Algodão,2,88.04,"R$ 24,97",entregue,2023-02-18
PED-00285,2024-04-28,CLI-1204,site,rio de janeiro,RJ,Eletrônicos,Fone Bluetooth TWS,3,154.63,"R$ 0,00",entregue,2024-05-01
PED-02164,2024-01-01,CLI-1015,site,Porto Alegre,RS,Eletrônicos,Carregador Turbo 30W,1,112.48,"R$ 24,15",entregue,2024-01-09
PED-03810,2024-10-03,CLI-0554,site,Sao Paulo,SP,Casa & Decoração,Luminária de Mesa LED,3,148.43,"R$ 0,00",cancelado,
PED-00043,25/07/2024,CLI-0352,app,São Paulo,SP,Eletrônicos,Webcam Full HD,1,258.16,"R$ 16,35",entregue,01/08/2024
PED-03235,2023-06-18,CLI-1349,site,Campinas,SP,Beleza,Kit Skincare Facial,1,260.1,"R$ 15,22",em transporte,
PED-00636,30/04/2023,CLI-0290,marketplace,São Paulo,,Esporte,Halter Emborrachado 5kg,1,124.94,"R$ 12,53",entregue,05/05/2023
PED-00431,01/12/2024,CLI-0938,app,Belo Horizonte,MG,Eletrônicos,Smartwatch Fit,1,390.53,"R$ 0,00",entregue,10/12/2024
PED-00081,2024-06-30,CLI-0692,site,Salvador,BA,Casa & Decoração,Vaso Decorativo Cerâmica,1,103.85,"R$ 30,05",Entregue,2024-07-17
PED-02314,04/07/2023,CLI-0159,marketplace,Curitiba,,Esporte,Corda de Pular Speed,1,79.69,"R$ 21,05",entregue,18/07/2023
PED-04449,2024-04-15,CLI-0405,site,Rio de Janeiro,RJ,Esporte,Halter Emborrachado 5kg,3,113.03,"R$ 0,00",entregue,2024-04-29
PED-04700,2024-09-18,CLI-0073,marketplace,SÃO PAULO,SP,Casa & Decoração,Jogo de Toalhas 4 peças,1,124.02,"R$ 12,11",Entregue,2024-09-24
PED-00194,2024-10-24,CLI-1142,app,Recife,PE,MODA,"Mochila Notebook 15""",4,148.39,"R$ 0,00",entregue,2024-11-04
PED-04311,2024-03-20,CLI-1307,app,Curitiba,PR,Eletrônicos,Fone Bluetooth TWS,3,218.24,"R$ 0,00",entregue,2024-04-06
PED-02884,2023-11-10,CLI-0073,marketplace,Curitiba,PR,Beleza,Base Líquida Matte,4,55.85,"R$ 24,38",entregue,2023-11-22
PED-00783,2024-01-25,CLI-0411,site,São Paulo,SP,Moda,Jaqueta Jeans,4,241.64,"R$ 0,00",em transporte,
PED-03830,01/06/2024,CLI-0629,site,belo horizonte,MG,Esporte,Tapete de Yoga 6mm,2,94.73,"R$ 14,91",entregue,04/06/2024
PED-03175,2024-07-10,CLI-1338,site,Recife,PE,Beleza,Kit Skincare Facial,1,267.77,"R$ 23,61",entregue,2024-07-19
PED-00138,2024-02-19,CLI-0352,site,FORTALEZA,,MODA,Camiseta Básica Algodão,3,78.14,"R$ 36,00",entregue,2024-03-02
PED-04561,2024-12-27,CLI-0463,site,Brasília,DF,BELEZA,Secador de Cabelo 2000W,1,217.19,"R$ 21,03",entregue,2025-01-06
PED-00734,2023-12-08,CLI-0581,site,Porto Alegre,RS,Eletrônicos,Caixa de Som Portátil,2,548.0,"R$ 0,00",entregue,2023-12-18
PED-02690,2024-03-13,CLI-0853,site,  Brasília ,DF,Beleza,Base Líquida Matte,1,141.95,"R$ 20,92",entregue,2024-03-27
PED-02760,2024-03-24,CLI-0563,app,Belo Horizonte,MG,Moda,Boné Aba Curva,2,99.41,"R$ 18,58",entregue,2024-04-04
PED-00947,2024-08-02,CLI-1206,marketplace,Rio de Janeiro,RJ,Moda,Boné Aba Curva,2,116.55,"R$ 25,93",entregue,2024-08-12
PED-00736,2024-07-24,CLI-0487,site,Brasília,DF,Esporte,Camiseta Dry Fit,4,126.38,"R$ 0,00",entregue,2024-08-04
PED-02860,2024-01-28,CLI-1305,site,São Paulo,SP,Eletrônicos,Fone Bluetooth TWS,4,228.15,"R$ 0,00",entregue,2024-02-01
PED-02676,2024-03-06,CLI-0473,site,São Paulo,SP,Casa & Decoração,Quadro Decorativo Abstrato,2,197.62,"R$ 0,00",entregue,2024-03-18
PED-03591,07/10/2024,CLI-0708,site,Belo Horizonte,MG,Eletrônicos,Webcam Full HD,3,308.49,"R$ 0,00",entregue,15/10/2024
PED-03299,2024-02-16,CLI-0912,app,Ribeirão Preto,SP,Moda,Jaqueta Jeans,2,197.79,"R$ 0,00",entregue,2024-02-26
PED-02171,2023-12-27,CLI-0261,app,Brasília,DF,Esporte,Garrafa Térmica 1L,1,59.78,"R$ 26,19",entregue,2024-01-07
PED-01694,2024-08-21,CLI-0352,app,Rio de Janeiro,RJ,Casa & Decoração,"Tapete Sala 1,5m",4,138.06,"R$ 0,00",ENTREGUE,2024-08-26
PED-02859,2024-08-30,CLI-1185,site,Porto Alegre,RS,Eletrônicos,Caixa de Som Portátil,1,205.33,"R$ 26,80",entregue,2024-09-17
PED-04444,25/11/2024,CLI-0335,app,Belo Horizonte,MG,Moda,Camiseta Básica Algodão,3,95.64,"R$ 20,06",entregue,03/12/2024
PED-04410,2023-06-17,CLI-0952,app,CURITIBA,PR,Casa & Decoração,Vaso Decorativo Cerâmica,1,101.48,"R$ 22,26",entregue,2023-06-24
PED-04204,2024-05-26,CLI-0593,site,Salvador,,Moda,Camiseta Básica Algodão,2,74.83,"R$ 26,33",entregue,2024-06-13
PED-01406,2023-10-12,CLI-0652,site,São Paulo,SP,Eletrônicos,Smartwatch Fit,4,332.11,"R$ 0,00",entregue,2023-10-16
PED-01754,2024-10-12,CLI-1377,app,  São Paulo ,SP,Casa & Decoração,Luminária de Mesa LED,4,209.98,"R$ 0,00",Em transporte,
PED-01675,2024-09-21,CLI-0989,site,São Paulo,SP,Esporte,Corda de Pular Speed,2,84.3,"R$ 16,72",entregue,2024-10-03
PED-03126,2023-07-16,CLI-0996,site,Campinas,SP,Moda,Tênis Casual Masculino,3,334.29,"R$ 0,00",entregue,2023-07-22
PED-01295,18/11/2023,CLI-1138,site,São Paulo,SP,Beleza,Perfume Importado 100ml,2,613.2,"R$ 0,00",entregue,29/11/2023
PED-03899,2023-05-21,CLI-0736,marketplace,Recife,PE,Moda,Camiseta Básica Algodão,3,66.5,"R$ 34,12",entregue,2023-05-28
PED-03540,27/10/2023,CLI-1136,site,Belo Horizonte,MG,Casa & Decoração,Luminária de Mesa LED,2,208.85,"R$ 0,00",entregue,03/11/2023
PED-04425,12/05/2024,CLI-1142,site,Curitiba,PR,Beleza,Base Líquida Matte,2,91.93,"R$ 26,21",entregue,20/05/2024
PED-00106,2024-08-07,CLI-0121,marketplace,Campinas,SP,Eletrônicos,Carregador Turbo 30W,3,65.67,"R$ 18,25",entregue,2024-08-17
PED-03488,2024-08-29,CLI-0390,app,SALVADOR,BA,Eletrônicos,Caixa de Som Portátil,1,244.55,"R$ 23,89",entregue,2024-09-05
PED-02230,22/06/2024,CLI-0926,site,São Paulo,SP,Eletrônicos,Smartwatch Fit,1,326.35,"R$ 0,00",entregue,06/07/2024
PED-04344,2023-08-26,CLI-1139,app,Belo Horizonte,MG,Eletrônicos,Carregador Turbo 30W,2,126.75,"R$ 16,11",entregue,2023-09-01
PED-00875,2024-08-08,CLI-0532,app,Salvador,BA,Eletrônicos,Caixa de Som Portátil,1,258.56,"R$ 30,83",entregue,2024-08-24
PED-04937,2023-11-27,CLI-0453,marketplace,Rio de Janeiro,RJ,Eletrônicos,Fone Bluetooth TWS,4,353.04,"R$ 0,00",cancelado,
PED-02174,2023-06-06,CLI-0814,app,Rio de Janeiro,RJ,Eletrônicos,Carregador Turbo 30W,1,102.26,"R$ 16,85",entregue,2023-06-14
PED-03331,2024-12-08,CLI-0962,site,BELO HORIZONTE,MG,Moda,Camiseta Básica Algodão,1,48.69,"R$ 20,73",ENTREGUE,2024-12-14
PED-04827,02/07/2023,CLI-0095,app,Belo Horizonte,MG,Eletrônicos,Webcam Full HD,2,159.07,"R$ 0,00",ENTREGUE,14/07/2023
PED-02915,2024-01-27,CLI-0862,marketplace,Belo Horizonte,MG,Esporte,Camiseta Dry Fit,1,49.39,"R$ 22,79",em transporte,
PED-01899,2023-03-16,CLI-0856,app,São Paulo,SP,BELEZA,Secador de Cabelo 2000W,0,280.16,"R$ 0,00",entregue,2023-03-24
PED-01837,2023-01-01,CLI-0164,marketplace,Rio de Janeiro,RJ,Moda,Camiseta Básica Algodão,3,96.67,"R$ 18,05",cancelado,
PED-04473,2024-06-18,CLI-0712,marketplace,Belo Horizonte,MG,Casa & Decoração,Jogo de Toalhas 4 peças,4,172.77,"R$ 0,00",entregue,2024-06-24
PED-01078,26/02/2024,CLI-0318,site,Recife,PE,Eletrônicos,Carregador Turbo 30W,3,104.05,"R$ 0,00",entregue,11/03/2024
PED-02791,2024-10-27,CLI-1106,app,Belo Horizonte,MG,Casa & Decoração,Luminária de Mesa LED,3,92.67,"R$ 25,26",entregue,2024-11-03
PED-02062,2023-09-24,CLI-1212,app,São Paulo,SP,Eletrônicos,Carregador Turbo 30W,2,67.97,"R$ 17,93",devolvido,2023-09-30
PED-02728,2023-05-23,CLI-1397,app,Rio de Janeiro,RJ,Casa & Decoração,Vaso Decorativo Cerâmica,2,105.84,"R$ 21,06",em transporte,
PED-00680,28/11/2023,CLI-0617,app,  São Paulo ,SP,Esporte,Garrafa Térmica 1L,2,67.7,"R$ 13,77",cancelado,
PED-03708,2024-07-04,CLI-0465,app,Curitiba,PR,casa & decoracao,"Tapete Sala 1,5m",2,375.35,"R$ 0,00",entregue,2024-07-22
PED-03792,2023-11-08,CLI-0547,app,Rio de Janeiro,RJ,Casa & Decoração,"Tapete Sala 1,5m",1,306.47,"R$ 0,00",entregue,2023-11-14
PED-03202,29/11/2024,CLI-0615,site,Recife,PE,Eletrônicos,Webcam Full HD,1,326.59,"R$ 0,00",devolvido,09/12/2024
PED-00960,2024-03-27,CLI-0776,app,são paulo,SP,Beleza,Secador de Cabelo 2000W,1,177.28,"R$ 15,04",entregue,2024-04-04
PED-00471,19/12/2023,CLI-0375,app,Salvador,BA,Moda,Tênis Casual Masculino,4,316.63,"R$ 0,00",entregue,30/12/2023
PED-00622,2024-02-26,CLI-0986,app,São Paulo,SP,Beleza,Secador de Cabelo 2000W,1,339.26,"R$ 0,00",entregue,2024-03-07
PED-02697,2024-10-17,CLI-0073,marketplace,Porto Alegre,RS,Moda,Tênis Casual Masculino,3,410.69,"R$ 0,00",entregue,2024-10-28
PED-01718,2024-05-21,CLI-0926,site,SÃO PAULO,SP,Moda,Jaqueta Jeans,2,298.16,"R$ 0,00",entregue,2024-05-28
PED-02142,2024-01-08,CLI-0875,app,Brasília,DF,CASA & DECORAÇÃO,Vaso Decorativo Cerâmica,1,76.35,"R$ 27,70",em transporte,
PED-03365,2023-11-04,CLI-0861,site,Ribeirao Preto,SP,Esporte,Camiseta Dry Fit,2,53.49,"R$ 20,15",cancelado,
PED-03012,17/11/2024,CLI-1366,app,São Paulo,SP,Eletrônicos,Carregador Turbo 30W,1,119.7,"R$ 17,32",entregue,20/11/2024
PED-01522,2024-03-27,CLI-0065,marketplace,São Paulo,SP,Eletrônicos,Fone Bluetooth TWS,2,365.71,"R$ 0,00",entregue,2024-04-10
PED-01428,2023-03-28,CLI-0192,site,Porto Alegre,RS,Casa & Decoração,Vaso Decorativo Cerâmica,2,161.36,"R$ 0,00",entregue,2023-04-04
PED-04452,2024-12-20,CLI-0163,site,Rio de Janeiro,RJ,Casa & Decoração,"Tapete Sala 1,5m",3,391.58,"R$ 0,00",entregue,2024-12-30
PED-00272,2023-06-28,CLI-0603,app,Fortaleza,CE,Casa & Decoração,Quadro Decorativo Abstrato,1,151.94,"R$ 38,77",entregue,2023-07-08
PED-00100,2024-12-15,CLI-0753,site,SALVADOR,BA,Beleza,Perfume Importado 100ml,3,437.81,"R$ 0,00",entregue,2024-12-29
PED-02218,2024-12-02,CLI-0904,app,Curitiba,PR,Casa & Decoração,"Tapete Sala 1,5m",1,342.02,"R$ 0,00",entregue,2024-12-12
PED-02967,2023-11-06,CLI-1212,marketplace,  Porto Alegre ,RS,Beleza,Perfume Importado 100ml,1,256.05,"R$ 28,29",Em transporte,
PED-04975,2024-05-05,CLI-0896,site,Recife,PE,Casa & Decoração,"Tapete Sala 1,5m",2,273.91,"R$ 0,00",em transporte,
PED-03848,2024-07-29,CLI-0913,site,São Paulo,SP,Eletrônicos,Smartwatch Fit,1,396.32,"R$ 0,00",cancelado,
PED-01569,2024-02-14,CLI-1067,marketplace,Curitiba,PR,casa & decoracao,Vaso Decorativo Cerâmica,4,162.79,"R$ 0,00",entregue,2024-02-29
PED-01734,17/09/2023,CLI-1055,site,SÃO PAULO,SP,Moda,Tênis Casual Masculino,3,292.62,"R$ 0,00",cancelado,
PED-02043,2024-06-07,CLI-0288,site,Campinas,SP,Esporte,Tapete de Yoga 6mm,2,89.34,"R$ 11,80",entregue,2024-06-12
PED-03102,2023-07-18,CLI-0234,app,Campinas,SP,Moda,Tênis Casual Masculino,2,240.37,"R$ 0,00",entregue,2023-07-31
PED-03376,2023-12-31,CLI-0601,app,Fortaleza,,Casa & Decoração,Jogo de Toalhas 4 peças,4,192.61,"R$ 0,00",entregue,2024-01-10
PED-01666,2024-11-04,CLI-1013,site,Curitiba,PR,Casa & Decoração,Vaso Decorativo Cerâmica,2,115.36,"R$ 18,11",cancelado,
PED-01996,2024-09-03,CLI-0557,app,Brasília,DF,Moda,Camiseta Básica Algodão,1,94.14,"R$ 28,42",entregue,2024-09-18
PED-01583,2023-12-18,CLI-0798,site,Belo Horizonte,MG,Moda,Tênis Casual Masculino,3,400.5,"R$ 0,00",devolvido,2023-12-29
PED-02717,08/03/2024,CLI-0659,marketplace,São Paulo,SP,casa & decoracao,Quadro Decorativo Abstrato,3,120.86,"R$ 0,00",Entregue,21/03/2024
PED-02558,2023-09-21,CLI-0982,app,Brasilia,DF,Casa & Decoração,"Tapete Sala 1,5m",-1,380.35,"R$ 0,00",entregue,2023-09-29
PED-04695,17/12/2023,CLI-0994,app,São Paulo,SP,Beleza,Base Líquida Matte,3,77.57,"R$ 16,26",entregue,25/12/2023
PED-00248,24/12/2023,CLI-0373,app,Goiânia,GO,eletronicos,Smartwatch Fit,1,877.7,"R$ 0,00",entregue,08/01/2024
PED-00746,2024-02-26,CLI-0661,site,São Paulo,SP,Moda,Tênis Casual Masculino,1,162.59,"R$ 16,16",entregue,2024-03-05
PED-02748,2023-07-10,CLI-0231,marketplace,BRASÍLIA,DF,,Fone Bluetooth TWS,4,391.7,"R$ 0,00",entregue,2023-07-23
PED-01765,2023-05-09,CLI-0918,app,Belo Horizonte,MG,Beleza,Perfume Importado 100ml,4,366.98,"R$ 0,00",entregue,2023-05-21
PED-00428,2024-11-03,CLI-0674,site,Recife,PE,Moda,Jaqueta Jeans,1,207.75,"R$ 22,51",entregue,2024-11-11
PED-04468,2024-06-26,CLI-1357,site,Fortaleza,CE,Moda,Boné Aba Curva,1,78.07,"R$ 33,85",entregue,2024-07-07
PED-03800,2023-10-01,CLI-0525,marketplace,Campinas,SP,Moda,"Mochila Notebook 15""",3,278.04,"R$ 0,00",em transporte,
PED-01508,2024-01-30,CLI-0938,site,Recife,PE,Casa & Decoração,Jogo de Toalhas 4 peças,1,212.76,"R$ 31,28",entregue,2024-02-14
PED-00154,2024-04-15,CLI-0179,site,SALVADOR,BA,eletronicos,Fone Bluetooth TWS,1,294.06,"R$ 28,67",entregue,2024-04-24
PED-04761,2024-03-06,CLI-1131,app,  São Paulo ,SP,Eletrônicos,Carregador Turbo 30W,1,107.32,"R$ 11,71",entregue,2024-03-11
PED-04062,28/07/2024,CLI-1096,app,Salvador,BA,Casa & Decoração,Quadro Decorativo Abstrato,4,180.23,"R$ 0,00",em transporte,
PED-02408,2023-10-22,CLI-0261,site,Rio de Janeiro,RJ,Eletrônicos,Carregador Turbo 30W,1,,"R$ 19,10",em transporte,
PED-00011,2023-12-01,CLI-0691,site,Rio de Janeiro,RJ,eletronicos,Smartwatch Fit,1,313.65,"R$ 0,00",entregue,2023-12-13
PED-02045,23/12/2024,CLI-0548,site,São Paulo,SP,Eletrônicos,Carregador Turbo 30W,1,111.84,"R$ 20,42",em transporte,
PED-04636,2023-03-03,CLI-0987,app,Sao Paulo,SP,Esporte,Garrafa Térmica 1L,4,108.59,"R$ 0,00",entregue,2023-03-14
PED-00826,2023-01-21,CLI-0333,marketplace,São Paulo,SP,Casa & Decoração,Quadro Decorativo Abstrato,2,164.08,"R$ 0,00",em transporte,
PED-01364,2023-02-16,CLI-0794,site,RIO DE JANEIRO,RJ,Moda,"Mochila Notebook 15""",0,163.7,"R$ 21,58",entregue,2023-03-02
PED-00808,27/06/2023,CLI-0073,site,Recife,,Eletrônicos,Carregador Turbo 30W,1,110.63,"R$ 30,28",entregue,12/07/2023
PED-03025,2023-11-03,CLI-0029,site,São Paulo,SP,Eletrônicos,Carregador Turbo 30W,3,65.52,"R$ 12,73",em transporte,
PED-04075,03/02/2023,CLI-0029,marketplace,PORTO ALEGRE,RS,Moda,Tênis Casual Masculino,1,202.76,"R$ 25,21",entregue,12/02/2023
PED-04654,13/05/2023,CLI-0146,site,RIO DE JANEIRO,RJ,Casa & Decoração,Jogo de Toalhas 4 peças,3,144.66,"R$ 0,00",em transporte,
PED-00922,2024-11-02,CLI-1300,site,Ribeirão Preto,SP,Moda,Jaqueta Jeans,3,326.02,"R$ 0,00",entregue,2024-11-07
PED-02032,2024-03-16,CLI-1130,app,Salvador,BA,Eletrônicos,Caixa de Som Portátil,2,212.18,"R$ 0,00",Devolvido,2024-03-24
PED-00830,2023-09-13,CLI-0905,app,SÃO PAULO,,Beleza,Secador de Cabelo 2000W,3,270.59,"R$ 0,00",em transporte,
PED-04329,2024-10-30,CLI-1252,marketplace,São Paulo,SP,Moda,Jaqueta Jeans,3,173.73,"R$ 0,00",entregue,2024-11-08
PED-03549,2023-05-04,CLI-0418,marketplace,Curitiba,PR,Moda,Tênis Casual Masculino,4,232.18,"R$ 0,00",devolvido,2023-05-21
PED-03524,06/12/2023,CLI-0146,marketplace,Curitiba,PR,Beleza,Kit Skincare Facial,3,177.98,"R$ 0,00",devolvido,23/12/2023
PED-00946,05/09/2023,CLI-1030,site,Ribeirão Preto,SP,Beleza,Base Líquida Matte,4,118.27,"R$ 0,00",entregue,19/09/2023
PED-01573,2024-04-13,CLI-0274,app,FORTALEZA,CE,Casa & Decoração,Vaso Decorativo Cerâmica,2,84.63,"R$ 35,64",entregue,2024-04-23
PED-02341,2023-06-24,CLI-0445,site,Belo Horizonte,MG,casa & decoracao,"Tapete Sala 1,5m",1,213.66,"R$ 23,72",devolvido,2023-06-27
PED-00963,19/05/2023,CLI-1067,marketplace,Rio de Janeiro,RJ,Casa & Decoração,Vaso Decorativo Cerâmica,1,123.11,"R$ 16,48",entregue,24/05/2023
PED-01258,2024-10-17,CLI-0690,app,Curitiba,PR,Esporte,Garrafa Térmica 1L,1,120.03,"R$ 23,45",entregue,2024-10-26
PED-01637,19/12/2023,CLI-0195,site,Goiania,GO,Moda,"Mochila Notebook 15""",1,196.32,"R$ 26,28",entregue,06/01/2024
PED-00844,2023-12-22,CLI-0356,site,Belo Horizonte,MG,Moda,"Mochila Notebook 15""",2,327.5,"R$ 0,00",em transporte,
PED-03378,26/11/2024,CLI-0073,app,Sao Paulo,SP,Beleza,Kit Skincare Facial,2,255.03,"R$ 0,00",entregue,09/12/2024
PED-00421,24/06/2024,CLI-0892,app,Campinas,SP,Eletrônicos,Caixa de Som Portátil,4,451.36,"R$ 0,00",entregue,06/07/2024
PED-01712,2023-12-07,CLI-0469,site,São Paulo,SP,Casa & Decoração,Quadro Decorativo Abstrato,1,151.61,"R$ 13,27",entregue,2023-12-21
PED-02547,2024-12-19,CLI-0577,site,São Paulo,SP,Casa & Decoração,"Tapete Sala 1,5m",4,314.44,"R$ 0,00",entregue,2024-12-28
PED-02465,13/08/2023,CLI-0845,app,Rio de Janeiro,RJ,Beleza,Secador de Cabelo 2000W,1,128.86,"R$ 14,89",em transporte,
PED-02669,2024-04-30,CLI-0246,site,PORTO ALEGRE,RS,Casa & Decoração,Quadro Decorativo Abstrato,2,155.88,"R$ 0,00",entregue,2024-05-14
PED-04348,2024-11-13,CLI-0752,site,Curitiba,PR,Beleza,Perfume Importado 100ml,1,506.97,"R$ 0,00",ENTREGUE,2024-11-22
PED-04304,2023-11-21,CLI-0354,site,Campinas,SP,Casa & Decoração,Luminária de Mesa LED,1,176.42,"R$ 11,36",entregue,2023-11-25
PED-03932,2024-05-08,CLI-0021,site,Brasília,DF,Eletrônicos,Smartwatch Fit,2,475.81,"R$ 0,00",Entregue,2024-05-24
PED-00361,2024-12-02,CLI-0575,app,Belo Horizonte,MG,Esporte,Camiseta Dry Fit,2,118.93,"R$ 19,71",entregue,2024-12-12
PED-01532,15/05/2023,CLI-0592,site,Goiânia,GO,Eletrônicos,Carregador Turbo 30W,4,114.6,"R$ 0,00",entregue,24/05/2023
PED-03062,15/01/2024,CLI-0112,site,Belo Horizonte,MG,Casa & Decoração,Jogo de Toalhas 4 peças,1,188.41,"R$ 22,57",entregue,27/01/2024
PED-00847,2023-12-14,CLI-0888,site,Curitiba,PR,Casa & Decoração,Jogo de Toalhas 4 peças,1,207.27,"R$ 18,13",em transporte,
PED-00942,2024-11-02,CLI-0316,site,São Paulo,SP,Beleza,Secador de Cabelo 2000W,2,151.09,"R$ 0,00",entregue,2024-11-06
PED-01846,2024-06-03,CLI-0011,site,Curitiba,PR,ELETRÔNICOS,Caixa de Som Portátil,1,399.3,"R$ 0,00",entregue,2024-06-10
PED-00254,2023-09-08,CLI-0849,app,São Paulo,,Esporte,Tapete de Yoga 6mm,1,117.83,"R$ 14,59",entregue,2023-09-14
PED-01893,2024-04-15,CLI-0256,marketplace,Salvador,BA,Casa & Decoração,Luminária de Mesa LED,4,208.19,"R$ 0,00",entregue,2024-05-03
PED-04534,2024-02-18,CLI-0363,site,Salvador,BA,ELETRÔNICOS,Carregador Turbo 30W,2,126.91,"R$ 32,94",entregue,2024-03-04
PED-00469,03/06/2023,CLI-0475,site,SÃO PAULO,SP,Casa & Decoração,Vaso Decorativo Cerâmica,3,142.88,"R$ 0,00",entregue,14/06/2023
PED-03578,2023-09-16,CLI-0201,marketplace,  Ribeirão Preto ,SP,Beleza,Secador de Cabelo 2000W,2,158.51,"R$ 0,00",entregue,2023-09-27
PED-03797,2024-06-19,CLI-0424,app,Goiânia,GO,Moda,"Mochila Notebook 15""",1,,"R$ 26,63",entregue,2024-07-05
PED-02186,2023-06-24,CLI-0874,site,Salvador,BA,Casa & Decoração,"Tapete Sala 1,5m",1,270.09,"R$ 24,07",entregue,2023-07-10
PED-03494,2024-05-23,CLI-0317,site,São Paulo,,beleza,Secador de Cabelo 2000W,1,365.84,"R$ 0,00",em transporte,
PED-03514,2024-12-19,CLI-0604,marketplace,São Paulo,SP,Beleza,Perfume Importado 100ml,1,489.7,"R$ 0,00",entregue,2024-12-24
PED-04456,13/11/2023,CLI-0642,app,Recife,PE,Beleza,Kit Skincare Facial,1,198.0,"R$ 32,24",entregue,20/11/2023
PED-02889,2023-04-29,CLI-0569,marketplace,São Paulo,SP,Moda,Camiseta Básica Algodão,4,95.66,"R$ 0,00",entregue,2023-05-03
PED-01491,2023-03-11,CLI-0303,app,Rio de Janeiro,RJ,Beleza,Base Líquida Matte,2,138.33,"R$ 20,45",em transporte,
PED-04074,2023-06-28,CLI-1048,app,Fortaleza,CE,Eletrônicos,Fone Bluetooth TWS,1,344.19,"R$ 0,00",entregue,2023-07-08
PED-01117,2023-05-25,CLI-0398,marketplace,Belo Horizonte,MG,Moda,"Mochila Notebook 15""",4,130.89,"R$ 0,00",entregue,2023-06-08
PED-01900,05/03/2023,CLI-0223,app,Rio de Janeiro,RJ,Moda,Jaqueta Jeans,4,192.42,"R$ 0,00",entregue,11/03/2023
PED-03642,2023-02-04,CLI-0668,marketplace,curitiba,PR,Moda,"Mochila Notebook 15""",4,226.6,"R$ 0,00",entregue,2023-02-21
PED-03123,2023-11-12,CLI-0188,app,  Campinas ,SP,Casa & Decoração,Vaso Decorativo Cerâmica,1,49.57,"R$ 12,53",entregue,2023-11-17
PED-04256,2023-03-21,CLI-0921,site,Belo Horizonte,MG,CASA & DECORAÇÃO,Vaso Decorativo Cerâmica,1,63.1,"R$ 16,62",ENTREGUE,2023-03-26
PED-04898,2024-03-10,CLI-0699,site,São Paulo,SP,BELEZA,Secador de Cabelo 2000W,3,273.86,"R$ 0,00",entregue,2024-03-15
PED-04743,2024-09-20,CLI-0550,site,Curitiba,PR,Eletrônicos,Caixa de Som Portátil,3,465.3,"R$ 0,00",Entregue,2024-10-06
PED-03440,14/05/2024,CLI-1082,marketplace,belo horizonte,MG,Beleza,Perfume Importado 100ml,2,263.61,"R$ 0,00",ENTREGUE,21/05/2024
PED-01839,2024-09-14,CLI-0547,site,Porto Alegre,RS,casa & decoracao,Jogo de Toalhas 4 peças,1,190.44,"R$ 28,50",entregue,2024-09-24
PED-01845,2023-06-21,CLI-0617,site,Porto Alegre,RS,Beleza,Base Líquida Matte,2,99.74,"R$ 24,79",entregue,2023-07-04
PED-03339,2023-10-18,CLI-0302,app,Recife,PE,Eletrônicos,Fone Bluetooth TWS,1,194.03,"R$ 34,43",entregue,2023-11-02
PED-03737,2023-09-14,CLI-0069,marketplace,rio de janeiro,RJ,Esporte,Garrafa Térmica 1L,1,112.07,"R$ 22,74",entregue,2023-09-20
PED-02019,2024-05-26,CLI-0527,app,Belo Horizonte,MG,Moda,Jaqueta Jeans,1,192.68,"R$ 21,74",entregue,2024-06-05
PED-02273,04/09/2024,CLI-1120,app,CAMPINAS,SP,Casa & Decoração,Vaso Decorativo Cerâmica,1,170.7,"R$ 17,57",devolvido,15/09/2024
PED-01617,2023-01-05,CLI-1324,marketplace,Goiania,GO,Casa & Decoração,Jogo de Toalhas 4 peças,2,202.21,"R$ 0,00",ENTREGUE,2023-01-12
PED-03651,22/10/2023,CLI-0220,site,São Paulo,SP,Beleza,Base Líquida Matte,1,51.71,"R$ 9,35",entregue,30/10/2023
PED-01190,2024-06-22,CLI-1337,app,São Paulo,SP,Moda,Tênis Casual Masculino,2,268.46,"R$ 0,00",entregue,2024-06-30
PED-01889,2024-11-03,CLI-1158,marketplace,Belo Horizonte,MG,Eletrônicos,Webcam Full HD,1,341.15,"R$ 0,00",entregue,2024-11-15
PED-00346,01/10/2024,CLI-0785,site,Belo Horizonte,MG,Moda,Tênis Casual Masculino,1,209.83,"R$ 20,32",ENTREGUE,05/10/2024
PED-01646,02/02/2024,CLI-1387,marketplace,Belo Horizonte,MG,Esporte,Camiseta Dry Fit,4,97.98,"R$ 0,00",entregue,16/02/2024
PED-03105,2024-06-13,CLI-0860,app,São Paulo,SP,Casa & Decoração,Vaso Decorativo Cerâmica,2,147.69,"R$ 16,18",entregue,2024-06-17
PED-01989,2024-12-26,CLI-0568,marketplace,Ribeirão Preto,SP,Casa & Decoração,"Tapete Sala 1,5m",3,444.74,"R$ 0,00",entregue,2025-01-06
PED-01574,2024-10-28,CLI-0353,site,Campinas,SP,Casa & Decoração,Quadro Decorativo Abstrato,1,184.83,"R$ 13,99",entregue,2024-11-02
PED-01459,2024-12-09,CLI-0841,site,Brasília,DF,Beleza,Secador de Cabelo 2000W,1,387.04,"R$ 0,00",entregue,2024-12-19
PED-00996,11/01/2024,CLI-0245,site,Ribeirão Preto,SP,Beleza,Base Líquida Matte,2,,"R$ 11,11",entregue,16/01/2024
PED-03891,29/05/2023,CLI-0419,site,Recife,PE,Esporte,Garrafa Térmica 1L,1,132.57,"R$ 29,00",entregue,08/06/2023
PED-04156,08/01/2023,CLI-1110,site,são paulo,SP,Moda,Jaqueta Jeans,2,319.06,"R$ 0,00",Entregue,21/01/2023
PED-03944,2024-05-22,CLI-1315,site,Porto Alegre,RS,Beleza,Secador de Cabelo 2000W,1,200.61,"R$ 28,35",entregue,2024-06-04
PED-03296,2024-12-17,CLI-0885,app,Goiânia,GO,Moda,Jaqueta Jeans,1,228.02,"R$ 26,87",entregue,2024-12-24
PED-02035,2023-04-20,CLI-1157,site,Curitiba,PR,esporte,Halter Emborrachado 5kg,2,83.8,"R$ 22,45",entregue,2023-04-30
PED-02129,2023-04-10,CLI-0034,site,Curitiba,PR,Casa & Decoração,Vaso Decorativo Cerâmica,1,178.75,"R$ 20,66",entregue,2023-04-22
PED-03224,2024-07-22,CLI-1359,app,porto alegre,RS,MODA,"Mochila Notebook 15""",1,245.9,"R$ 21,52",cancelado,
PED-01895,2023-11-04,CLI-0926,site,Campinas,SP,Eletrônicos,Webcam Full HD,2,190.77,"R$ 0,00",entregue,2023-11-15
PED-04728,2023-09-18,CLI-0689,app,belo horizonte,MG,MODA,Tênis Casual Masculino,1,304.81,"R$ 0,00",entregue,2023-09-21
PED-01929,2023-01-22,CLI-1004,app,Salvador,,Beleza,Kit Skincare Facial,1,284.67,"R$ 31,09",em transporte,
PED-01356,28/01/2023,CLI-0652,app,Campinas,SP,Moda,"Mochila Notebook 15""",1,187.89,"R$ 12,96",entregue,05/02/2023
PED-01064,2024-06-02,CLI-0737,marketplace,Porto Alegre,RS,Beleza,Base Líquida Matte,1,71.22,"R$ 25,23",entregue,2024-06-19
PED-04871,2024-01-08,CLI-0961,app,Campinas,SP,Moda,Jaqueta Jeans,3,325.4,"R$ 0,00",Em transporte,
PED-03289,10/04/2023,CLI-0037,app,Goiânia,GO,Beleza,Secador de Cabelo 2000W,3,154.93,"R$ 0,00",cancelado,
PED-03705,2023-03-11,CLI-0068,marketplace,SÃO PAULO,SP,ESPORTE,Tapete de Yoga 6mm,4,183.39,"R$ 0,00",entregue,2023-03-15
PED-03849,2023-08-28,CLI-1032,marketplace,Campinas,SP,Eletrônicos,Webcam Full HD,1,363.84,"R$ 0,00",entregue,2023-09-10
PED-03892,2024-06-29,CLI-0993,site,Curitiba,PR,Eletrônicos,Fone Bluetooth TWS,3,352.02,"R$ 0,00",entregue,2024-07-13
PED-01000,2023-10-08,CLI-0509,site,Rio de Janeiro,RJ,BELEZA,Kit Skincare Facial,4,93.59,"R$ 0,00",entregue,2023-10-21
PED-02386,2024-09-09,CLI-0767,site,São Paulo,SP,Esporte,Corda de Pular Speed,1,29.35,"R$ 16,89",entregue,2024-09-23
PED-00096,2024-06-06,CLI-0701,marketplace,RIO DE JANEIRO,RJ,Eletrônicos,Webcam Full HD,1,220.8,"R$ 19,96",entregue,2024-06-16
PED-01714,2024-11-15,CLI-0746,site,Rio de Janeiro,RJ,Moda,"Mochila Notebook 15""",1,154.82,"R$ 23,59",CANCELADO,
PED-00805,14/05/2023,CLI-1204,site,Curitiba,PR,Moda,Camiseta Básica Algodão,3,42.28,"R$ 22,58",Entregue,26/05/2023
PED-02183,29/10/2024,CLI-0689,marketplace,São Paulo,SP,Esporte,Camiseta Dry Fit,3,64.92,"R$ 12,08",ENTREGUE,02/11/2024
PED-00325,2024-11-03,CLI-0624,app,Rio de Janeiro,RJ,Casa & Decoração,"Tapete Sala 1,5m",1,262.63,"R$ 19,64",entregue,2024-11-16
PED-04783,2024-11-27,CLI-0094,marketplace,Brasília,DF,Esporte,Corda de Pular Speed,2,50.89,"R$ 28,86",entregue,2024-12-04
PED-01773,06/06/2024,CLI-0420,marketplace,Curitiba,PR,Moda,"Mochila Notebook 15""",1,125.72,"R$ 16,97",CANCELADO,
PED-02928,2024-05-09,CLI-0306,app,Rio de Janeiro,,Eletrônicos,Caixa de Som Portátil,4,505.97,"R$ 0,00",ENTREGUE,2024-05-21
PED-01729,2023-02-05,CLI-0853,app,Salvador,BA,moda,Camiseta Básica Algodão,1,96.52,"R$ 30,57",entregue,2023-02-16
PED-00914,2024-12-25,CLI-1076,app,Rio de Janeiro,RJ,CASA & DECORAÇÃO,Quadro Decorativo Abstrato,1,119.8,"R$ 21,13",cancelado,
PED-01113,29/05/2024,CLI-1286,site,Rio de Janeiro,RJ,Beleza,Kit Skincare Facial,2,273.19,"R$ 0,00",entregue,01/06/2024
PED-02648,2024-10-03,CLI-0812,site,São Paulo,SP,eletronicos,Carregador Turbo 30W,1,95.08,"R$ 11,46",entregue,2024-10-14
PED-03456,2024-09-22,CLI-0676,site,Rio de Janeiro,RJ,Esporte,Camiseta Dry Fit,2,62.13,"R$ 18,38",entregue,2024-09-25
PED-03779,2024-09-06,CLI-1030,site,Belo Horizonte,MG,beleza,Kit Skincare Facial,4,212.75,"R$ 0,00",entregue,2024-09-13
PED-00882,2024-05-18,CLI-0577,site,Curitiba,PR,Casa & Decoração,Vaso Decorativo Cerâmica,1,70.99,"R$ 18,45",entregue,2024-06-02
PED-01453,2024-11-08,CLI-0490,site,salvador,BA,Moda,Boné Aba Curva,3,72.14,"R$ 27,78",entregue,2024-11-22
PED-02274,01/11/2024,CLI-0661,site,São Paulo,SP,ELETRÔNICOS,Fone Bluetooth TWS,2,385.17,"R$ 0,00",entregue,14/11/2024
PED-03592,2023-11-10,CLI-0722,app,Recife,PE,Beleza,Base Líquida Matte,2,134.57,"R$ 26,83",devolvido,2023-11-26
PED-01787,2023-11-11,CLI-1259,site,Fortaleza,CE,Moda,Tênis Casual Masculino,2,174.97,"R$ 0,00",entregue,2023-11-27
PED-03873,2023-05-02,CLI-1125,site,Campinas,SP,casa & decoracao,Luminária de Mesa LED,1,194.03,"R$ 13,35",entregue,2023-05-15
PED-03933,13/03/2024,CLI-0945,site,Rio de Janeiro,RJ,Moda,Tênis Casual Masculino,2,311.45,"R$ 0,00",Entregue,19/03/2024
PED-02990,2024-05-23,CLI-1055,site,Porto Alegre,RS,Eletrônicos,Caixa de Som Portátil,2,514.32,"R$ 0,00",entregue,2024-06-07
PED-01346,2024-05-21,CLI-0557,site,Curitiba,PR,CASA & DECORAÇÃO,Luminária de Mesa LED,1,200.94,"R$ 26,65",ENTREGUE,2024-06-08
PED-00864,2024-04-27,CLI-0374,marketplace,,SP,Eletrônicos,Fone Bluetooth TWS,1,391.27,"R$ 0,00",entregue,2024-05-06
PED-04821,05/08/2024,CLI-0073,site,são paulo,SP,Casa & Decoração,"Tapete Sala 1,5m",2,246.03,"R$ 0,00",entregue,19/08/2024
PED-02197,2023-03-18,CLI-0435,site,São Paulo,SP,Beleza,Secador de Cabelo 2000W,2,359.51,"R$ 0,00",entregue,2023-03-28
PED-00093,18/01/2024,CLI-1257,app,Recife,PE,Moda,"Mochila Notebook 15""",2,203.91,"R$ 0,00",ENTREGUE,31/01/2024
PED-03689,2024-05-26,CLI-1026,app,Porto Alegre,RS,Casa & Decoração,Vaso Decorativo Cerâmica,0,139.77,"R$ 28,83",entregue,2024-06-09
PED-04982,2023-08-15,CLI-1252,site,SALVADOR,BA,Eletrônicos,Fone Bluetooth TWS,4,204.53,"R$ 0,00",CANCELADO,
PED-00831,2024-05-24,CLI-0829,marketplace,Rio de Janeiro,RJ,Eletrônicos,Webcam Full HD,1,182.19,"R$ 19,19",ENTREGUE,2024-05-27
PED-03464,2023-10-14,CLI-0869,site,Curitiba,PR,Moda,Boné Aba Curva,1,95.87,"R$ 22,26",entregue,2023-10-27
PED-04355,18/11/2024,CLI-0802,marketplace,São Paulo,SP,Moda,Camiseta Básica Algodão,2,63.72,"R$ 14,29",cancelado,
PED-03694,2024-04-06,CLI-1154,app,Goiânia,GO,Beleza,Perfume Importado 100ml,4,431.02,"R$ 0,00",entregue,2024-04-15
PED-02979,2024-08-06,CLI-0218,site,salvador,BA,Eletrônicos,Fone Bluetooth TWS,1,252.7,"R$ 27,66",entregue,2024-08-20
PED-02407,16/04/2024,CLI-0740,app,Belo Horizonte,MG,Eletrônicos,Carregador Turbo 30W,1,97.17,"R$ 20,27",entregue,25/04/2024
PED-04277,2023-12-20,CLI-1386,site,PORTO ALEGRE,RS,Beleza,Kit Skincare Facial,3,196.43,"R$ 0,00",ENTREGUE,2023-12-30
PED-04102,2024-06-26,CLI-0718,site,Campinas,SP,Beleza,Perfume Importado 100ml,2,438.47,"R$ 0,00",entregue,2024-07-03
PED-04820,2024-04-13,CLI-0948,site,Goiania,GO,Eletrônicos,Fone Bluetooth TWS,1,228.82,"R$ 31,08",entregue,2024-04-29
PED-01358,2024-02-02,CLI-0951,site,Curitiba,PR,Casa & Decoração,Luminária de Mesa LED,2,125.89,"R$ 27,49",entregue,2024-02-10
PED-02139,2024-09-10,CLI-0222,marketplace,Salvador,BA,Moda,"Mochila Notebook 15""",1,239.17,"R$ 29,81",entregue,2024-09-25
PED-02068,19/12/2024,CLI-0758,app,Porto Alegre,RS,MODA,Tênis Casual Masculino,2,396.58,"R$ 0,00",entregue,28/12/2024
PED-01386,2023-02-17,CLI-0962,app,Salvador,BA,casa & decoracao,"Tapete Sala 1,5m",1,325.38,"R$ 0,00",entregue,2023-03-01
PED-00215,2024-08-05,CLI-0213,site,Rio de Janeiro,RJ,Eletrônicos,Caixa de Som Portátil,1,290.24,"R$ 17,07",entregue,2024-08-13
PED-04824,2024-07-28,CLI-0433,app,Curitiba,PR,Beleza,Base Líquida Matte,3,79.45,"R$ 23,93",entregue,2024-08-15
PED-01067,2023-12-17,CLI-0993,site,Campinas,SP,ELETRÔNICOS,Fone Bluetooth TWS,4,164.75,"R$ 0,00",em transporte,
PED-04065,2023-05-08,CLI-0256,site,Brasilia,DF,Moda,"Mochila Notebook 15""",4,128.01,"R$ 0,00",entregue,2023-05-19
PED-04438,2023-08-28,CLI-0318,site,Curitiba,PR,Beleza,Base Líquida Matte,4,109.5,"R$ 0,00",Entregue,2023-09-12
PED-04246,2023-09-22,CLI-0316,app,São Paulo,SP,Casa & Decoração,"Tapete Sala 1,5m",4,251.05,"R$ 0,00",em transporte,
PED-02549,2023-11-06,CLI-1172,app,São Paulo,SP,Casa & Decoração,"Tapete Sala 1,5m",2,341.9,"R$ 0,00",cancelado,
PED-04286,2023-06-10,CLI-1384,site,Rio de Janeiro,RJ,Moda,Boné Aba Curva,1,54.36,"R$ 22,51",EM TRANSPORTE,
PED-00119,2024-01-06,CLI-0775,site,são paulo,SP,Casa & Decoração,Quadro Decorativo Abstrato,2,185.4,"R$ 0,00",entregue,2024-01-16
PED-02554,10/12/2024,CLI-0340,marketplace,Fortaleza,CE,eletronicos,Caixa de Som Portátil,4,371.18,"R$ 0,00",entregue,17/12/2024
PED-04994,2023-11-23,CLI-0364,site,Goiânia,GO,Moda,Jaqueta Jeans,1,273.02,"R$ 22,80",em transporte,
PED-04380,2023-01-30,CLI-0711,app,Brasília,DF,Beleza,Secador de Cabelo 2000W,1,345.3,"R$ 0,00",Devolvido,2023-02-15
PED-04469,2024-12-28,CLI-0577,site,Rio de Janeiro,RJ,Eletrônicos,Fone Bluetooth TWS,1,293.25,"R$ 18,55",entregue,2025-01-03
PED-02785,2023-08-08,CLI-0806,app,  Salvador ,BA,ELETRÔNICOS,Smartwatch Fit,1,781.07,"R$ 0,00",Entregue,2023-08-21
PED-04578,2023-03-30,CLI-0993,site,Ribeirão Preto,SP,Eletrônicos,Smartwatch Fit,1,602.35,"R$ 0,00",entregue,2023-04-10
PED-03083,2024-06-26,CLI-0730,app,Brasília,DF,Moda,"Mochila Notebook 15""",1,306.95,"R$ 0,00",entregue,2024-07-14
PED-00958,2024-03-18,CLI-0019,marketplace,Curitiba,PR,Moda,Jaqueta Jeans,1,290.24,"R$ 24,36",entregue,2024-04-05
PED-03024,2024-04-27,CLI-0151,site,São Paulo,SP,Esporte,Garrafa Térmica 1L,4,104.22,"R$ 0,00",entregue,2024-05-01
PED-00166,2023-12-01,CLI-0174,site,  São Paulo ,SP,Esporte,Garrafa Térmica 1L,2,125.34,"R$ 16,38",entregue,2023-12-14
PED-03498,2024-09-06,CLI-0055,app,Recife,PE,Moda,Jaqueta Jeans,4,277.78,"R$ 0,00",entregue,2024-09-19
PED-00202,2024-12-20,CLI-0421,app,  Rio de Janeiro ,RJ,Casa & Decoração,Vaso Decorativo Cerâmica,1,59.77,"R$ 17,94",entregue,2024-12-30
PED-04098,2024-05-31,CLI-1184,site,porto alegre,RS,Moda,Jaqueta Jeans,-1,310.2,"R$ 0,00",entregue,2024-06-09
PED-00239,2023-01-21,CLI-1328,marketplace,Porto Alegre,RS,Eletrônicos,Carregador Turbo 30W,3,108.14,"R$ 0,00",entregue,2023-01-28
PED-01978,2024-12-07,CLI-0746,marketplace,SÃO PAULO,SP,Esporte,Garrafa Térmica 1L,2,95.48,"R$ 16,68",ENTREGUE,2024-12-21
PED-04991,2023-01-08,CLI-1055,site,  Recife ,PE,Casa & Decoração,Quadro Decorativo Abstrato,4,140.17,"R$ 0,00",ENTREGUE,2023-01-20
PED-00986,2024-11-28,CLI-0209,site,Brasília,DF,eletronicos,Smartwatch Fit,1,823.1,"R$ 0,00",entregue,2024-12-11
PED-00553,2023-07-04,CLI-1038,site,Curitiba,PR,beleza,Secador de Cabelo 2000W,1,223.64,"R$ 20,11",ENTREGUE,2023-07-19
PED-02714,2023-05-26,CLI-1221,marketplace,Fortaleza,CE,casa & decoracao,"Tapete Sala 1,5m",1,379.16,"R$ 0,00",em transporte,
PED-01992,07/07/2024,CLI-0261,marketplace,Campinas,SP,Casa & Decoração,"Tapete Sala 1,5m",1,168.9,"R$ 14,98",entregue,18/07/2024
PED-00799,2024-08-13,CLI-1244,site,Rio de Janeiro,RJ,Beleza,Kit Skincare Facial,3,147.95,"R$ 0,00",entregue,2024-08-22
PED-04877,2023-08-13,CLI-0238,site,Rio de Janeiro,RJ,Moda,Camiseta Básica Algodão,4,41.0,"R$ 11,69",entregue,2023-08-22
PED-04684,2024-08-22,CLI-0379,app,São Paulo,SP,Eletrônicos,Carregador Turbo 30W,1,92.42,"R$ 17,71",em transporte,
PED-04568,13/02/2023,CLI-0769,app,São Paulo,SP,Beleza,Perfume Importado 100ml,1,484.67,"R$ 0,00",entregue,16/02/2023
PED-03470,2024-12-17,CLI-0557,site,SÃO PAULO,SP,Casa & Decoração,Luminária de Mesa LED,2,213.52,"R$ 0,00",em transporte,
PED-01820,2024-05-29,CLI-0272,site,São Paulo,SP,Esporte,Garrafa Térmica 1L,1,83.67,"R$ 23,02",entregue,2024-06-12
PED-03038,2023-01-06,CLI-0348,site,Salvador,BA,Casa & Decoração,"Tapete Sala 1,5m",4,359.32,"R$ 0,00",entregue,2023-01-20
PED-03245,2023-05-04,CLI-1027,site,São Paulo,SP,Beleza,Secador de Cabelo 2000W,4,134.96,"R$ 0,00",entregue,2023-05-16
PED-01645,08/07/2023,CLI-0354,site,Belo Horizonte,MG,Eletrônicos,Carregador Turbo 30W,2,63.25,"R$ 16,68",entregue,22/07/2023
PED-03491,2024-05-09,CLI-1071,site,Brasília,DF,Casa & Decoração,"Tapete Sala 1,5m",1,421.1,"R$ 0,00",entregue,2024-05-17
PED-01908,2023-03-22,CLI-1111,marketplace,Belo Horizonte,MG,Moda,Boné Aba Curva,1,77.37,"R$ 19,12",entregue,2023-04-05
PED-01281,2023-11-25,CLI-0812,site,Fortaleza,CE,ESPORTE,Camiseta Dry Fit,2,96.86,"R$ 35,96",entregue,2023-12-05
PED-01400,2023-12-16,CLI-0380,site,Salvador,BA,Eletrônicos,Carregador Turbo 30W,3,93.07,"R$ 27,41",entregue,2023-12-24
PED-02672,2024-01-19,CLI-1199,site,Brasília,DF,Casa & Decoração,Vaso Decorativo Cerâmica,1,82.73,"R$ 24,77",entregue,2024-02-06
PED-02040,10/09/2024,CLI-0096,site,Recife,PE,Casa & Decoração,Quadro Decorativo Abstrato,4,126.57,"R$ 0,00",entregue,23/09/2024
PED-00049,13/07/2024,CLI-0589,site,Fortaleza,CE,Casa & Decoração,"Tapete Sala 1,5m",2,395.41,"R$ 0,00",em transporte,
PED-04089,24/03/2023,CLI-0957,marketplace,,RJ,Eletrônicos,Smartwatch Fit,4,512.72,"R$ 0,00",entregue,29/03/2023
PED-01255,2023-05-11,CLI-0746,app,Porto Alegre,RS,Moda,Jaqueta Jeans,2,203.49,"R$ 0,00",entregue,2023-05-22
PED-04630,2023-09-23,CLI-0704,app,Salvador,BA,Moda,Tênis Casual Masculino,2,349.72,"R$ 0,00",Entregue,2023-10-06
PED-04973,2023-11-05,CLI-1002,site,RIO DE JANEIRO,RJ,Moda,Camiseta Básica Algodão,1,60.47,"R$ 16,43",CANCELADO,
PED-03264,2024-02-14,CLI-0548,marketplace,Ribeirão Preto,SP,Esporte,Halter Emborrachado 5kg,4,152.31,"R$ 0,00",entregue,2024-02-17
PED-00367,2024-09-17,CLI-0677,app,Brasília,DF,Moda,Boné Aba Curva,3,111.37,"R$ 0,00",ENTREGUE,2024-10-01
PED-02163,13/12/2023,CLI-0246,app,São Paulo,SP,Moda,Boné Aba Curva,1,74.12,"R$ 14,53",em transporte,
PED-04067,08/10/2023,CLI-1293,marketplace,Porto Alegre,RS,Eletrônicos,Caixa de Som Portátil,1,283.83,"R$ 23,80",Entregue,19/10/2023
PED-01379,08/06/2024,CLI-1109,app,Rio de Janeiro,RJ,Beleza,Base Líquida Matte,3,136.45,"R$ 0,00",entregue,20/06/2024
PED-02839,2023-12-01,CLI-1234,app,Recife,PE,Moda,Camiseta Básica Algodão,2,77.48,"R$ 24,42",entregue,2023-12-13
PED-02844,06/09/2023,CLI-1221,site,SÃO PAULO,SP,Moda,"Mochila Notebook 15""",4,166.76,"R$ 0,00",entregue,17/09/2023
PED-00741,2023-01-02,CLI-0256,site,Rio de Janeiro,RJ,Moda,Jaqueta Jeans,4,276.72,"R$ 0,00",entregue,2023-01-10
PED-02945,10/10/2023,CLI-0746,marketplace,Ribeirão Preto,SP,Beleza,Base Líquida Matte,1,124.65,"R$ 10,50",entregue,16/10/2023
PED-03145,2024-10-22,CLI-1286,app,Salvador,BA,Moda,Tênis Casual Masculino,2,182.72,"R$ 0,00",entregue,2024-11-05
PED-01920,12/12/2024,CLI-1057,marketplace,Brasília,DF,Moda,Tênis Casual Masculino,2,178.4,"R$ 0,00",em transporte,
PED-03184,2023-06-27,CLI-1361,site,Belo Horizonte,MG,beleza,Secador de Cabelo 2000W,4,169.02,"R$ 0,00",entregue,2023-07-01
PED-03242,21/04/2024,CLI-0242,app,Recife,PE,Eletrônicos,Fone Bluetooth TWS,-2,293.6,"R$ 27,22",entregue,08/05/2024
PED-03821,2024-09-13,CLI-1109,app,SALVADOR,BA,Beleza,Perfume Importado 100ml,2,361.75,"R$ 0,00",entregue,2024-10-01
PED-02269,2024-08-12,CLI-0273,marketplace,Rio de Janeiro,RJ,Esporte,Corda de Pular Speed,2,49.87,"R$ 17,96",entregue,2024-08-21
PED-04500,14/09/2024,CLI-1143,site,RIO DE JANEIRO,RJ,,Boné Aba Curva,1,48.76,"R$ 17,48",devolvido,25/09/2024
PED-00515,13/11/2023,CLI-0777,site,Belo Horizonte,MG,Esporte,Halter Emborrachado 5kg,1,158.48,"R$ 17,21",entregue,27/11/2023
PED-02199,18/09/2023,CLI-0950,site,CURITIBA,PR,Esporte,Garrafa Térmica 1L,2,126.04,"R$ 24,85",em transporte,
PED-01740,20/09/2024,CLI-0558,marketplace,Sao Paulo,SP,Eletrônicos,Smartwatch Fit,1,729.17,"R$ 0,00",entregue,02/10/2024
PED-01432,2024-05-24,CLI-1335,marketplace,  Belo Horizonte ,MG,Eletrônicos,Webcam Full HD,-1,266.23,"R$ 16,62",entregue,2024-05-31
PED-02764,04/11/2023,CLI-0518,site,  Salvador ,BA,Eletrônicos,Smartwatch Fit,2,443.27,"R$ 0,00",entregue,20/11/2023
PED-01700,10/08/2024,CLI-0287,site,  Curitiba ,PR,Esporte,Camiseta Dry Fit,2,50.35,"R$ 23,81",em transporte,
PED-04782,2024-12-31,CLI-1046,site,Fortaleza,CE,Esporte,Tapete de Yoga 6mm,2,81.08,"R$ 32,94",entregue,2025-01-09
PED-04962,2023-06-13,CLI-0264,app,Rio de Janeiro,RJ,Moda,Tênis Casual Masculino,1,243.0,"R$ 18,00",em transporte,
PED-01129,22/06/2024,CLI-1272,site,Belo Horizonte,MG,Moda,Tênis Casual Masculino,2,405.78,"R$ 0,00",em transporte,
PED-04241,23/09/2024,CLI-0647,site,Belo Horizonte,MG,Beleza,Kit Skincare Facial,3,252.34,"R$ 0,00",entregue,29/09/2024
PED-04435,2024-05-01,CLI-1071,site,São Paulo,SP,Eletrônicos,Smartwatch Fit,4,562.48,"R$ 0,00",entregue,2024-05-05
PED-03144,2023-03-14,CLI-0152,marketplace,Campinas,SP,Eletrônicos,Webcam Full HD,1,196.99,"R$ 14,88",entregue,2023-03-22
PED-03002,2024-05-13,CLI-0472,site,Recife,PE,Casa & Decoração,"Tapete Sala 1,5m",1,424.83,"R$ 0,00",em transporte,
PED-04340,2024-10-12,CLI-0216,marketplace,Fortaleza,CE,beleza,Perfume Importado 100ml,1,592.99,"R$ 0,00",entregue,2024-10-24
PED-02911,28/07/2024,CLI-0818,marketplace,Salvador,BA,Beleza,Perfume Importado 100ml,1,514.98,"R$ 0,00",entregue,06/08/2024
PED-01634,18/07/2024,CLI-0835,site,Porto Alegre,RS,Esporte,Tapete de Yoga 6mm,1,90.47,"R$ 22,66",entregue,29/07/2024
PED-01810,2023-04-07,CLI-0344,site,Sao Paulo,SP,moda,Boné Aba Curva,1,96.85,"R$ 20,31",entregue,2023-04-11
PED-04045,2024-02-18,CLI-1339,app,Brasília,DF,Moda,"Mochila Notebook 15""",1,164.72,"R$ 21,47",entregue,2024-03-02
PED-00504,2024-03-08,CLI-1359,site,Rio de Janeiro,RJ,ELETRÔNICOS,Smartwatch Fit,1,392.44,"R$ 0,00",cancelado,
PED-03495,2023-05-17,CLI-1104,app,Goiânia,GO,esporte,Tapete de Yoga 6mm,1,178.59,"R$ 24,39",entregue,2023-05-28
PED-01696,22/03/2024,CLI-0461,app,São Paulo,SP,Esporte,Halter Emborrachado 5kg,2,96.17,"R$ 14,91",entregue,30/03/2024
PED-04986,12/11/2023,CLI-1192,app,São Paulo,SP,Esporte,Camiseta Dry Fit,1,108.35,"R$ 16,74",entregue,24/11/2023
PED-02237,23/05/2023,CLI-0340,site,Salvador,BA,Eletrônicos,Carregador Turbo 30W,1,90.81,"R$ 28,01",entregue,02/06/2023
PED-01554,2023-11-30,CLI-1265,site,Brasília,DF,Moda,Tênis Casual Masculino,1,160.06,"R$ 24,93",devolvido,2023-12-16
PED-00924,2024-04-06,CLI-1178,site,São Paulo,SP,Esporte,Tapete de Yoga 6mm,4,130.11,"R$ 0,00",Entregue,2024-04-18
PED-04505,2023-05-18,CLI-0498,marketplace,Brasília,DF,Eletrônicos,Caixa de Som Portátil,2,407.79,"R$ 0,00",entregue,2023-06-03
PED-02316,2023-10-13,CLI-0913,app,Fortaleza,CE,Beleza,Secador de Cabelo 2000W,2,264.14,"R$ 0,00",ENTREGUE,2023-10-28
PED-00938,2023-05-10,CLI-1108,site,São Paulo,SP,Esporte,Corda de Pular Speed,4,44.74,"R$ 10,26",entregue,2023-05-15
PED-04881,2023-06-04,CLI-1162,app,  Recife ,PE,Eletrônicos,Fone Bluetooth TWS,1,151.06,"R$ 23,30",entregue,2023-06-16
PED-03103,14/12/2024,CLI-1293,marketplace,  Fortaleza ,CE,Moda,Boné Aba Curva,2,103.23,"R$ 32,31",em transporte,
PED-00397,2024-10-21,CLI-0814,site,Belo Horizonte,MG,Moda,"Mochila Notebook 15""",2,295.96,"R$ 0,00",entregue,2024-10-31
PED-03716,2024-10-25,CLI-0728,site,Campinas,SP,MODA,Tênis Casual Masculino,1,278.51,"R$ 14,85",entregue,2024-10-29
PED-01658,02/11/2024,CLI-0040,app,São Paulo,,Eletrônicos,Carregador Turbo 30W,1,97.0,"R$ 14,47",cancelado,
PED-02416,2023-04-27,CLI-0805,marketplace,Goiânia,GO,Moda,"Mochila Notebook 15""",1,171.93,"R$ 25,76",entregue,2023-05-11
PED-04188,2023-05-21,CLI-0110,app,Belo Horizonte,MG,Moda,Camiseta Básica Algodão,1,70.98,"R$ 16,71",entregue,2023-05-30
PED-00269,05/05/2023,CLI-1032,app,Fortaleza,CE,ELETRÔNICOS,Caixa de Som Portátil,2,323.79,"R$ 0,00",entregue,13/05/2023
PED-02357,2024-02-25,CLI-1095,site,São Paulo,SP,Moda,Boné Aba Curva,1,87.06,"R$ 19,22",entregue,2024-03-07
PED-03381,2023-10-13,CLI-0612,site,Salvador,BA,Eletrônicos,Carregador Turbo 30W,1,81.39,"R$ 26,81",Entregue,2023-10-24
PED-04183,25/07/2024,CLI-0256,marketplace,Recife,PE,Esporte,Tapete de Yoga 6mm,2,134.3,"R$ 31,18",devolvido,12/08/2024
PED-01875,2024-11-23,CLI-0096,app,SÃO PAULO,SP,Eletrônicos,Carregador Turbo 30W,4,108.74,"R$ 0,00",entregue,2024-11-30
PED-04061,2024-12-17,CLI-0025,marketplace,  Salvador ,BA,MODA,Camiseta Básica Algodão,1,60.83,"R$ 34,25",entregue,2024-12-27
PED-01243,26/11/2023,CLI-0050,site,Rio de Janeiro,RJ,Beleza,Secador de Cabelo 2000W,1,307.66,"R$ 0,00",entregue,07/12/2023
PED-01648,2024-10-02,CLI-1210,site,Campinas,SP,Beleza,Secador de Cabelo 2000W,1,266.03,"R$ 15,54",entregue,2024-10-05
PED-00979,2024-03-29,CLI-1389,site,São Paulo,SP,Moda,Tênis Casual Masculino,1,362.69,"R$ 0,00",entregue,2024-04-07
PED-04136,2023-01-24,CLI-0630,app,Porto Alegre,RS,Eletrônicos,Webcam Full HD,2,264.3,"R$ 0,00",entregue,2023-02-05
PED-04638,18/07/2024,CLI-1399,site,Belo Horizonte,MG,Moda,Jaqueta Jeans,4,190.88,"R$ 0,00",entregue,01/08/2024
PED-02870,12/02/2023,CLI-0459,site,campinas,SP,Beleza,Base Líquida Matte,1,50.53,"R$ 11,56",entregue,19/02/2023
PED-02674,2024-02-10,CLI-1352,site,Goiânia,GO,Eletrônicos,Caixa de Som Portátil,2,246.28,"R$ 0,00",em transporte,
PED-00108,2023-09-30,CLI-0518,marketplace,Curitiba,PR,Casa & Decoração,Quadro Decorativo Abstrato,2,159.64,"R$ 0,00",entregue,2023-10-10
PED-03207,2023-01-05,CLI-1208,app,Goiânia,GO,Eletrônicos,Smartwatch Fit,1,879.18,"R$ 0,00",entregue,2023-01-21
PED-02753,2024-10-28,CLI-0256,site,CAMPINAS,SP,Casa & Decoração,Luminária de Mesa LED,3,90.51,"R$ 18,77",entregue,2024-11-06
PED-03856,2023-08-11,CLI-0743,app,curitiba,PR,Moda,Boné Aba Curva,1,64.2,"R$ 26,74",entregue,2023-08-29
PED-01938,19/05/2024,CLI-0520,app,Curitiba,PR,Casa & Decoração,Vaso Decorativo Cerâmica,2,84.05,"R$ 25,37",ENTREGUE,01/06/2024
PED-01414,2024-12-08,CLI-0059,app,Rio de Janeiro,RJ,Beleza,Secador de Cabelo 2000W,3,379.13,"R$ 0,00",em transporte,
PED-01257,2024-09-03,CLI-0577,app,Rio de Janeiro,RJ,Moda,Camiseta Básica Algodão,1,94.6,"R$ 22,35",devolvido,2024-09-13
PED-04478,29/08/2023,CLI-0261,site,Rio de Janeiro,RJ,Casa & Decoração,Quadro Decorativo Abstrato,2,121.69,"R$ 20,35",entregue,09/09/2023
PED-03824,2023-02-05,CLI-1200,marketplace,Fortaleza,CE,Casa & Decoração,"Tapete Sala 1,5m",2,430.45,"R$ 0,00",entregue,2023-02-14
PED-04819,2024-04-05,CLI-0755,app,Belo Horizonte,MG,Esporte,Corda de Pular Speed,1,32.58,"R$ 17,03",em transporte,
PED-04197,2023-05-07,CLI-0874,app,São Paulo,SP,Eletrônicos,Caixa de Som Portátil,3,401.03,"R$ 0,00",cancelado,
PED-00458,29/01/2024,CLI-1140,site,Salvador,BA,Esporte,Corda de Pular Speed,1,75.98,"R$ 28,08",entregue,09/02/2024
PED-03324,2024-10-05,CLI-1040,app,São Paulo,SP,Eletrônicos,Caixa de Som Portátil,2,272.94,"R$ 0,00",entregue,2024-10-11
PED-04318,2024-09-26,CLI-0395,site,São Paulo,SP,Moda,Camiseta Básica Algodão,1,48.33,"R$ 20,30",em transporte,
PED-02755,2024-11-15,CLI-0598,site,porto alegre,RS,ESPORTE,Garrafa Térmica 1L,2,94.9,"R$ 31,73",entregue,2024-11-23
PED-00577,2024-11-24,CLI-0157,app,Brasília,DF,esporte,Garrafa Térmica 1L,3,114.45,"R$ 0,00",entregue,2024-12-11
PED-04420,2024-03-13,CLI-0076,marketplace,Campinas,SP,Casa & Decoração,Quadro Decorativo Abstrato,4,153.66,"R$ 0,00",cancelado,
PED-03343,2023-06-12,CLI-0327,site,Belo Horizonte,MG,Moda,Boné Aba Curva,2,97.05,"R$ 19,01",entregue,2023-06-23
PED-02141,2024-11-19,CLI-0653,app,Curitiba,PR,Casa & Decoração,Luminária de Mesa LED,3,142.29,"R$ 0,00",entregue,2024-11-30
PED-00817,14/11/2024,CLI-0758,site,Porto Alegre,RS,,Camiseta Básica Algodão,1,50.29,"R$ 26,29",entregue,29/11/2024
PED-04243,2024-02-14,CLI-1237,app,Campinas,SP,Eletrônicos,Webcam Full HD,1,186.31,"R$ 16,62",ENTREGUE,2024-02-18
PED-03528,2023-06-08,CLI-0172,app,São Paulo,SP,Eletrônicos,Carregador Turbo 30W,1,113.28,"R$ 15,71",entregue,2023-06-18
PED-00856,2024-02-08,CLI-0642,app,campinas,,Moda,Jaqueta Jeans,1,303.58,"R$ 0,00",entregue,2024-02-17
PED-02918,2024-11-05,CLI-0352,marketplace,São Paulo,SP,Eletrônicos,Fone Bluetooth TWS,3,260.51,"R$ 0,00",Entregue,2024-11-09
PED-01026,26/10/2023,CLI-0621,app,São Paulo,SP,Casa & Decoração,"Tapete Sala 1,5m",2,380.95,"R$ 0,00",entregue,02/11/2023
PED-00143,2024-12-05,CLI-0352,marketplace,Curitiba,PR,Beleza,Secador de Cabelo 2000W,1,307.59,"R$ 0,00",em transporte,
PED-02866,2023-05-12,CLI-0770,site,Rio de Janeiro,RJ,Moda,"Mochila Notebook 15""",4,205.0,"R$ 0,00",entregue,2023-05-18
PED-03531,2023-02-27,CLI-0164,site,São Paulo,SP,Eletrônicos,Smartwatch Fit,4,374.69,"R$ 0,00",ENTREGUE,2023-03-09
PED-02025,27/01/2024,CLI-0563,site,Ribeirão Preto,SP,Moda,Jaqueta Jeans,3,197.54,"R$ 0,00",entregue,02/02/2024
PED-01474,2024-03-03,CLI-0535,marketplace,Recife,PE,Eletrônicos,Caixa de Som Portátil,2,473.21,"R$ 0,00",entregue,2024-03-14
PED-02211,31/12/2024,CLI-0760,app,goiânia,GO,Eletrônicos,Fone Bluetooth TWS,2,186.37,"R$ 0,00",em transporte,
PED-00334,2024-11-07,CLI-0518,app,BELO HORIZONTE,MG,Esporte,Corda de Pular Speed,1,86.39,"R$ 25,39",em transporte,
PED-00862,17/08/2024,CLI-0536,app,São Paulo,SP,Eletrônicos,Carregador Turbo 30W,1,88.6,"R$ 16,22",entregue,20/08/2024
PED-04674,2023-10-08,CLI-0744,marketplace,Ribeirão Preto,SP,Beleza,Perfume Importado 100ml,1,510.68,"R$ 0,00",entregue,2023-10-15
PED-00617,31/08/2024,CLI-0517,app,Brasília,DF,Moda,Boné Aba Curva,-1,80.09,"R$ 23,95",Entregue,12/09/2024
PED-04176,2024-04-16,CLI-0780,marketplace,Belo Horizonte,MG,ESPORTE,Tapete de Yoga 6mm,1,153.48,"R$ 18,30",entregue,2024-04-30
PED-03833,2023-12-25,CLI-0925,site,Salvador,BA,Beleza,Secador de Cabelo 2000W,1,394.83,"R$ 0,00",entregue,2024-01-02
PED-04953,30/08/2023,CLI-1104,site,Fortaleza,CE,Casa & Decoração,Quadro Decorativo Abstrato,1,82.66,"R$ 32,99",ENTREGUE,12/09/2023
PED-03711,2024-11-09,CLI-0430,app,Curitiba,PR,Eletrônicos,Smartwatch Fit,1,688.64,"R$ 0,00",entregue,2024-11-18
PED-03499,2023-12-13,CLI-1143,app,Fortaleza,CE,Moda,Jaqueta Jeans,1,287.21,"R$ 33,44",entregue,2023-12-30
PED-04184,2024-02-21,CLI-0402,marketplace,Ribeirão Preto,SP,Eletrônicos,Smartwatch Fit,4,585.8,"R$ 0,00",entregue,2024-02-27
PED-03355,2024-03-02,CLI-0956,app,Curitiba,PR,Casa & Decoração,Vaso Decorativo Cerâmica,1,147.7,"R$ 18,60",entregue,2024-03-16
PED-00571,2023-11-15,CLI-0042,marketplace,Fortaleza,CE,Beleza,Perfume Importado 100ml,1,377.5,"R$ 0,00",ENTREGUE,2023-11-27
PED-02759,07/07/2024,CLI-0854,site,Goiânia,GO,moda,Jaqueta Jeans,1,195.55,"R$ 31,36",ENTREGUE,17/07/2024
PED-03837,2024-07-15,CLI-0280,app,São Paulo,SP,Eletrônicos,Carregador Turbo 30W,1,96.97,"R$ 26,50",entregue,2024-07-28
PED-04359,2024-02-23,CLI-0389,site,CURITIBA,PR,Beleza,Kit Skincare Facial,1,259.64,"R$ 24,45",entregue,2024-03-12
PED-00932,2023-12-01,CLI-0477,site,Salvador,BA,casa & decoracao,Quadro Decorativo Abstrato,2,176.99,"R$ 0,00",entregue,2023-12-16
PED-00328,2024-03-30,CLI-0520,marketplace,Rio de Janeiro,RJ,Moda,Boné Aba Curva,1,57.58,"R$ 20,47",entregue,2024-04-07
PED-01815,2024-10-23,CLI-1157,site,São Paulo,SP,eletronicos,Carregador Turbo 30W,4,69.78,"R$ 11,78",entregue,2024-10-28
PED-01181,02/09/2024,CLI-0073,marketplace,Curitiba,PR,Eletrônicos,Caixa de Som Portátil,1,225.58,"R$ 26,28",devolvido,18/09/2024
PED-02628,2023-11-17,CLI-0196,site,Curitiba,PR,Esporte,Halter Emborrachado 5kg,1,104.96,"R$ 22,29",entregue,2023-11-29
PED-01402,2023-03-14,CLI-0978,app,Fortaleza,CE,BELEZA,Perfume Importado 100ml,2,404.61,"R$ 0,00",entregue,2023-03-21
PED-02006,16/11/2024,CLI-1367,site,Rio de Janeiro,RJ,Esporte,Tapete de Yoga 6mm,1,96.52,"R$ 22,78",devolvido,25/11/2024
PED-01579,2024-12-29,CLI-0522,marketplace,CAMPINAS,SP,Moda,Tênis Casual Masculino,2,409.15,"R$ 0,00",cancelado,
PED-02906,2024-06-19,CLI-1011,app,brasília,DF,Casa & Decoração,"Tapete Sala 1,5m",1,142.04,"R$ 27,58",ENTREGUE,2024-07-07
PED-03582,2024-09-29,CLI-0895,site,Brasília,DF,Moda,Jaqueta Jeans,3,146.78,"R$ 0,00",entregue,2024-10-09
PED-00926,13/09/2023,CLI-1148,site,recife,PE,moda,Jaqueta Jeans,2,196.61,"R$ 0,00",cancelado,
PED-03442,2023-07-11,CLI-1288,app,Brasília,DF,Moda,Boné Aba Curva,3,105.72,"R$ 0,00",Entregue,2023-07-23
PED-03050,09/09/2023,CLI-0167,site,Belo Horizonte,MG,Esporte,Garrafa Térmica 1L,1,133.43,"R$ 20,59",entregue,20/09/2023
PED-04914,2024-12-07,CLI-0619,marketplace,Salvador,,Eletrônicos,Fone Bluetooth TWS,3,348.6,"R$ 0,00",ENTREGUE,2024-12-20
PED-00952,2023-09-08,CLI-1074,site,Ribeirão Preto,SP,Casa & Decoração,Luminária de Mesa LED,2,171.21,"R$ 0,00",Entregue,2023-09-22
PED-04133,2024-01-03,CLI-1086,app,Porto Alegre,RS,Beleza,Kit Skincare Facial,2,192.6,"R$ 0,00",em transporte,
PED-03783,2024-12-03,CLI-0712,site,Goiânia,GO,Beleza,Secador de Cabelo 2000W,1,134.27,"R$ 17,19",entregue,2024-12-14
PED-03644,2023-06-30,CLI-0161,app,Salvador,BA,Eletrônicos,Fone Bluetooth TWS,1,334.28,"R$ 0,00",entregue,2023-07-12
PED-02293,23/05/2024,CLI-0011,site,Curitiba,PR,Esporte,Camiseta Dry Fit,3,107.12,"R$ 0,00",entregue,07/06/2024
PED-02370,2024-03-21,CLI-1110,app,Salvador,BA,Casa & Decoração,Jogo de Toalhas 4 peças,1,208.82,"R$ 27,85",entregue,2024-03-30
PED-00788,2023-11-05,CLI-1095,app,Salvador,BA,Esporte,Tapete de Yoga 6mm,1,126.66,"R$ 31,62",entregue,2023-11-22
PED-00855,2023-08-03,CLI-1244,site,Curitiba,PR,Moda,Boné Aba Curva,3,116.47,"R$ 0,00",em transporte,
PED-04104,2023-10-29,CLI-0302,marketplace,Curitiba,PR,MODA,Camiseta Básica Algodão,1,90.11,"R$ 24,01",entregue,2023-11-16
PED-03868,2023-09-16,CLI-1194,site,  Goiânia ,GO,Moda,Jaqueta Jeans,2,203.69,"R$ 0,00",entregue,2023-09-25
PED-04203,26/04/2023,CLI-1007,marketplace,Curitiba,PR,Eletrônicos,Fone Bluetooth TWS,2,285.59,"R$ 0,00",entregue,12/05/2023
PED-03180,2024-03-11,CLI-0494,app,São Paulo,SP,Casa & Decoração,Vaso Decorativo Cerâmica,1,60.57,"R$ 17,26",entregue,2024-03-20
PED-03500,2024-11-05,CLI-0335,site,São Paulo,SP,Casa & Decoração,Vaso Decorativo Cerâmica,3,57.94,"R$ 15,03",entregue,2024-11-12
PED-04662,2024-11-27,CLI-0496,marketplace,são paulo,SP,MODA,Tênis Casual Masculino,3,364.23,"R$ 0,00",Entregue,2024-12-02
PED-04603,26/12/2024,CLI-0208,site,São Paulo,SP,Esporte,Halter Emborrachado 5kg,4,122.57,"R$ 0,00",entregue,05/01/2025
PED-01833,22/01/2024,CLI-0636,site,Campinas,SP,Moda,Camiseta Básica Algodão,2,94.06,"R$ 12,31",entregue,02/02/2024
PED-00281,20/02/2023,CLI-1052,site,Ribeirão Preto,SP,,Smartwatch Fit,2,320.95,"R$ 0,00",entregue,04/03/2023
PED-01125,2023-12-31,CLI-0116,marketplace,Rio de Janeiro,RJ,Casa & Decoração,"Tapete Sala 1,5m",1,-302.03,"R$ 0,00",entregue,2024-01-03
PED-02930,23/07/2024,CLI-0261,site,CURITIBA,PR,Casa & Decoração,Quadro Decorativo Abstrato,4,92.2,"R$ 0,00",cancelado,
PED-02696,2023-06-20,CLI-0934,app,Rio de Janeiro,RJ,,"Tapete Sala 1,5m",2,306.74,"R$ 0,00",Devolvido,2023-06-24
PED-04861,09/03/2024,CLI-0015,site,São Paulo,SP,beleza,Perfume Importado 100ml,1,623.73,"R$ 0,00",em transporte,
PED-03680,2023-03-04,CLI-1339,site,Brasília,,Beleza,Base Líquida Matte,1,124.84,"R$ 21,51",em transporte,
PED-04278,2024-11-06,CLI-1399,site,Campinas,SP,Esporte,Tapete de Yoga 6mm,1,191.34,"R$ 13,31",entregue,2024-11-19
PED-03165,2024-05-17,CLI-0867,app,BELO HORIZONTE,MG,Beleza,Kit Skincare Facial,1,258.69,"R$ 16,09",entregue,2024-05-26
PED-01031,21/04/2024,CLI-0576,site,SÃO PAULO,SP,Casa & Decoração,Jogo de Toalhas 4 peças,4,148.26,"R$ 0,00",entregue,26/04/2024
PED-02234,10/12/2024,CLI-0823,site,Campinas,,Eletrônicos,Webcam Full HD,3,288.02,"R$ 0,00",entregue,13/12/2024
PED-02933,2024-04-22,CLI-0624,site,Curitiba,PR,Eletrônicos,Carregador Turbo 30W,1,99.65,"R$ 22,15",Entregue,2024-05-05
PED-01319,2024-08-27,CLI-1012,site,Rio de Janeiro,RJ,Moda,Boné Aba Curva,4,105.54,"R$ 0,00",em transporte,
PED-03155,2023-07-09,CLI-0958,site,São Paulo,SP,Casa & Decoração,Jogo de Toalhas 4 peças,2,113.78,"R$ 13,91",devolvido,2023-07-23
PED-03736,21/12/2024,CLI-0073,site,Ribeirão Preto,SP,Casa & Decoração,"Tapete Sala 1,5m",1,234.72,"R$ 17,93",entregue,01/01/2025
PED-00057,29/01/2024,CLI-1081,site,Porto Alegre,RS,Eletrônicos,Webcam Full HD,2,256.24,"R$ 0,00",entregue,13/02/2024
PED-03200,03/12/2024,CLI-0675,site,Salvador,BA,Casa & Decoração,Luminária de Mesa LED,3,114.55,"R$ 0,00",devolvido,12/12/2024
PED-00845,2023-04-14,CLI-1160,app,Rio de Janeiro,RJ,Beleza,Perfume Importado 100ml,1,209.11,"R$ 15,67",entregue,2023-04-17
PED-02331,04/05/2024,CLI-1221,app,Sao Paulo,SP,Moda,Boné Aba Curva,2,90.98,"R$ 12,42",devolvido,12/05/2024
PED-00190,2023-09-21,CLI-0976,marketplace,Ribeirão Preto,SP,Moda,Jaqueta Jeans,2,,"R$ 0,00",cancelado,
PED-00772,26/04/2024,CLI-0274,site,Curitiba,PR,Eletrônicos,Webcam Full HD,1,329.81,"R$ 0,00",entregue,14/05/2024
PED-02304,2024-02-22,CLI-0559,site,Salvador,BA,Esporte,Tapete de Yoga 6mm,3,88.92,"R$ 31,67",em transporte,
PED-01354,28/10/2023,CLI-1121,site,Porto Alegre,RS,Moda,"Mochila Notebook 15""",1,302.35,"R$ 0,00",entregue,15/11/2023
PED-02284,2024-07-28,CLI-0716,app,Campinas,SP,Moda,"Mochila Notebook 15""",1,311.76,"R$ 0,00",entregue,2024-08-03
PED-04742,17/08/2023,CLI-0481,app,Salvador,BA,Esporte,Camiseta Dry Fit,1,69.25,"R$ 30,04",entregue,29/08/2023
PED-03613,2024-05-26,CLI-1250,app,Curitiba,PR,Moda,Camiseta Básica Algodão,3,63.71,"R$ 22,95",entregue,2024-06-08
PED-01287,2023-12-12,CLI-1149,app,Brasília,DF,Moda,Camiseta Básica Algodão,1,67.96,"R$ 24,43",entregue,2023-12-30
PED-02392,2024-09-05,CLI-0964,site,Recife,PE,Moda,"Mochila Notebook 15""",2,123.33,"R$ 28,51",cancelado,
PED-01812,2024-01-14,CLI-0766,app,Rio de Janeiro,RJ,Moda,Jaqueta Jeans,1,323.25,"R$ 0,00",entregue,2024-01-18
PED-00339,04/04/2023,CLI-0608,app,São Paulo,SP,Moda,Camiseta Básica Algodão,4,84.84,"R$ 0,00",em transporte,
PED-04655,2023-12-27,CLI-0917,site,Rio de Janeiro,RJ,Eletrônicos,Webcam Full HD,1,246.12,"R$ 21,22",entregue,2024-01-02
PED-03039,07/07/2023,CLI-0884,site,Campinas,SP,Casa & Decoração,Vaso Decorativo Cerâmica,4,158.34,"R$ 0,00",Entregue,19/07/2023
PED-01429,21/09/2024,CLI-0891,marketplace,  Rio de Janeiro ,RJ,Eletrônicos,Carregador Turbo 30W,3,118.85,"R$ 0,00",entregue,29/09/2024
PED-04488,2023-05-02,CLI-0192,app,Curitiba,PR,Moda,Camiseta Básica Algodão,4,87.5,"R$ 0,00",devolvido,2023-05-11
PED-00758,2024-12-02,CLI-0547,site,Sao Paulo,SP,Eletrônicos,Fone Bluetooth TWS,1,164.44,"R$ 15,24",entregue,2024-12-15
PED-04001,2024-08-06,CLI-0073,site,Belo Horizonte,MG,Beleza,Secador de Cabelo 2000W,1,155.63,"R$ 16,00",Entregue,2024-08-19
PED-00316,2023-11-10,CLI-0938,app,Porto Alegre,RS,Moda,"Mochila Notebook 15""",2,170.66,"R$ 0,00",entregue,2023-11-22
PED-02569,2024-06-23,CLI-0896,marketplace,Porto Alegre,RS,Moda,Jaqueta Jeans,2,330.64,"R$ 0,00",ENTREGUE,2024-07-01
PED-03193,14/04/2024,CLI-1006,app,Rio de Janeiro,RJ,Casa & Decoração,"Tapete Sala 1,5m",2,237.38,"R$ 0,00",entregue,28/04/2024
PED-03374,2023-06-17,CLI-1285,app,Belo Horizonte,MG,Casa & Decoração,"Tapete Sala 1,5m",3,139.11,"R$ 0,00",entregue,2023-06-30
PED-00208,2024-07-09,CLI-0517,site,  Curitiba ,PR,Beleza,Perfume Importado 100ml,4,332.13,"R$ 0,00",entregue,2024-07-25
PED-01443,2023-06-08,CLI-0721,site,Campinas,SP,Moda,Camiseta Básica Algodão,1,91.18,"R$ 15,59",entregue,2023-06-22
PED-00369,2023-11-13,CLI-0869,site,Belo Horizonte,MG,Moda,Jaqueta Jeans,1,327.88,"R$ 0,00",cancelado,
PED-04893,2024-01-15,CLI-0830,site,Porto Alegre,RS,Eletrônicos,Smartwatch Fit,3,858.7,"R$ 0,00",entregue,2024-02-02
PED-02642,2024-09-07,CLI-0575,site,Ribeirão Preto,SP,Casa & Decoração,Vaso Decorativo Cerâmica,3,177.73,"R$ 0,00",entregue,2024-09-16
PED-04596,2024-12-22,CLI-0380,site,FORTALEZA,CE,Casa & Decoração,Vaso Decorativo Cerâmica,1,57.9,"R$ 31,76",ENTREGUE,2025-01-05
PED-02705,01/08/2024,CLI-0707,marketplace,São Paulo,SP,Eletrônicos,Smartwatch Fit,2,394.28,"R$ 0,00",entregue,12/08/2024
PED-01382,2023-02-11,CLI-0263,site,Fortaleza,CE,Casa & Decoração,"Tapete Sala 1,5m",4,158.02,"R$ 0,00",entregue,2023-02-24
PED-01035,28/12/2023,CLI-0744,marketplace,são paulo,SP,Moda,Boné Aba Curva,1,95.8,"R$ 17,23",entregue,03/01/2024
PED-03602,2023-05-18,CLI-0982,site,brasília,DF,moda,Tênis Casual Masculino,1,178.11,"R$ 22,84",entregue,2023-06-04
PED-03682,2023-06-25,CLI-0518,marketplace,  Salvador ,BA,Casa & Decoração,Luminária de Mesa LED,3,210.77,"R$ 0,00",entregue,2023-07-08
PED-03609,2023-07-22,CLI-0019,app,Goiânia,GO,Esporte,Camiseta Dry Fit,4,107.88,"R$ 0,00",entregue,2023-07-31
PED-02850,2023-12-04,CLI-1315,marketplace,Rio de Janeiro,RJ,Moda,Jaqueta Jeans,1,226.37,"R$ 21,21",devolvido,2023-12-07
PED-04328,2024-08-25,CLI-0456,app,Curitiba,PR,Beleza,Secador de Cabelo 2000W,2,191.34,"R$ 0,00",entregue,2024-09-08
PED-00906,2024-06-21,CLI-0775,marketplace,Campinas,SP,Moda,Camiseta Básica Algodão,4,97.79,"R$ 0,00",entregue,2024-06-26
PED-02845,01/08/2023,CLI-0978,app,Brasília,DF,Casa & Decoração,Jogo de Toalhas 4 peças,3,154.74,"R$ 0,00",entregue,18/08/2023
PED-02723,23/11/2023,CLI-0261,app,Curitiba,PR,,Webcam Full HD,1,228.99,"R$ 20,38",CANCELADO,
PED-00179,2024-11-18,CLI-0882,marketplace,São Paulo,SP,BELEZA,Base Líquida Matte,1,65.38,"R$ 20,39",ENTREGUE,2024-11-30
PED-01007,2024-11-29,CLI-1348,app,Recife,PE,moda,Boné Aba Curva,1,115.91,"R$ 31,88",entregue,2024-12-14
PED-02584,2023-07-17,CLI-1292,site,Belo Horizonte,MG,Moda,Boné Aba Curva,4,93.3,"R$ 0,00",entregue,2023-07-28
PED-03492,2023-01-03,CLI-0984,app,Rio de Janeiro,RJ,Moda,Jaqueta Jeans,4,307.67,"R$ 0,00",entregue,2023-01-15
PED-00609,2024-08-18,CLI-1208,site,São Paulo,SP,Eletrônicos,Carregador Turbo 30W,4,63.34,"R$ 10,09",entregue,2024-09-01
PED-03562,2024-03-08,CLI-0431,site,Fortaleza,CE,moda,Camiseta Básica Algodão,3,59.79,"R$ 34,25",entregue,2024-03-19
PED-00002,12/01/2024,CLI-1064,app,Brasília,DF,Esporte,Garrafa Térmica 1L,1,85.85,"R$ 27,75",em transporte,
PED-02384,2023-01-10,CLI-0747,site,Fortaleza,CE,Eletrônicos,Smartwatch Fit,3,494.21,"R$ 0,00",entregue,2023-01-19
PED-03186,2023-03-31,CLI-0435,marketplace,Salvador,BA,Eletrônicos,Webcam Full HD,1,259.21,"R$ 31,74",entregue,2023-04-09
PED-04692,2023-09-05,CLI-0261,site,Curitiba,PR,Eletrônicos,Carregador Turbo 30W,1,83.47,"R$ 25,24",em transporte,
PED-01641,04/09/2024,CLI-0624,marketplace,Campinas,SP,Beleza,Secador de Cabelo 2000W,1,314.66,"R$ 0,00",devolvido,13/09/2024
PED-04071,2023-12-13,CLI-0802,marketplace,Rio de Janeiro,RJ,Esporte,Garrafa Térmica 1L,1,89.15,"R$ 21,13",em transporte,
PED-01423,2024-01-27,CLI-0052,app,São Paulo,SP,Beleza,Secador de Cabelo 2000W,4,167.04,"R$ 0,00",devolvido,2024-02-02
PED-03245,2023-05-04,CLI-1027,site,São Paulo,SP,Beleza,Secador de Cabelo 2000W,4,134.96,"R$ 0,00",entregue,2023-05-16
PED-00649,2024-07-09,CLI-0646,site,Porto Alegre,RS,Eletrônicos,Fone Bluetooth TWS,2,314.25,"R$ 0,00",entregue,2024-07-26
PED-02608,24/08/2023,CLI-1305,marketplace,Belo Horizonte,MG,Esporte,Garrafa Térmica 1L,2,101.25,"R$ 15,70",entregue,31/08/2023
PED-04696,2024-07-03,CLI-0039,app,Sao Paulo,SP,Eletrônicos,Carregador Turbo 30W,3,113.65,"R$ 0,00",em transporte,
PED-01003,2023-05-17,CLI-0334,site,Recife,,Beleza,Base Líquida Matte,3,111.91,"R$ 0,00",entregue,2023-05-24
PED-04412,2023-03-03,CLI-0661,marketplace,Salvador,BA,Moda,Boné Aba Curva,3,80.1,"R$ 28,84",entregue,2023-03-18
PED-00188,2023-04-14,CLI-0353,app,Rio de Janeiro,RJ,Beleza,Base Líquida Matte,1,115.76,"R$ 20,10",entregue,2023-04-25
PED-03928,2024-10-23,CLI-1085,app,Rio de Janeiro,RJ,BELEZA,Perfume Importado 100ml,2,339.3,"R$ 0,00",Entregue,2024-11-03
PED-04977,2024-02-04,CLI-0119,site,Recife,PE,Beleza,Secador de Cabelo 2000W,1,264.63,"R$ 31,08",entregue,2024-02-12
PED-02280,19/06/2024,CLI-0491,site,Rio de Janeiro,RJ,Beleza,Secador de Cabelo 2000W,4,223.08,"R$ 0,00",entregue,22/06/2024
PED-01311,13/12/2023,CLI-0472,app,Curitiba,PR,moda,Camiseta Básica Algodão,1,83.5,"R$ 11,52",entregue,20/12/2023
PED-04663,26/01/2024,CLI-0520,site,Fortaleza,CE,BELEZA,Perfume Importado 100ml,4,429.66,"R$ 0,00",entregue,03/02/2024
PED-01613,2024-09-15,CLI-0888,site,Campinas,SP,Eletrônicos,Carregador Turbo 30W,1,65.79,"R$ 16,51",em transporte,
PED-00775,2023-01-06,CLI-0709,site,Porto Alegre,RS,Eletrônicos,Smartwatch Fit,1,557.88,"R$ 0,00",entregue,2023-01-14
PED-01273,16/12/2023,CLI-0274,site,Recife,PE,beleza,Secador de Cabelo 2000W,1,178.47,"R$ 26,51",entregue,28/12/2023
PED-04530,2024-04-12,CLI-0310,site,São Paulo,SP,eletronicos,Carregador Turbo 30W,3,76.71,"R$ 16,05",cancelado,
PED-02848,2023-03-15,CLI-0531,site,Sao Paulo,SP,moda,Boné Aba Curva,1,64.85,"R$ 14,88",entregue,2023-03-23
PED-03576,10/12/2023,CLI-1395,app,Ribeirão Preto,SP,Esporte,Garrafa Térmica 1L,4,57.58,"R$ 13,28",Entregue,17/12/2023
PED-04787,06/11/2023,CLI-1032,site,Campinas,SP,CASA & DECORAÇÃO,Quadro Decorativo Abstrato,3,82.83,"R$ 13,85",entregue,19/11/2023
PED-03673,2023-10-21,CLI-0113,site,ribeirão preto,SP,Beleza,Kit Skincare Facial,1,156.91,"R$ 13,76",entregue,2023-10-24
PED-02804,14/05/2024,CLI-0467,site,Campinas,SP,Beleza,Base Líquida Matte,3,79.69,"R$ 15,20",em transporte,
PED-01717,2023-11-14,CLI-0518,site,Curitiba,PR,Eletrônicos,Fone Bluetooth TWS,1,287.65,"R$ 24,48",entregue,2023-11-24
PED-04181,2024-08-13,CLI-1205,app,Belo Horizonte,MG,ESPORTE,Camiseta Dry Fit,2,59.17,"R$ 21,74",entregue,2024-08-21
PED-02023,2023-01-16,CLI-0600,site,Rio de Janeiro,RJ,Beleza,Secador de Cabelo 2000W,3,341.3,"R$ 0,00",entregue,2023-01-27
PED-01250,02/12/2024,CLI-1163,app,Belo Horizonte,MG,Casa & Decoração,Quadro Decorativo Abstrato,4,92.75,"R$ 0,00",devolvido,12/12/2024
PED-02663,2023-12-14,CLI-1383,site,Ribeirão Preto,,Casa & Decoração,Vaso Decorativo Cerâmica,1,133.71,"R$ 14,80",entregue,2023-12-18
PED-03730,2024-09-05,CLI-1020,app,Campinas,SP,Casa & Decoração,Quadro Decorativo Abstrato,2,171.17,"R$ 0,00",entregue,2024-09-17
PED-02763,21/04/2023,CLI-1332,site,São Paulo,SP,Casa & Decoração,Quadro Decorativo Abstrato,1,59.57,"R$ 13,82",entregue,28/04/2023
PED-00353,2024-04-23,CLI-0550,site,BRASÍLIA,DF,Eletrônicos,Carregador Turbo 30W,1,77.83,"R$ 27,35",cancelado,
PED-00565,19/06/2024,CLI-0007,site,Belo Horizonte,MG,Beleza,Kit Skincare Facial,2,202.08,"R$ 0,00",entregue,01/07/2024
PED-00387,07/08/2024,CLI-0547,app,Rio de Janeiro,RJ,Esporte,Halter Emborrachado 5kg,2,155.94,"R$ 0,00",devolvido,11/08/2024
PED-02235,2024-08-30,CLI-1087,app,São Paulo,SP,Moda,Tênis Casual Masculino,1,362.46,"R$ 0,00",entregue,2024-09-06
PED-04402,2024-08-29,CLI-0687,marketplace,Porto Alegre,RS,Casa & Decoração,"Tapete Sala 1,5m",2,129.97,"R$ 29,06",entregue,2024-09-08
PED-03656,2023-04-03,CLI-1125,marketplace,Brasília,DF,Eletrônicos,Carregador Turbo 30W,2,100.48,"R$ 27,63",entregue,2023-04-13
PED-04041,2024-01-15,CLI-1391,site,Campinas,SP,Casa & Decoração,Vaso Decorativo Cerâmica,1,63.67,"R$ 17,71",entregue,2024-01-21
PED-03387,2024-04-11,CLI-1196,marketplace,Fortaleza,CE,Beleza,Secador de Cabelo 2000W,2,348.56,"R$ 0,00",CANCELADO,
PED-02028,2023-12-05,CLI-0319,site,Campinas,SP,Moda,Camiseta Básica Algodão,1,71.29,"R$ 11,50",entregue,2023-12-13
PED-01514,29/08/2024,CLI-0352,site,  Brasília ,DF,Esporte,Corda de Pular Speed,4,44.61,"R$ 25,26",entregue,09/09/2024
PED-04641,23/07/2023,CLI-1223,site,curitiba,PR,Beleza,Secador de Cabelo 2000W,2,225.14,"R$ 0,00",Entregue,03/08/2023
PED-02310,2024-11-20,CLI-0257,app,São Paulo,SP,Casa & Decoração,Vaso Decorativo Cerâmica,1,80.26,"R$ 17,35",devolvido,2024-11-24
PED-03728,2023-09-09,CLI-0952,app,Rio de Janeiro,RJ,Beleza,Kit Skincare Facial,1,112.25,"R$ 16,11",entregue,2023-09-22
PED-00386,26/12/2024,CLI-1366,app,São Paulo,SP,Beleza,Secador de Cabelo 2000W,3,375.21,"R$ 0,00",entregue,31/12/2024
PED-02301,10/12/2024,CLI-1091,app,Fortaleza,CE,Casa & Decoração,Luminária de Mesa LED,3,203.16,"R$ 0,00",em transporte,
PED-04744,12/10/2023,CLI-0183,app,Belo Horizonte,MG,Moda,Camiseta Básica Algodão,1,73.92,"R$ 20,45",entregue,24/10/2023
PED-00075,2023-03-09,CLI-0068,marketplace,Recife,PE,eletronicos,Fone Bluetooth TWS,4,276.73,"R$ 0,00",em transporte,
PED-00317,2023-12-05,CLI-0428,marketplace,São Paulo,SP,Esporte,Halter Emborrachado 5kg,1,129.65,"R$ 18,65",Entregue,2023-12-15
PED-01469,2024-08-10,CLI-1251,marketplace,Fortaleza,CE,Casa & Decoração,Jogo de Toalhas 4 peças,2,132.67,"R$ 30,28",devolvido,2024-08-21
PED-01455,2023-11-20,CLI-1331,app,Curitiba,PR,Beleza,Secador de Cabelo 2000W,3,351.03,"R$ 0,00",entregue,2023-12-01
PED-01148,05/10/2024,CLI-1252,marketplace,Rio de Janeiro,RJ,Moda,"Mochila Notebook 15""",1,270.2,"R$ 23,80",CANCELADO,
PED-03088,2024-01-25,CLI-0484,site,Rio de Janeiro,RJ,Beleza,Secador de Cabelo 2000W,2,253.82,"R$ 0,00",entregue,2024-02-02
PED-04022,2023-07-16,CLI-0352,site,São Paulo,SP,CASA & DECORAÇÃO,Vaso Decorativo Cerâmica,1,138.84,"R$ 18,39",devolvido,2023-07-27
PED-01307,2024-05-15,CLI-0575,site,SALVADOR,BA,eletronicos,Fone Bluetooth TWS,4,160.4,"R$ 0,00",entregue,2024-06-01
PED-03811,2024-04-25,CLI-0516,site,Curitiba,PR,CASA & DECORAÇÃO,"Tapete Sala 1,5m",3,383.78,"R$ 0,00",entregue,2024-05-11
PED-03937,17/11/2023,CLI-1067,marketplace,Goiânia,GO,Casa & Decoração,Vaso Decorativo Cerâmica,1,163.32,"R$ 31,34",entregue,02/12/2023
PED-00424,02/03/2023,CLI-0766,site,Curitiba,PR,Beleza,Secador de Cabelo 2000W,3,260.87,"R$ 0,00",entregue,12/03/2023
PED-02372,09/11/2023,CLI-1262,app,Ribeirão Preto,SP,esporte,Garrafa Térmica 1L,2,121.69,"R$ 10,63",entregue,15/11/2023
PED-03590,2023-10-18,CLI-0848,app,Campinas,SP,Moda,"Mochila Notebook 15""",1,282.46,"R$ 16,01",entregue,2023-10-30
PED-04509,2024-09-05,CLI-1334,app,Salvador,BA,Casa & Decoração,Quadro Decorativo Abstrato,2,112.42,"R$ 28,12",entregue,2024-09-16
PED-01473,2023-04-28,CLI-0896,app,Rio de Janeiro,RJ,Eletrônicos,Fone Bluetooth TWS,1,345.53,"R$ 0,00",entregue,2023-05-08
PED-02433,08/05/2024,CLI-1002,app,Belo Horizonte,MG,Casa & Decoração,Jogo de Toalhas 4 peças,1,197.26,"R$ 16,64",entregue,19/05/2024
PED-02792,26/03/2023,CLI-1352,site,Campinas,SP,Esporte,Corda de Pular Speed,1,85.24,"R$ 8,59",devolvido,31/03/2023
PED-00287,2023-02-27,CLI-0153,site,Salvador,BA,Beleza,Kit Skincare Facial,1,105.22,"R$ 26,12",entregue,2023-03-11
PED-02838,28/09/2023,CLI-0160,marketplace,Salvador,BA,BELEZA,Kit Skincare Facial,4,237.57,"R$ 0,00",entregue,05/10/2023
PED-01017,2024-07-10,CLI-1343,marketplace,ribeirão preto,SP,Beleza,Secador de Cabelo 2000W,1,322.18,"R$ 0,00",entregue,2024-07-14
PED-00985,07/06/2023,CLI-0992,app,Campinas,SP,Casa & Decoração,"Tapete Sala 1,5m",2,344.87,"R$ 0,00",ENTREGUE,15/06/2023
PED-03860,2023-04-01,CLI-0191,site,Recife,PE,esporte,Garrafa Térmica 1L,1,93.36,"R$ 27,31",entregue,2023-04-15
PED-00263,2023-11-01,CLI-0246,site,São Paulo,SP,Moda,Camiseta Básica Algodão,4,77.71,"R$ 0,00",entregue,2023-11-09
PED-00430,05/10/2024,CLI-0445,marketplace,Rio de Janeiro,RJ,Moda,Tênis Casual Masculino,1,412.43,"R$ 0,00",entregue,12/10/2024
PED-01793,2023-08-08,CLI-0089,app,São Paulo,SP,Casa & Decoração,Vaso Decorativo Cerâmica,3,131.64,"R$ 0,00",em transporte,
PED-04116,2023-09-26,CLI-0270,site,Curitiba,PR,Eletrônicos,Webcam Full HD,1,183.95,"R$ 20,47",entregue,2023-10-06
PED-04993,2024-07-28,CLI-0435,app,Curitiba,PR,Beleza,Perfume Importado 100ml,1,574.3,"R$ 0,00",entregue,2024-08-09
PED-04539,28/05/2023,CLI-0184,site,Campinas,SP,Moda,Boné Aba Curva,1,47.72,"R$ 17,20",em transporte,
PED-00807,2024-07-20,CLI-0725,app,Rio de Janeiro,,Casa & Decoração,Jogo de Toalhas 4 peças,1,101.28,"R$ 18,80",em transporte,
PED-02772,2024-10-04,CLI-0256,site,BRASÍLIA,DF,MODA,Camiseta Básica Algodão,2,66.36,"R$ 18,61",entregue,2024-10-17
PED-02970,2023-07-06,CLI-1028,site,Fortaleza,CE,Eletrônicos,Fone Bluetooth TWS,1,329.37,"R$ 0,00",em transporte,
PED-03475,14/04/2024,CLI-0802,site,Curitiba,PR,Eletrônicos,Carregador Turbo 30W,4,74.7,"R$ 25,84",cancelado,
PED-02036,2024-09-23,CLI-0744,marketplace,São Paulo,SP,Casa & Decoração,Jogo de Toalhas 4 peças,3,230.05,"R$ 0,00",entregue,2024-09-26
PED-00343,05/10/2024,CLI-0515,app,Porto Alegre,RS,Casa & Decoração,"Tapete Sala 1,5m",1,249.48,"R$ 28,02",ENTREGUE,22/10/2024
PED-03975,27/03/2023,CLI-0574,site,Recife,PE,Eletrônicos,Caixa de Som Portátil,1,273.39,"R$ 30,90",entregue,13/04/2023
PED-02726,2024-08-25,CLI-0251,site,São Paulo,SP,Beleza,Secador de Cabelo 2000W,4,288.66,"R$ 0,00",entregue,2024-09-01
PED-04112,2024-10-22,CLI-1184,marketplace,São Paulo,SP,Beleza,Kit Skincare Facial,3,279.89,"R$ 0,00",entregue,2024-11-01
PED-04569,2024-04-15,CLI-0699,site,São Paulo,SP,Moda,Tênis Casual Masculino,3,415.08,"R$ 0,00",entregue,2024-04-25
PED-00843,2024-03-20,CLI-0508,site,Belo Horizonte,MG,Esporte,Camiseta Dry Fit,1,58.48,"R$ 18,87",DEVOLVIDO,2024-03-27
PED-00052,2023-01-09,CLI-0792,app,curitiba,PR,Casa & Decoração,Quadro Decorativo Abstrato,2,89.67,"R$ 16,81",ENTREGUE,2023-01-21
PED-04162,2023-10-07,CLI-1072,app,São Paulo,SP,Beleza,Perfume Importado 100ml,1,263.48,"R$ 15,59",entregue,2023-10-16
PED-04254,2024-03-28,CLI-0550,marketplace,Porto Alegre,RS,Eletrônicos,Webcam Full HD,3,350.5,"R$ 0,00",entregue,2024-04-11
PED-03133,2023-04-18,CLI-0989,site,São Paulo,SP,Moda,Camiseta Básica Algodão,1,66.47,"R$ 17,18",entregue,2023-04-21
PED-03968,12/06/2023,CLI-1359,site,Belo Horizonte,MG,Casa & Decoração,"Tapete Sala 1,5m",1,232.11,"R$ 17,98",entregue,20/06/2023
PED-03643,14/10/2024,CLI-0917,site,Porto Alegre,RS,Moda,"Mochila Notebook 15""",2,253.06,"R$ 0,00",entregue,26/10/2024
PED-00832,2024-04-14,CLI-1032,marketplace,porto alegre,RS,Beleza,Perfume Importado 100ml,1,246.67,"R$ 19,37",entregue,2024-05-02
PED-01324,2024-09-25,CLI-0143,site,São Paulo,SP,Casa & Decoração,Quadro Decorativo Abstrato,1,183.19,"R$ 11,86",entregue,2024-09-29
PED-00561,04/04/2023,CLI-0002,site,Porto Alegre,RS,Eletrônicos,Carregador Turbo 30W,4,108.75,"R$ 0,00",entregue,13/04/2023
PED-01856,2024-12-31,CLI-0624,marketplace,São Paulo,SP,,"Tapete Sala 1,5m",4,130.86,"R$ 0,00",Entregue,2025-01-03
PED-03436,21/04/2024,CLI-0471,site,São Paulo,SP,Casa & Decoração,"Tapete Sala 1,5m",2,244.05,"R$ 0,00",entregue,28/04/2024
PED-01759,2024-11-22,CLI-0542,site,brasília,DF,Eletrônicos,Caixa de Som Portátil,1,300.8,"R$ 0,00",entregue,2024-12-03
PED-01384,2024-12-29,CLI-0951,marketplace,Porto Alegre,RS,Moda,Tênis Casual Masculino,1,186.82,"R$ 22,75",em transporte,
PED-03425,2023-06-08,CLI-0905,app,Campinas,SP,Beleza,Kit Skincare Facial,4,177.12,"R$ 0,00",entregue,2023-06-16
PED-00327,07/10/2024,CLI-0698,site,Campinas,SP,eletronicos,Smartwatch Fit,4,360.8,"R$ 0,00",entregue,12/10/2024
PED-00076,2023-10-08,CLI-0310,app,Recife,PE,Beleza,Perfume Importado 100ml,1,518.43,"R$ 0,00",entregue,2023-10-20
PED-00639,2024-09-17,CLI-1043,site,Brasília,DF,Beleza,Perfume Importado 100ml,3,549.41,"R$ 0,00",Entregue,2024-09-29
PED-04208,2023-03-12,CLI-0357,marketplace,FORTALEZA,CE,moda,Jaqueta Jeans,2,187.13,"R$ 0,00",entregue,2023-03-24
PED-03225,26/05/2023,CLI-1304,site,Brasília,DF,Eletrônicos,Webcam Full HD,3,235.62,"R$ 0,00",ENTREGUE,03/06/2023
PED-02401,2024-05-14,CLI-1112,site,Fortaleza,CE,MODA,Tênis Casual Masculino,1,247.59,"R$ 31,27",entregue,2024-05-23
PED-04753,27/11/2023,CLI-1026,marketplace,Recife,PE,Eletrônicos,Webcam Full HD,1,,"R$ 29,20",entregue,05/12/2023
PED-02975,2024-03-09,CLI-0767,app,Campinas,SP,Moda,Boné Aba Curva,1,97.91,"R$ 12,26",cancelado,
PED-03420,2024-11-03,CLI-1103,marketplace,São Paulo,SP,Moda,"Mochila Notebook 15""",1,296.9,"R$ 15,00",entregue,2024-11-06
PED-00695,2024-11-24,CLI-1067,site,recife,PE,Eletrônicos,Fone Bluetooth TWS,4,,"R$ 0,00",cancelado,
PED-00814,2024-05-07,CLI-1157,app,Rio de Janeiro,RJ,Eletrônicos,Webcam Full HD,4,219.74,"R$ 0,00",entregue,2024-05-15
PED-03546,2024-02-09,CLI-0221,site,Belo Horizonte,MG,Casa & Decoração,Jogo de Toalhas 4 peças,1,165.89,"R$ 16,84",devolvido,2024-02-15
PED-03842,2024-06-14,CLI-0194,site,São Paulo,SP,Eletrônicos,Fone Bluetooth TWS,1,350.62,"R$ 0,00",entregue,2024-06-20
PED-02168,2024-01-01,CLI-0869,app,Brasília,DF,,Quadro Decorativo Abstrato,1,139.26,"R$ 27,32",em transporte,
PED-04180,2024-11-21,CLI-0096,site,porto alegre,RS,Eletrônicos,Webcam Full HD,1,371.45,"R$ 0,00",entregue,2024-12-05
PED-00747,2023-11-12,CLI-1110,marketplace,Rio de Janeiro,RJ,Beleza,Perfume Importado 100ml,2,332.42,"R$ 0,00",em transporte,
PED-03036,2024-07-30,CLI-0876,marketplace,Fortaleza,CE,Eletrônicos,Webcam Full HD,1,182.32,"R$ 30,66",em transporte,
PED-00957,19/09/2024,CLI-0731,site,  São Paulo ,SP,Moda,Camiseta Básica Algodão,2,45.79,"R$ 13,25",entregue,27/09/2024
PED-04558,2024-08-12,CLI-0187,marketplace,Recife,PE,Esporte,Garrafa Térmica 1L,4,111.61,"R$ 0,00",Entregue,2024-08-22
PED-00048,14/10/2023,CLI-0017,app,Recife,PE,Casa & Decoração,Luminária de Mesa LED,1,181.66,"R$ 30,59",entregue,30/10/2023
PED-01226,2024-11-18,CLI-0547,app,  Salvador ,BA,Esporte,Camiseta Dry Fit,2,100.67,"R$ 31,38",em transporte,
PED-02007,2024-02-25,CLI-0278,site,São Paulo,SP,Eletrônicos,Carregador Turbo 30W,2,112.22,"R$ 14,74",entregue,2024-03-06
PED-03963,2024-07-22,CLI-0688,app,Salvador,BA,Moda,Camiseta Básica Algodão,4,40.64,"R$ 32,21",entregue,2024-08-07
PED-04161,23/03/2024,CLI-1337,site,Rio de Janeiro,RJ,ELETRÔNICOS,Smartwatch Fit,4,842.22,"R$ 0,00",em transporte,
PED-00987,2023-11-16,CLI-0013,app,Belo Horizonte,MG,Eletrônicos,Webcam Full HD,4,303.46,"R$ 0,00",entregue,2023-11-25
PED-00524,2024-05-17,CLI-0495,app,Recife,PE,Eletrônicos,Webcam Full HD,1,227.49,"R$ 32,56",entregue,2024-05-27
PED-00462,2023-05-31,CLI-0511,site,FORTALEZA,CE,Esporte,Tapete de Yoga 6mm,4,189.31,"R$ 0,00",entregue,2023-06-10
PED-03510,2023-10-05,CLI-0209,site,Salvador,BA,Beleza,Base Líquida Matte,3,87.63,"R$ 26,96",entregue,2023-10-17
PED-03665,2023-09-01,CLI-0441,site,São Paulo,SP,Eletrônicos,Webcam Full HD,2,302.49,"R$ 0,00",entregue,2023-09-11
PED-01215,2023-09-29,CLI-0900,marketplace,Ribeirão Preto,SP,Casa & Decoração,Jogo de Toalhas 4 peças,4,197.3,"R$ 0,00",entregue,2023-10-11
PED-01419,2024-11-21,CLI-0025,app,Belo Horizonte,MG,Casa & Decoração,Jogo de Toalhas 4 peças,2,229.0,"R$ 0,00",Entregue,2024-11-29
PED-04432,22/11/2024,CLI-1092,app,São Paulo,SP,Beleza,Base Líquida Matte,4,107.45,"R$ 0,00",entregue,01/12/2024
PED-04031,2024-03-13,CLI-0276,app,Recife,PE,Esporte,Camiseta Dry Fit,1,101.25,"R$ 29,03",entregue,2024-03-22
PED-00064,2024-09-11,CLI-0236,site,Campinas,SP,Moda,Camiseta Básica Algodão,4,62.59,"R$ 16,71",ENTREGUE,2024-09-22
PED-02345,2024-08-12,CLI-0449,marketplace,Campinas,SP,Esporte,Corda de Pular Speed,1,71.38,"R$ 14,78",entregue,2024-08-26
PED-04016,10/04/2024,CLI-0981,app,Belo Horizonte,MG,Beleza,Secador de Cabelo 2000W,4,281.48,"R$ 0,00",entregue,15/04/2024
PED-03147,2024-08-20,CLI-0662,site,Rio de Janeiro,RJ,Moda,Camiseta Básica Algodão,1,48.22,"R$ 14,20",entregue,2024-09-03
PED-00678,2024-03-03,CLI-1397,marketplace,Belo Horizonte,MG,eletronicos,Webcam Full HD,1,201.22,"R$ 24,07",cancelado,
PED-02543,16/11/2023,CLI-1248,app,Campinas,SP,Beleza,Perfume Importado 100ml,1,648.79,"R$ 0,00",entregue,26/11/2023
PED-03215,2023-06-01,CLI-0354,app,São Paulo,SP,Beleza,Secador de Cabelo 2000W,1,362.76,"R$ 0,00",entregue,2023-06-09
PED-00443,20/08/2024,CLI-0848,site,Belo Horizonte,MG,Moda,Jaqueta Jeans,4,224.97,"R$ 0,00",entregue,03/09/2024
PED-01555,2023-08-28,CLI-0371,app,Salvador,BA,Moda,Camiseta Básica Algodão,4,39.92,"R$ 29,26",entregue,2023-09-05
PED-02021,2024-06-21,CLI-0707,marketplace,belo horizonte,MG,Esporte,Garrafa Térmica 1L,4,125.68,"R$ 0,00",ENTREGUE,2024-06-26
PED-02212,2024-01-26,CLI-0577,site,Recife,PE,Eletrônicos,Webcam Full HD,1,331.25,"R$ 0,00",entregue,2024-02-06
PED-01662,2024-06-12,CLI-0816,site,Campinas,SP,Eletrônicos,Carregador Turbo 30W,2,,"R$ 13,94",entregue,2024-06-25
PED-04487,2024-09-18,CLI-0525,app,Ribeirão Preto,SP,Casa & Decoração,"Tapete Sala 1,5m",2,407.57,"R$ 0,00",em transporte,
PED-03497,2024-08-07,CLI-0417,marketplace,Salvador,BA,moda,Camiseta Básica Algodão,2,59.39,"R$ 30,13",entregue,2024-08-24
PED-01220,2023-03-17,CLI-0507,app,Goiânia,GO,Esporte,Tapete de Yoga 6mm,1,108.26,"R$ 23,78",entregue,2023-03-25
PED-04398,05/09/2024,CLI-1277,marketplace,São Paulo,SP,Esporte,Garrafa Térmica 1L,1,109.6,"R$ 13,87",ENTREGUE,19/09/2024
PED-03620,2024-12-16,CLI-1352,site,Fortaleza,,Esporte,Tapete de Yoga 6mm,4,167.3,"R$ 0,00",Entregue,2024-12-28
PED-04947,2024-05-14,CLI-1232,site,Salvador,BA,Casa & Decoração,Jogo de Toalhas 4 peças,2,93.77,"R$ 26,65",entregue,2024-05-23
PED-01609,05/01/2024,CLI-0778,marketplace,São Paulo,SP,Eletrônicos,Smartwatch Fit,1,432.83,"R$ 0,00",entregue,13/01/2024
PED-03403,2024-03-23,CLI-0352,site,São Paulo,SP,Esporte,Garrafa Térmica 1L,2,135.02,"R$ 14,52",entregue,2024-04-02
PED-00144,2024-04-28,CLI-0962,site,são paulo,SP,Moda,Boné Aba Curva,1,83.36,"R$ 13,50",entregue,2024-05-11
PED-02081,2023-12-13,CLI-1048,marketplace,  Rio de Janeiro ,RJ,Beleza,Base Líquida Matte,2,78.47,"R$ 18,28",entregue,2023-12-20
PED-02351,07/03/2023,CLI-0212,site,Campinas,SP,Eletrônicos,Carregador Turbo 30W,4,97.29,"R$ 0,00",entregue,21/03/2023
PED-00454,2023-06-27,CLI-0712,app,  Campinas ,SP,eletronicos,Caixa de Som Portátil,1,402.29,"R$ 0,00",entregue,2023-07-09
PED-03399,2024-07-20,CLI-1169,marketplace,Belo Horizonte,MG,Casa & Decoração,Luminária de Mesa LED,4,170.43,"R$ 0,00",devolvido,2024-07-28
PED-00036,2023-07-12,CLI-1025,site,Rio de Janeiro,RJ,Moda,Camiseta Básica Algodão,2,48.85,"R$ 18,81",entregue,2023-07-25
PED-03727,15/12/2024,CLI-0310,marketplace,Belo Horizonte,MG,Esporte,Camiseta Dry Fit,2,127.71,"R$ 17,28",entregue,20/12/2024
PED-04079,2023-06-10,CLI-1352,app,SALVADOR,BA,Casa & Decoração,Vaso Decorativo Cerâmica,2,112.36,"R$ 25,97",entregue,2023-06-22
PED-00721,2024-03-15,CLI-0720,app,Porto Alegre,RS,Esporte,Garrafa Térmica 1L,1,118.97,"R$ 28,16",entregue,2024-03-28
PED-00920,2024-04-14,CLI-1098,site,Brasília,DF,Beleza,Secador de Cabelo 2000W,1,242.83,"R$ 27,02",entregue,2024-05-01
PED-01018,2024-11-02,CLI-0004,app,Campinas,SP,Eletrônicos,Smartwatch Fit,3,633.69,"R$ 0,00",entregue,2024-11-10
PED-02179,2023-09-16,CLI-0410,app,Belo Horizonte,MG,Eletrônicos,Caixa de Som Portátil,2,463.34,"R$ 0,00",entregue,2023-09-26
PED-03739,2024-10-01,CLI-0783,app,SÃO PAULO,SP,Beleza,Kit Skincare Facial,2,160.09,"R$ 0,00",cancelado,
PED-03802,2023-07-29,CLI-1309,app,Curitiba,PR,ESPORTE,Halter Emborrachado 5kg,4,155.01,"R$ 0,00",entregue,2023-08-06
PED-00008,2024-09-25,CLI-1045,marketplace,São Paulo,SP,Casa & Decoração,Quadro Decorativo Abstrato,1,109.12,"R$ 20,98",entregue,2024-10-08
PED-04403,23/01/2023,CLI-0607,app,  Salvador ,BA,Moda,"Mochila Notebook 15""",2,299.53,"R$ 0,00",Entregue,06/02/2023
PED-01878,2023-11-07,CLI-0301,site,Rio de Janeiro,,Casa & Decoração,Quadro Decorativo Abstrato,2,86.9,"R$ 20,06",entregue,2023-11-20
PED-02165,2024-11-14,CLI-0884,app,Belo Horizonte,MG,Eletrônicos,Carregador Turbo 30W,2,115.3,"R$ 19,21",em transporte,
PED-01571,21/12/2023,CLI-0450,site,São Paulo,SP,Casa & Decoração,Quadro Decorativo Abstrato,4,105.2,"R$ 0,00",entregue,01/01/2024
PED-02127,2023-11-15,CLI-1340,app,Belo Horizonte,MG,Eletrônicos,Carregador Turbo 30W,1,128.44,"R$ 22,82",cancelado,
PED-00549,2024-09-04,CLI-1025,marketplace,PORTO ALEGRE,RS,Casa & Decoração,Quadro Decorativo Abstrato,2,85.92,"R$ 24,66",devolvido,2024-09-19
PED-02222,2024-01-24,CLI-1253,app,BELO HORIZONTE,MG,Eletrônicos,Caixa de Som Portátil,1,249.91,"R$ 21,48",ENTREGUE,2024-02-02
PED-00548,31/03/2023,CLI-1175,app,Brasília,DF,Esporte,Tapete de Yoga 6mm,3,180.47,"R$ 0,00",entregue,16/04/2023
PED-03631,2023-04-27,CLI-0996,site,Porto Alegre,RS,Eletrônicos,Webcam Full HD,1,340.97,"R$ 0,00",entregue,2023-05-04
PED-04902,2023-10-14,CLI-1359,app,São Paulo,SP,Eletrônicos,Smartwatch Fit,3,644.09,"R$ 0,00",em transporte,
PED-01690,2023-12-14,CLI-0068,app,rio de janeiro,RJ,Eletrônicos,Smartwatch Fit,4,678.92,"R$ 0,00",devolvido,2023-12-25
PED-02855,2024-09-06,CLI-0338,marketplace,Porto Alegre,RS,Esporte,Tapete de Yoga 6mm,1,114.59,"R$ 22,36",entregue,2024-09-19
PED-02988,2024-04-11,CLI-0747,app,Ribeirão Preto,SP,Casa & Decoração,"Tapete Sala 1,5m",1,346.79,"R$ 0,00",entregue,2024-04-25
PED-00053,2024-09-25,CLI-1287,app,Fortaleza,CE,Moda,Jaqueta Jeans,1,242.92,"R$ 34,20",entregue,2024-10-12
PED-01248,2023-07-28,CLI-0790,app,Goiânia,GO,Moda,Boné Aba Curva,1,55.69,"R$ 28,46",entregue,2023-08-14
PED-02159,25/12/2023,CLI-0315,marketplace,  Campinas ,SP,Moda,"Mochila Notebook 15""",2,153.51,"R$ 0,00",em transporte,
PED-00238,2024-09-24,CLI-0479,app,Belo Horizonte,MG,Beleza,Secador de Cabelo 2000W,2,377.39,"R$ 0,00",devolvido,2024-10-08
PED-02300,16/08/2024,CLI-1208,site,belo horizonte,MG,Moda,Camiseta Básica Algodão,1,53.69,"R$ 20,19",entregue,29/08/2024
PED-00260,2024-05-13,CLI-0717,app,Curitiba,PR,Casa & Decoração,Vaso Decorativo Cerâmica,1,64.05,"R$ 23,87",entregue,2024-05-26
PED-04192,12/08/2024,CLI-0418,site,Ribeirão Preto,,Casa & Decoração,Vaso Decorativo Cerâmica,4,78.11,"R$ 0,00",em transporte,
PED-04694,2024-11-05,CLI-0392,marketplace,São Paulo,SP,Eletrônicos,Webcam Full HD,4,235.02,"R$ 0,00",entregue,2024-11-09
PED-04142,2024-03-27,CLI-0772,app,Brasília,DF,Beleza,Perfume Importado 100ml,2,550.29,"R$ 0,00",EM TRANSPORTE,
PED-00728,2023-03-16,CLI-0008,app,Belo Horizonte,MG,Moda,Camiseta Básica Algodão,4,65.01,"R$ 25,52",entregue,2023-03-19
PED-03747,2023-09-10,CLI-0001,app,São Paulo,SP,Casa & Decoração,Luminária de Mesa LED,1,218.95,"R$ 11,42",ENTREGUE,2023-09-24
PED-00971,2023-09-13,CLI-0622,marketplace,São Paulo,SP,Esporte,Tapete de Yoga 6mm,2,112.21,"R$ 15,15",entregue,2023-09-26
PED-03049,2024-11-28,CLI-0118,site,SÃO PAULO,SP,ESPORTE,Camiseta Dry Fit,4,88.56,"R$ 0,00",entregue,2024-12-02
PED-03836,13/01/2024,CLI-1348,app,São Paulo,SP,Moda,Boné Aba Curva,4,100.56,"R$ 0,00",entregue,25/01/2024
PED-00953,2023-09-05,CLI-0725,site,  Campinas ,SP,CASA & DECORAÇÃO,Luminária de Mesa LED,1,111.38,"R$ 14,33",entregue,2023-09-09
PED-00818,2024-04-01,CLI-0082,site,Belo Horizonte,MG,Beleza,Base Líquida Matte,4,131.34,"R$ 0,00",entregue,2024-04-07
PED-04517,2024-01-06,CLI-0722,site,fortaleza,CE,Eletrônicos,Caixa de Som Portátil,1,373.94,"R$ 0,00",Entregue,2024-01-22
PED-00191,2024-12-05,CLI-1110,app,Porto Alegre,RS,Beleza,Base Líquida Matte,1,83.91,"R$ 24,52",em transporte,
PED-02532,2024-06-12,CLI-0853,app,Rio de Janeiro,RJ,MODA,"Mochila Notebook 15""",1,182.05,"R$ 12,07",ENTREGUE,2024-06-26
PED-01752,24/07/2023,CLI-0284,site,Campinas,SP,casa & decoracao,Jogo de Toalhas 4 peças,1,229.49,"R$ 12,41",cancelado,
PED-01019,16/02/2023,CLI-0299,app,São Paulo,SP,Casa & Decoração,Quadro Decorativo Abstrato,3,93.23,"R$ 13,93",entregue,27/02/2023
PED-02263,2024-01-29,CLI-0998,site,Rio de Janeiro,RJ,Esporte,Camiseta Dry Fit,2,89.29,"R$ 19,35",entregue,2024-02-04
PED-03798,2024-09-20,CLI-1102,site,São Paulo,SP,Moda,Tênis Casual Masculino,1,415.41,"R$ 0,00",entregue,2024-09-24
PED-04820,2024-04-13,CLI-0948,site,Goiania,GO,Eletrônicos,Fone Bluetooth TWS,1,228.82,"R$ 31,08",entregue,2024-04-29
PED-03506,2024-04-25,CLI-0654,site,Fortaleza,CE,Moda,Boné Aba Curva,2,46.94,"R$ 35,29",em transporte,
PED-00503,2024-11-28,CLI-0804,site,Goiânia,GO,Moda,Jaqueta Jeans,3,312.99,"R$ 0,00",entregue,2024-12-12
PED-00682,2023-07-24,CLI-0414,app,Rio de Janeiro,RJ,Beleza,Kit Skincare Facial,4,168.44,"R$ 0,00",entregue,2023-08-02
PED-03625,2024-07-03,CLI-0421,app,São Paulo,SP,Beleza,Perfume Importado 100ml,1,285.74,"R$ 13,92",cancelado,
PED-04555,2023-09-10,CLI-1245,app,Brasília,DF,,Jaqueta Jeans,2,198.77,"R$ 0,00",entregue,2023-09-24
PED-02954,2024-11-26,CLI-0909,site,São Paulo,SP,Beleza,Perfume Importado 100ml,1,561.15,"R$ 0,00",devolvido,2024-12-03
PED-04321,20/10/2024,CLI-1117,site,São Paulo,SP,ESPORTE,Garrafa Térmica 1L,1,103.34,"R$ 13,99",cancelado,
PED-03865,10/12/2024,CLI-0771,site,Campinas,SP,Moda,Boné Aba Curva,3,51.34,"R$ 12,12",em transporte,
PED-00079,17/04/2024,CLI-0410,site,Rio de Janeiro,RJ,Moda,Camiseta Básica Algodão,1,49.89,"R$ 19,72",devolvido,29/04/2024
PED-02570,30/12/2024,CLI-0530,site,Goiânia,GO,Esporte,Corda de Pular Speed,2,49.36,"R$ 28,54",entregue,07/01/2025
PED-04146,2023-09-15,CLI-0577,site,São Paulo,SP,Eletrônicos,Smartwatch Fit,2,765.47,"R$ 0,00",Em transporte,
PED-01485,2024-06-11,CLI-0106,site,São Paulo,SP,MODA,Camiseta Básica Algodão,1,46.09,"R$ 20,94",entregue,2024-06-21
PED-00128,2023-05-30,CLI-0852,marketplace,Fortaleza,CE,Moda,"Mochila Notebook 15""",1,277.46,"R$ 32,58",entregue,2023-06-15
PED-01267,2023-06-24,CLI-0364,app,rio de janeiro,RJ,Casa & Decoração,Vaso Decorativo Cerâmica,2,54.86,"R$ 21,37",entregue,2023-07-02
PED-03236,2023-05-20,CLI-0387,site,São Paulo,SP,Beleza,Base Líquida Matte,2,77.96,"R$ 10,21",entregue,2023-05-29
PED-03188,2024-11-08,CLI-0037,marketplace,Belo Horizonte,MG,Moda,Tênis Casual Masculino,3,239.33,"R$ 0,00",entregue,2024-11-19
PED-03881,2024-08-07,CLI-0511,site,Belo Horizonte,MG,Moda,Camiseta Básica Algodão,2,69.91,"R$ 21,83",ENTREGUE,2024-08-17
PED-02737,05/07/2023,CLI-1055,app,Porto Alegre,RS,Eletrônicos,Webcam Full HD,1,270.6,"R$ 27,52",entregue,15/07/2023
PED-02328,21/07/2023,CLI-0261,site,Rio de Janeiro,RJ,Eletrônicos,Carregador Turbo 30W,1,78.76,"R$ 18,87",cancelado,
PED-01871,2023-10-27,CLI-0415,app,Rio de Janeiro,RJ,Eletrônicos,Fone Bluetooth TWS,1,347.25,"R$ 0,00",ENTREGUE,2023-11-06
PED-01285,2024-12-01,CLI-0455,app,BELO HORIZONTE,MG,Casa & Decoração,Quadro Decorativo Abstrato,1,149.44,"R$ 21,11",entregue,2024-12-06
PED-02552,05/03/2024,CLI-0882,site,FORTALEZA,CE,Eletrônicos,Caixa de Som Portátil,1,341.76,"R$ 0,00",entregue,13/03/2024
PED-02223,26/12/2023,CLI-0101,app,São Paulo,SP,ESPORTE,Camiseta Dry Fit,2,64.32,"R$ 15,53",entregue,03/01/2024
PED-03587,2023-12-12,CLI-1400,marketplace,São Paulo,SP,esporte,Garrafa Térmica 1L,3,113.66,"R$ 0,00",entregue,2023-12-20
PED-04853,2024-10-08,CLI-0674,site,São Paulo,SP,Casa & Decoração,Luminária de Mesa LED,1,80.92,"R$ 15,74",entregue,2024-10-15
PED-03347,01/10/2024,CLI-0269,site,Campinas,,Eletrônicos,Fone Bluetooth TWS,1,197.53,"R$ 13,26",cancelado,
PED-04215,2024-04-25,CLI-1389,app,Goiânia,GO,Beleza,Perfume Importado 100ml,1,270.52,"R$ 28,44",entregue,2024-05-11
PED-03517,2024-05-23,CLI-0022,app,Belo Horizonte,MG,Esporte,Halter Emborrachado 5kg,2,141.76,"R$ 17,87",entregue,2024-06-04
PED-00787,13/10/2024,CLI-0818,app,BELO HORIZONTE,MG,Casa & Decoração,"Tapete Sala 1,5m",4,224.73,"R$ 0,00",devolvido,24/10/2024
PED-01227,08/02/2024,CLI-0627,site,São Paulo,SP,Moda,"Mochila Notebook 15""",1,246.59,"R$ 13,23",entregue,12/02/2024
PED-02577,2024-07-23,CLI-1003,site,São Paulo,SP,Beleza,Kit Skincare Facial,2,117.18,"R$ 16,27",entregue,2024-07-31
PED-00110,22/11/2024,CLI-0228,site,Recife,PE,Moda,"Mochila Notebook 15""",1,243.43,"R$ 30,44",ENTREGUE,30/11/2024
PED-02207,07/08/2024,CLI-0468,site,Recife,PE,Esporte,Corda de Pular Speed,1,72.99,"R$ 28,75",em transporte,
PED-00557,2023-10-17,CLI-1254,app,São Paulo,SP,Moda,Tênis Casual Masculino,1,,"R$ 0,00",entregue,2023-10-20
PED-02620,2024-11-22,CLI-0805,app,Fortaleza,CE,Moda,Camiseta Básica Algodão,1,74.69,"R$ 32,80",em transporte,
PED-01119,29/09/2023,CLI-0057,app,Porto Alegre,RS,Eletrônicos,Carregador Turbo 30W,2,101.7,"R$ 25,92",em transporte,
PED-01102,2023-11-14,CLI-0009,marketplace,Porto Alegre,,Esporte,Garrafa Térmica 1L,1,128.43,"R$ 27,96",entregue,2023-12-01
PED-02241,2023-10-22,CLI-0051,app,São Paulo,SP,Casa & Decoração,Quadro Decorativo Abstrato,3,130.4,"R$ 0,00",entregue,2023-10-29
PED-00310,26/05/2023,CLI-1251,site,Goiânia,GO,Moda,Boné Aba Curva,2,97.5,"R$ 26,97",entregue,05/06/2023
PED-01161,2023-02-10,CLI-0436,app,São Paulo,SP,Esporte,Halter Emborrachado 5kg,1,69.52,"R$ 16,76",entregue,2023-02-13
PED-04709,2023-06-21,CLI-1277,site,Belo Horizonte,MG,Esporte,Corda de Pular Speed,1,36.36,"R$ 21,17",em transporte,
PED-03709,2024-01-12,CLI-0655,app,São Paulo,SP,Esporte,Halter Emborrachado 5kg,1,92.83,"R$ 18,68",entregue,2024-01-26
PED-04785,18/12/2024,CLI-0082,marketplace,Curitiba,PR,Moda,Tênis Casual Masculino,2,,"R$ 0,00",cancelado,
PED-00713,2024-10-14,CLI-0792,marketplace,São Paulo,SP,ELETRÔNICOS,Fone Bluetooth TWS,1,263.25,"R$ 14,41",entregue,2024-10-18
PED-03921,2023-08-09,CLI-0670,site,Brasília,DF,Eletrônicos,Smartwatch Fit,1,431.94,"R$ 0,00",entregue,2023-08-18
PED-04105,2024-11-24,CLI-1305,marketplace,Brasília,DF,Eletrônicos,Caixa de Som Portátil,1,470.6,"R$ 0,00",entregue,2024-12-11
PED-04730,2023-12-23,CLI-0975,app,Goiânia,GO,Beleza,Base Líquida Matte,1,129.08,"R$ 26,68",entregue,2024-01-02
PED-01221,2023-01-02,CLI-0867,site,Porto Alegre,RS,Moda,Camiseta Básica Algodão,1,45.18,"R$ 28,04",entregue,2023-01-15
PED-03354,2023-11-10,CLI-0821,site,Rio de Janeiro,RJ,esporte,Camiseta Dry Fit,2,99.54,"R$ 20,92",cancelado,
PED-00573,2024-02-19,CLI-1386,app,Belo Horizonte,MG,MODA,Boné Aba Curva,2,52.72,"R$ 18,16",entregue,2024-03-01
PED-04028,2024-06-29,CLI-0100,site,Curitiba,PR,Beleza,Secador de Cabelo 2000W,3,335.47,"R$ 0,00",entregue,2024-07-13
PED-01472,2023-07-11,CLI-0577,app,São Paulo,SP,Beleza,Perfume Importado 100ml,3,282.32,"R$ 0,00",entregue,2023-07-22
PED-00365,2024-06-25,CLI-0461,app,São Paulo,SP,Esporte,Tapete de Yoga 6mm,4,85.23,"R$ 0,00",em transporte,
PED-04620,2024-03-14,CLI-0577,site,Goiânia,GO,Eletrônicos,Carregador Turbo 30W,1,118.29,"R$ 26,44",entregue,2024-03-26
PED-04633,09/11/2023,CLI-0905,marketplace,Salvador,BA,Moda,Tênis Casual Masculino,1,420.12,"R$ 0,00",entregue,25/11/2023
PED-00517,2023-11-03,CLI-0148,marketplace,porto alegre,RS,CASA & DECORAÇÃO,"Tapete Sala 1,5m",2,411.48,"R$ 0,00",entregue,2023-11-17
PED-01588,2024-04-17,CLI-1221,app,SÃO PAULO,SP,Casa & Decoração,Jogo de Toalhas 4 peças,1,221.64,"R$ 10,63",entregue,2024-04-29
PED-04514,2023-05-11,CLI-0264,site,São Paulo,SP,Beleza,Base Líquida Matte,3,67.06,"R$ 21,12",em transporte,
PED-02016,2024-03-22,CLI-1185,site,Porto Alegre,RS,Moda,"Mochila Notebook 15""",2,325.62,"R$ 0,00",Devolvido,2024-04-09
PED-02807,2023-11-10,CLI-1154,site,Rio de Janeiro,RJ,moda,Jaqueta Jeans,3,240.82,"R$ 0,00",entregue,2023-11-22
PED-04632,19/01/2024,CLI-1054,app,Belo Horizonte,MG,Eletrônicos,Caixa de Som Portátil,1,455.0,"R$ 0,00",entregue,29/01/2024
PED-01663,2024-09-23,CLI-0398,marketplace,São Paulo,SP,Eletrônicos,Caixa de Som Portátil,1,335.92,"R$ 0,00",entregue,2024-10-01
PED-02188,2024-05-06,CLI-0645,app,Brasília,DF,Casa & Decoração,"Tapete Sala 1,5m",1,173.52,"R$ 22,08",entregue,2024-05-16
PED-03940,13/04/2023,CLI-0815,site,Campinas,SP,Casa & Decoração,"Tapete Sala 1,5m",1,206.69,"R$ 17,98",ENTREGUE,24/04/2023
PED-03315,2023-10-17,CLI-1028,site,Curitiba,PR,Esporte,Corda de Pular Speed,1,64.73,"R$ 22,75",entregue,2023-11-03
PED-02834,2024-10-21,CLI-1389,site,Belo Horizonte,MG,Esporte,Halter Emborrachado 5kg,2,76.61,"R$ 21,86",entregue,2024-10-30
PED-00675,14/05/2024,CLI-1348,marketplace,Salvador,BA,Moda,Camiseta Básica Algodão,2,94.84,"R$ 31,99",entregue,24/05/2024
PED-00820,2023-10-01,CLI-0860,site,São Paulo,SP,Casa & Decoração,"Tapete Sala 1,5m",2,265.36,"R$ 0,00",Entregue,2023-10-07
PED-03872,2023-07-26,CLI-0564,site,Salvador,BA,Beleza,Base Líquida Matte,3,100.41,"R$ 0,00",entregue,2023-08-06
PED-00432,2024-09-15,CLI-0169,app,Sao Paulo,SP,Beleza,Secador de Cabelo 2000W,1,122.18,"R$ 14,50",entregue,2024-09-29
PED-04901,2024-03-04,CLI-0577,marketplace,Brasília,DF,Moda,Jaqueta Jeans,2,205.88,"R$ 0,00",entregue,2024-03-11
PED-02730,18/11/2024,CLI-0665,site,Campinas,SP,Esporte,Corda de Pular Speed,1,37.62,"R$ 14,48",entregue,26/11/2024
PED-04408,2023-12-03,CLI-0363,site,Recife,PE,Beleza,Kit Skincare Facial,1,96.23,"R$ 35,94",em transporte,
PED-00314,2023-11-29,CLI-0798,site,Goiânia,GO,Esporte,Corda de Pular Speed,3,39.33,"R$ 28,50",Entregue,2023-12-17
PED-04484,02/09/2023,CLI-1107,app,Belo Horizonte,MG,Eletrônicos,Webcam Full HD,4,236.84,"R$ 0,00",em transporte,
PED-02989,14/06/2023,CLI-0373,site,Campinas,SP,Eletrônicos,Webcam Full HD,2,372.58,"R$ 0,00",entregue,24/06/2023
PED-00827,14/05/2024,CLI-0989,app,  Salvador ,BA,Moda,Boné Aba Curva,1,107.93,"R$ 29,89",entregue,30/05/2024
PED-03746,07/08/2024,CLI-0634,site,Fortaleza,CE,Esporte,Halter Emborrachado 5kg,2,84.82,"R$ 34,60",entregue,25/08/2024
PED-00061,2024-07-03,CLI-0794,marketplace,Porto Alegre,RS,Beleza,Base Líquida Matte,1,133.88,"R$ 25,36",entregue,2024-07-21
PED-00683,2023-01-21,CLI-0605,site,Fortaleza,CE,Moda,Tênis Casual Masculino,1,379.0,"R$ 0,00",entregue,2023-02-03
PED-02782,2023-04-23,CLI-0528,app,Salvador,BA,Casa & Decoração,Vaso Decorativo Cerâmica,4,62.24,"R$ 32,76",Entregue,2023-05-05
PED-04855,2023-04-07,CLI-1351,app,Rio de Janeiro,RJ,Moda,Camiseta Básica Algodão,2,72.93,"R$ 17,39",cancelado,
PED-02325,2023-09-21,CLI-0940,marketplace,Brasília,DF,Casa & Decoração,Jogo de Toalhas 4 peças,4,188.33,"R$ 0,00",entregue,2023-09-29
PED-03485,25/07/2024,CLI-0673,site,Fortaleza,CE,Casa & Decoração,Jogo de Toalhas 4 peças,3,148.24,"R$ 0,00",entregue,12/08/2024
PED-00300,14/06/2024,CLI-0710,app,Recife,PE,Eletrônicos,Smartwatch Fit,1,452.72,"R$ 0,00",entregue,25/06/2024
PED-02769,2024-10-31,CLI-1378,marketplace,Brasília,DF,Eletrônicos,Smartwatch Fit,1,701.54,"R$ 0,00",Cancelado,
PED-01153,2023-04-16,CLI-1398,app,São Paulo,SP,Esporte,Camiseta Dry Fit,2,67.62,"R$ 11,78",entregue,2023-04-19
PED-00890,2024-07-14,CLI-0655,app,Curitiba,PR,ESPORTE,Corda de Pular Speed,1,41.5,"R$ 24,58",entregue,2024-07-25
PED-02057,2024-12-22,CLI-0943,app,São Paulo,SP,Beleza,Base Líquida Matte,2,137.48,"R$ 15,75",entregue,2024-12-27
PED-01336,2024-11-05,CLI-0316,marketplace,Porto Alegre,RS,Esporte,Halter Emborrachado 5kg,2,148.99,"R$ 26,94",entregue,2024-11-20
PED-00645,31/05/2024,CLI-1173,marketplace,Ribeirão Preto,SP,Casa & Decoração,Luminária de Mesa LED,3,121.63,"R$ 0,00",entregue,11/06/2024
PED-02322,2023-03-18,CLI-0122,site,BELO HORIZONTE,MG,ESPORTE,Camiseta Dry Fit,1,128.55,"R$ 16,41",entregue,2023-03-21
PED-00527,2024-12-14,CLI-0755,site,rio de janeiro,RJ,Beleza,Base Líquida Matte,1,61.82,"R$ 22,39",entregue,2024-12-26
PED-02950,2024-11-12,CLI-1216,site,Brasília,DF,Moda,Boné Aba Curva,2,107.19,"R$ 23,70",cancelado,
PED-02733,15/04/2024,CLI-0577,app,São Paulo,SP,Eletrônicos,Caixa de Som Portátil,1,216.45,"R$ 14,21",entregue,28/04/2024
PED-04004,2023-09-02,CLI-1261,app,Rio de Janeiro,RJ,Beleza,Base Líquida Matte,1,147.24,"R$ 18,25",entregue,2023-09-09
PED-00055,29/07/2024,CLI-0782,app,Belo Horizonte,MG,Casa & Decoração,Quadro Decorativo Abstrato,2,195.11,"R$ 0,00",Entregue,11/08/2024
PED-04714,2024-11-21,CLI-0999,marketplace,Belo Horizonte,MG,Moda,Camiseta Básica Algodão,1,96.14,"R$ 14,72",entregue,2024-12-03
PED-00050,2023-05-26,CLI-0635,app,Ribeirão Preto,SP,esporte,Garrafa Térmica 1L,2,82.09,"R$ 20,93",cancelado,
PED-00767,2023-07-11,CLI-1136,app,brasília,DF,Esporte,Garrafa Térmica 1L,1,75.23,"R$ 27,11",entregue,2023-07-26
PED-03037,2024-05-28,CLI-1048,site,Brasília,DF,Moda,Tênis Casual Masculino,1,310.62,"R$ 0,00",entregue,2024-06-04
PED-02157,18/04/2023,CLI-0909,app,Rio de Janeiro,RJ,Casa & Decoração,Vaso Decorativo Cerâmica,2,88.63,"R$ 16,11",em transporte,
PED-03594,2023-04-07,CLI-0673,app,  Porto Alegre ,RS,Esporte,Halter Emborrachado 5kg,1,125.43,"R$ 23,89",entregue,2023-04-22
PED-03623,2024-01-22,CLI-0710,marketplace,São Paulo,SP,Esporte,Garrafa Térmica 1L,4,117.7,"R$ 0,00",entregue,2024-01-31
PED-02071,2024-11-07,CLI-0744,app,Ribeirão Preto,SP,MODA,Tênis Casual Masculino,2,347.63,"R$ 0,00",cancelado,
PED-04525,2024-08-19,CLI-1286,app,  Brasília ,DF,Moda,Boné Aba Curva,4,100.47,"R$ 0,00",entregue,2024-09-03
PED-00377,2024-12-04,CLI-0774,app,Porto Alegre,RS,Beleza,Secador de Cabelo 2000W,1,218.76,"R$ 21,81",entregue,2024-12-18
PED-00737,2023-07-29,CLI-0101,app,São Paulo,SP,Moda,"Mochila Notebook 15""",3,280.14,"R$ 0,00",entregue,2023-08-10
PED-00595,2023-01-09,CLI-0133,marketplace,Belo Horizonte,MG,Beleza,Kit Skincare Facial,1,144.16,"R$ 24,47",entregue,2023-01-23
PED-00349,2024-05-10,CLI-1080,site,São Paulo,SP,Moda,Boné Aba Curva,2,79.26,"R$ 12,34",entregue,2024-05-14
PED-02254,09/05/2024,CLI-0744,marketplace,Recife,PE,Casa & Decoração,Jogo de Toalhas 4 peças,1,156.7,"R$ 29,14",entregue,26/05/2024
PED-04190,2024-02-29,CLI-1257,site,São Paulo,SP,Casa & Decoração,Quadro Decorativo Abstrato,3,172.54,"R$ 0,00",entregue,2024-03-04
PED-02856,2024-12-06,CLI-0768,site,  São Paulo ,SP,Eletrônicos,Caixa de Som Portátil,2,194.47,"R$ 0,00",entregue,2024-12-10
PED-01249,2024-11-17,CLI-0430,marketplace,São Paulo,SP,Casa & Decoração,Quadro Decorativo Abstrato,2,196.15,"R$ 0,00",entregue,2024-11-20
PED-04940,11/07/2023,CLI-0984,app,Recife,PE,Moda,Tênis Casual Masculino,1,310.16,"R$ 0,00",entregue,21/07/2023
PED-04302,04/08/2024,CLI-0250,app,Belo Horizonte,MG,Esporte,Camiseta Dry Fit,2,61.74,"R$ 16,59",cancelado,
PED-04588,2024-11-26,CLI-1284,app,São Paulo,SP,Esporte,Corda de Pular Speed,4,39.23,"R$ 15,95",entregue,2024-12-03
PED-04401,2024-10-03,CLI-1114,site,Recife,PE,Eletrônicos,Carregador Turbo 30W,1,74.8,"R$ 28,41",entregue,2024-10-21
PED-01300,2023-12-11,CLI-0887,app,Rio de Janeiro,RJ,Eletrônicos,Carregador Turbo 30W,3,117.3,"R$ 0,00",em transporte,
PED-04035,12/05/2023,CLI-1110,site,Rio de Janeiro,RJ,Casa & Decoração,Quadro Decorativo Abstrato,-1,106.45,"R$ 0,00",entregue,16/05/2023
PED-04096,2023-11-08,CLI-1081,app,Curitiba,PR,Beleza,Kit Skincare Facial,1,235.38,"R$ 17,87",ENTREGUE,2023-11-22
PED-04232,07/02/2023,CLI-0577,site,Campinas,SP,Casa & Decoração,"Tapete Sala 1,5m",1,226.75,"R$ 14,19",entregue,12/02/2023
PED-00936,2023-07-29,CLI-0095,site,Brasília,DF,Moda,"Mochila Notebook 15""",2,168.59,"R$ 0,00",entregue,2023-08-15
PED-01715,2023-10-25,CLI-0320,site,Goiânia,GO,Moda,"Mochila Notebook 15""",3,286.72,"R$ 0,00",entregue,2023-11-04
PED-02305,2024-01-10,CLI-1107,app,Belo Horizonte,MG,Esporte,Camiseta Dry Fit,2,111.06,"R$ 19,12",EM TRANSPORTE,
PED-04703,17/11/2023,CLI-0220,site,rio de janeiro,RJ,Moda,"Mochila Notebook 15""",1,241.66,"R$ 19,84",em transporte,
PED-03148,2024-08-03,CLI-0653,app,Porto Alegre,RS,Moda,Jaqueta Jeans,3,172.43,"R$ 0,00",entregue,2024-08-20
PED-04770,2024-08-01,CLI-0517,app,Salvador,BA,Moda,Camiseta Básica Algodão,2,66.24,"R$ 30,39",entregue,2024-08-17
PED-03053,19/06/2024,CLI-0959,app,Recife,PE,Eletrônicos,Webcam Full HD,1,292.74,"R$ 28,24",entregue,30/06/2024
PED-02447,2023-02-27,CLI-0534,app,Salvador,BA,Moda,Camiseta Básica Algodão,2,61.29,"R$ 26,31",entregue,2023-03-12
PED-00708,2024-09-23,CLI-1040,app,Brasilia,DF,Esporte,Camiseta Dry Fit,1,95.43,"R$ 21,76",entregue,2024-10-03
PED-04511,2024-05-10,CLI-0660,site,Porto Alegre,RS,Moda,"Mochila Notebook 15""",4,230.68,"R$ 0,00",entregue,2024-05-24
PED-00654,2023-08-29,CLI-0352,site,São Paulo,SP,Casa & Decoração,Quadro Decorativo Abstrato,2,98.45,"R$ 16,06",entregue,2023-09-10
PED-03004,2024-08-28,CLI-0346,app,Recife,PE,CASA & DECORAÇÃO,"Tapete Sala 1,5m",2,132.51,"R$ 31,53",Entregue,2024-09-10
PED-04314,17/10/2024,CLI-0951,marketplace,Recife,PE,Casa & Decoração,Quadro Decorativo Abstrato,1,179.25,"R$ 31,77",entregue,04/11/2024
PED-00418,19/09/2024,CLI-0483,site,SALVADOR,BA,Eletrônicos,Smartwatch Fit,3,591.53,"R$ 0,00",entregue,07/10/2024
PED-02858,06/01/2024,CLI-0624,app,Ribeirão Preto,SP,Casa & Decoração,Luminária de Mesa LED,1,139.21,"R$ 14,00",Entregue,20/01/2024
PED-01040,2023-05-14,CLI-0030,marketplace,Porto Alegre,RS,esporte,Camiseta Dry Fit,4,123.96,"R$ 0,00",cancelado,
PED-00131,2023-06-24,CLI-1361,marketplace,  Salvador ,BA,Moda,Jaqueta Jeans,3,144.35,"R$ 0,00",entregue,2023-07-07
PED-00848,2024-07-13,CLI-1383,site,Curitiba,PR,Casa & Decoração,"Tapete Sala 1,5m",1,174.88,"R$ 19,27",entregue,2024-07-21
PED-01150,19/11/2024,CLI-0979,app,Brasília,DF,Moda,Jaqueta Jeans,3,320.29,"R$ 0,00",entregue,29/11/2024
PED-03912,2024-02-12,CLI-0988,site,Fortaleza,CE,Moda,"Mochila Notebook 15""",2,175.05,"R$ 0,00",entregue,2024-02-25
PED-02993,2023-11-01,CLI-0759,app,Rio de Janeiro,RJ,Beleza,Kit Skincare Facial,2,263.65,"R$ 0,00",em transporte,
PED-04121,2024-12-11,CLI-0440,marketplace,Recife,PE,Moda,Tênis Casual Masculino,2,415.03,"R$ 0,00",entregue,2024-12-22
PED-02632,2024-03-03,CLI-0457,app,Recife,PE,Moda,"Mochila Notebook 15""",4,155.94,"R$ 0,00",ENTREGUE,2024-03-14
PED-02391,2024-05-12,CLI-0261,site,São Paulo,SP,Eletrônicos,Caixa de Som Portátil,1,522.81,"R$ 0,00",entregue,2024-05-19
PED-01890,2024-01-18,CLI-0171,marketplace,Salvador,BA,Eletrônicos,Webcam Full HD,2,252.68,"R$ 0,00",entregue,2024-01-25
PED-01528,16/02/2024,CLI-1267,site,Porto Alegre,RS,Casa & Decoração,Luminária de Mesa LED,4,94.41,"R$ 0,00",devolvido,26/02/2024
PED-03869,2024-05-30,CLI-0471,app,  São Paulo ,SP,Eletrônicos,Carregador Turbo 30W,1,59.83,"R$ 18,85",entregue,2024-06-10
PED-02204,2023-07-09,CLI-1336,marketplace,Salvador,BA,Eletrônicos,Carregador Turbo 30W,2,92.16,"R$ 32,60",em transporte,
PED-04576,2023-07-14,CLI-1072,site,Porto Alegre,RS,eletronicos,Fone Bluetooth TWS,1,165.2,"R$ 24,39",ENTREGUE,2023-07-26
PED-01023,28/12/2024,CLI-0261,marketplace,São Paulo,SP,Eletrônicos,Smartwatch Fit,3,798.61,"R$ 0,00",entregue,06/01/2025
PED-00873,2024-12-23,CLI-0073,site,Fortaleza,CE,Esporte,Garrafa Térmica 1L,1,68.82,"R$ 41,10",CANCELADO,
PED-01567,01/04/2023,CLI-0003,site,Goiânia,GO,Esporte,Halter Emborrachado 5kg,1,149.76,"R$ 22,29",em transporte,
PED-00226,2024-11-30,CLI-0578,app,  Porto Alegre ,RS,Eletrônicos,Caixa de Som Portátil,1,509.66,"R$ 0,00",cancelado,
PED-03779,2024-09-06,CLI-1030,site,Belo Horizonte,MG,beleza,Kit Skincare Facial,4,212.75,"R$ 0,00",entregue,2024-09-13
PED-02929,2023-11-28,CLI-1399,app,Campinas,SP,Moda,Camiseta Básica Algodão,1,67.53,"R$ 14,96",entregue,2023-12-03
PED-04789,2023-05-24,CLI-0584,site,Campinas,SP,ELETRÔNICOS,Smartwatch Fit,1,359.79,"R$ 0,00",entregue,2023-06-06
PED-01789,2024-11-05,CLI-1300,site,RECIFE,PE,Eletrônicos,Fone Bluetooth TWS,1,149.46,"R$ 32,29",devolvido,2024-11-15
PED-00948,2024-11-04,CLI-1266,app,São Paulo,SP,Moda,Jaqueta Jeans,4,315.04,"R$ 0,00",entregue,2024-11-07
PED-04619,2024-01-19,CLI-1266,app,Brasília,DF,Eletrônicos,Carregador Turbo 30W,3,86.54,"R$ 24,84",entregue,2024-02-01
PED-03702,2023-09-04,CLI-0934,app,Curitiba,PR,Esporte,Corda de Pular Speed,1,61.82,"R$ 21,23",entregue,2023-09-13
PED-03136,2024-09-08,CLI-1152,app,BRASÍLIA,DF,Moda,Tênis Casual Masculino,1,287.75,"R$ 27,29",em transporte,
PED-01909,2024-10-06,CLI-0932,marketplace,São Paulo,SP,Moda,Jaqueta Jeans,3,189.17,"R$ 0,00",entregue,2024-10-15
PED-00068,2023-10-28,CLI-0630,site,São Paulo,SP,Casa & Decoração,Quadro Decorativo Abstrato,2,79.52,"R$ 17,61",entregue,2023-11-08
PED-01698,2024-10-01,CLI-0788,app,Recife,PE,Eletrônicos,Webcam Full HD,1,259.81,"R$ 28,33",em transporte,
PED-00722,2024-01-07,CLI-0032,site,  Campinas ,SP,Eletrônicos,Fone Bluetooth TWS,4,250.65,"R$ 0,00",entregue,2024-01-16
PED-04242,22/10/2024,CLI-1386,marketplace,Goiânia,GO,Casa & Decoração,Quadro Decorativo Abstrato,1,122.81,"R$ 21,94",entregue,02/11/2024
PED-03093,2024-11-03,CLI-1386,site,Recife,PE,Beleza,Perfume Importado 100ml,1,466.33,"R$ 0,00",em transporte,
PED-02572,2024-04-17,CLI-1138,site,Rio de Janeiro,RJ,Eletrônicos,Fone Bluetooth TWS,2,380.79,"R$ 0,00",entregue,2024-04-26
PED-04759,16/03/2023,CLI-0689,app,São Paulo,,Beleza,Perfume Importado 100ml,4,600.53,"R$ 0,00",ENTREGUE,24/03/2023
PED-00172,2024-03-16,CLI-0356,app,Porto Alegre,RS,Beleza,Secador de Cabelo 2000W,2,129.89,"R$ 21,13",devolvido,2024-03-29
PED-03677,2023-11-07,CLI-0256,site,Goiania,GO,Eletrônicos,Webcam Full HD,2,353.24,"R$ 0,00",entregue,2023-11-25
PED-01896,2023-06-30,CLI-0484,app,Recife,,Moda,Camiseta Básica Algodão,2,86.89,"R$ 27,03",entregue,2023-07-08
PED-00056,2024-09-21,CLI-1242,app,São Paulo,SP,Beleza,Base Líquida Matte,1,70.71,"R$ 12,73",ENTREGUE,2024-10-03
PED-04235,2023-03-18,CLI-1136,site,Goiânia,GO,Casa & Decoração,Quadro Decorativo Abstrato,1,127.47,"R$ 26,48",Devolvido,2023-04-03
PED-02857,27/06/2024,CLI-0019,app,São Paulo,SP,Eletrônicos,Fone Bluetooth TWS,1,230.77,"R$ 16,29",entregue,04/07/2024
PED-00450,2024-05-27,CLI-0019,app,São Paulo,SP,Esporte,Garrafa Térmica 1L,2,107.84,"R$ 16,02",entregue,2024-06-09
PED-01998,2023-11-13,CLI-0033,site,Recife,PE,Esporte,Tapete de Yoga 6mm,1,106.14,"R$ 31,48",entregue,2023-11-24
PED-02595,2023-10-20,CLI-0501,app,Porto Alegre,RS,Esporte,Garrafa Térmica 1L,4,96.52,"R$ 0,00",entregue,2023-10-27
PED-03398,2023-04-30,CLI-0746,app,Salvador,BA,Moda,Tênis Casual Masculino,2,190.82,"R$ 0,00",entregue,2023-05-07
PED-00989,2023-11-17,CLI-0139,site,São Paulo,SP,Casa & Decoração,Luminária de Mesa LED,1,184.77,"R$ 16,13",entregue,2023-11-28
PED-00970,2023-07-30,CLI-1242,app,Belo Horizonte,MG,Casa & Decoração,Quadro Decorativo Abstrato,1,184.22,"R$ 16,77",Entregue,2023-08-12
PED-00137,14/12/2024,CLI-0646,site,São Paulo,SP,beleza,Kit Skincare Facial,4,232.24,"R$ 0,00",entregue,17/12/2024
PED-01897,2024-06-24,CLI-1166,app,Sao Paulo,SP,Esporte,Garrafa Térmica 1L,2,78.14,"R$ 15,14",devolvido,2024-07-03
PED-00175,2023-06-19,CLI-0003,site,Brasília,DF,Esporte,Corda de Pular Speed,1,52.88,"R$ 29,27",entregue,2023-07-05
PED-02303,2024-02-09,CLI-1003,app,Rio de Janeiro,RJ,ELETRÔNICOS,Smartwatch Fit,2,817.52,"R$ 0,00",entregue,2024-02-13
PED-03206,2023-12-27,CLI-0929,site,RIO DE JANEIRO,RJ,Beleza,Perfume Importado 100ml,1,405.13,"R$ 0,00",entregue,2024-01-04
PED-04897,2023-08-12,CLI-0967,app,,SP,Esporte,Camiseta Dry Fit,2,82.16,"R$ 12,07",Entregue,2023-08-21
PED-00445,2023-09-29,CLI-0096,site,Rio de Janeiro,RJ,Moda,Jaqueta Jeans,2,195.49,"R$ 0,00",entregue,2023-10-11
PED-01828,2024-02-18,CLI-0512,app,Campinas,SP,Eletrônicos,Caixa de Som Portátil,1,434.4,"R$ 0,00",devolvido,2024-02-27
PED-02886,2023-08-13,CLI-0830,site,Salvador,BA,Eletrônicos,Caixa de Som Portátil,3,378.3,"R$ 0,00",cancelado,
PED-01582,2023-11-03,CLI-0798,marketplace,Brasília,DF,Casa & Decoração,Jogo de Toalhas 4 peças,2,115.37,"R$ 27,79",cancelado,
PED-00090,2024-03-06,CLI-0793,site,Salvador,BA,Moda,Boné Aba Curva,3,80.14,"R$ 28,97",entregue,2024-03-21
PED-00795,04/02/2023,CLI-0979,app,CAMPINAS,SP,Moda,Jaqueta Jeans,2,243.69,"R$ 0,00",entregue,08/02/2023
PED-02049,2023-06-01,CLI-0250,site,Porto Alegre,RS,Esporte,Garrafa Térmica 1L,2,108.58,"R$ 24,70",entregue,2023-06-11
PED-02178,20/10/2024,CLI-0073,site,São Paulo,SP,Casa & Decoração,"Tapete Sala 1,5m",2,243.36,"R$ 0,00",Entregue,24/10/2024
PED-01030,2023-12-19,CLI-0366,site,Campinas,SP,Eletrônicos,Webcam Full HD,2,322.65,"R$ 0,00",entregue,2023-12-31
PED-03415,2023-10-24,CLI-0091,site,PORTO ALEGRE,RS,Moda,Jaqueta Jeans,1,230.99,"R$ 25,18",entregue,2023-11-07
PED-03954,2024-08-05,CLI-0243,site,Fortaleza,CE,Eletrônicos,Smartwatch Fit,1,886.16,"R$ 0,00",entregue,2024-08-17
PED-01330,2023-06-15,CLI-1235,app,São Paulo,SP,Beleza,Perfume Importado 100ml,1,404.21,"R$ 0,00",entregue,2023-06-19
PED-03174,25/12/2024,CLI-1020,app,São Paulo,SP,Beleza,Base Líquida Matte,1,90.76,"R$ 18,74",devolvido,31/12/2024
PED-03125,2023-07-13,CLI-0564,site,São Paulo,SP,Esporte,Garrafa Térmica 1L,4,98.03,"R$ 0,00",entregue,2023-07-21
PED-00040,2024-07-04,CLI-0908,site,salvador,BA,Moda,Tênis Casual Masculino,2,252.75,"R$ 0,00",entregue,2024-07-16
PED-00944,2023-12-25,CLI-0020,app,Rio de Janeiro,RJ,Eletrônicos,Caixa de Som Portátil,3,293.05,"R$ 0,00",entregue,2024-01-05
PED-03601,13/10/2023,CLI-1352,marketplace,São Paulo,SP,Beleza,Perfume Importado 100ml,2,565.63,"R$ 0,00",entregue,20/10/2023
PED-00666,2024-08-07,CLI-0716,site,Salvador,BA,Eletrônicos,Fone Bluetooth TWS,1,162.13,"R$ 33,63",entregue,2024-08-24
PED-04012,2023-06-26,CLI-0854,app,Rio de Janeiro,RJ,Beleza,Secador de Cabelo 2000W,1,154.71,"R$ 19,79",ENTREGUE,2023-07-02
PED-00453,01/08/2024,CLI-0492,site,Belo Horizonte,MG,Casa & Decoração,Luminária de Mesa LED,1,101.38,"R$ 16,99",entregue,14/08/2024
PED-01685,2023-05-07,CLI-1116,site,Recife,PE,Moda,Jaqueta Jeans,2,342.18,"R$ 0,00",ENTREGUE,2023-05-17
PED-01149,2024-02-27,CLI-0405,site,Campinas,SP,Moda,Boné Aba Curva,1,87.79,"R$ 13,05",devolvido,2024-03-02
PED-04274,2024-11-08,CLI-0373,site,São Paulo,SP,casa & decoracao,"Tapete Sala 1,5m",4,264.14,"R$ 0,00",entregue,2024-11-18
PED-02185,2024-03-25,CLI-0007,app,Rio de Janeiro,RJ,Casa & Decoração,"Tapete Sala 1,5m",1,277.01,"R$ 19,65",entregue,2024-03-28
PED-00337,15/04/2023,CLI-0902,marketplace,Campinas,SP,Esporte,Corda de Pular Speed,2,70.61,"R$ 13,63",Em transporte,
PED-02167,2024-11-19,CLI-0180,app,Goiania,GO,Eletrônicos,Smartwatch Fit,4,584.16,"R$ 0,00",cancelado,
PED-04761,2024-03-06,CLI-1131,app,  São Paulo ,SP,Eletrônicos,Carregador Turbo 30W,1,107.32,"R$ 11,71",entregue,2024-03-11
PED-02978,2024-08-01,CLI-1095,app,São Paulo,SP,Moda,Boné Aba Curva,1,103.49,"R$ 15,93",entregue,2024-08-09
PED-01601,2024-11-26,CLI-0744,site,Belo Horizonte,MG,Esporte,Tapete de Yoga 6mm,2,119.0,"R$ 21,52",entregue,2024-12-03
PED-01642,2023-04-18,CLI-0160,app,Rio de Janeiro,RJ,casa & decoracao,"Tapete Sala 1,5m",2,320.77,"R$ 0,00",entregue,2023-05-02
PED-00352,2023-06-25,CLI-0247,app,Ribeirão Preto,,Moda,Tênis Casual Masculino,4,197.84,"R$ 0,00",devolvido,2023-07-03
PED-00625,2024-12-22,CLI-0412,marketplace,Salvador,BA,Beleza,Secador de Cabelo 2000W,1,245.84,"R$ 31,67",entregue,2025-01-05
PED-04656,10/11/2024,CLI-0830,app,SÃO PAULO,SP,Esporte,Halter Emborrachado 5kg,4,134.07,"R$ 0,00",entregue,14/11/2024
PED-02184,2023-05-28,CLI-0700,site,porto alegre,RS,Casa & Decoração,Jogo de Toalhas 4 peças,1,231.97,"R$ 26,59",entregue,2023-06-08
PED-02509,2024-03-29,CLI-0928,site,Brasília,DF,Eletrônicos,Webcam Full HD,3,320.46,"R$ 0,00",entregue,2024-04-08
PED-02090,2024-02-05,CLI-1336,site,Ribeirão Preto,SP,Esporte,Garrafa Térmica 1L,1,64.41,"R$ 15,62",em transporte,
PED-00359,2024-02-28,CLI-0711,marketplace,Campinas,SP,Esporte,Garrafa Térmica 1L,1,90.26,"R$ 13,63",entregue,2024-03-02
PED-01322,2024-02-04,CLI-0960,site,São Paulo,SP,Casa & Decoração,Quadro Decorativo Abstrato,1,110.02,"R$ 7,88",entregue,2024-02-10
PED-01614,2023-12-05,CLI-0321,marketplace,Curitiba,PR,Eletrônicos,Smartwatch Fit,1,650.96,"R$ 0,00",ENTREGUE,2023-12-19
PED-01857,2023-08-15,CLI-1054,site,curitiba,PR,Moda,Camiseta Básica Algodão,3,54.01,"R$ 20,80",em transporte,
PED-01526,29/06/2023,CLI-0020,app,São Paulo,SP,Esporte,Halter Emborrachado 5kg,3,112.8,"R$ 0,00",entregue,04/07/2023
PED-01435,2023-07-28,CLI-0447,app,São Paulo,SP,Eletrônicos,Webcam Full HD,2,161.01,"R$ 0,00",entregue,2023-08-10
PED-04848,2024-06-24,CLI-1196,marketplace,  São Paulo ,SP,Eletrônicos,Webcam Full HD,1,268.19,"R$ 13,84",ENTREGUE,2024-07-07
PED-04966,2023-01-11,CLI-0746,site,são paulo,SP,Casa & Decoração,Quadro Decorativo Abstrato,2,178.94,"R$ 0,00",entregue,2023-01-19
PED-04888,22/07/2024,CLI-0055,site,Campinas,SP,MODA,Camiseta Básica Algodão,3,81.25,"R$ 9,16",ENTREGUE,28/07/2024
PED-01420,2024-12-20,CLI-0261,site,Brasília,DF,Moda,Boné Aba Curva,3,53.38,"R$ 30,04",entregue,2024-12-30
PED-01703,2023-11-22,CLI-0692,site,curitiba,PR,Beleza,Base Líquida Matte,4,59.05,"R$ 21,59",entregue,2023-12-06
PED-02650,2024-11-02,CLI-0523,marketplace,belo horizonte,MG,Esporte,Tapete de Yoga 6mm,3,122.28,"R$ 0,00",entregue,2024-11-05
PED-03759,2024-12-01,CLI-0691,site,Curitiba,PR,Moda,Jaqueta Jeans,1,282.85,"R$ 22,15",entregue,2024-12-09
PED-00777,2024-05-29,CLI-0908,site,Rio de Janeiro,RJ,Moda,Tênis Casual Masculino,1,373.21,"R$ 0,00",cancelado,
PED-02576,2024-05-29,CLI-0653,app,Curitiba,PR,Beleza,Perfume Importado 100ml,3,514.43,"R$ 0,00",devolvido,2024-06-05
PED-03755,2024-02-03,CLI-0570,marketplace,RIBEIRÃO PRETO,SP,Moda,Boné Aba Curva,2,98.16,"R$ 13,49",ENTREGUE,2024-02-09
PED-03832,2024-05-30,CLI-1383,app,Belo Horizonte,MG,Beleza,Secador de Cabelo 2000W,2,274.35,"R$ 0,00",entregue,2024-06-10
PED-01766,22/03/2023,CLI-0820,site,Rio de Janeiro,RJ,Esporte,Camiseta Dry Fit,1,81.65,"R$ 19,72",entregue,29/03/2023
PED-00474,21/05/2023,CLI-1110,site,CURITIBA,PR,Beleza,Secador de Cabelo 2000W,1,385.76,"R$ 0,00",em transporte,
PED-04778,2023-04-02,CLI-0343,site,Campinas,SP,eletronicos,Webcam Full HD,3,332.52,"R$ 0,00",entregue,2023-04-14
PED-03493,05/11/2024,CLI-1273,app,São Paulo,SP,,Jogo de Toalhas 4 peças,1,,"R$ 15,86",entregue,15/11/2024
PED-03904,2024-03-28,CLI-0660,site,Campinas,SP,eletronicos,Webcam Full HD,2,319.65,"R$ 0,00",entregue,2024-04-02
PED-02415,2024-02-23,CLI-1203,site,Belo Horizonte,MG,Moda,Boné Aba Curva,1,46.9,"R$ 16,38",entregue,2024-03-02
PED-02173,2024-03-07,CLI-1319,site,Goiânia,GO,casa & decoracao,Luminária de Mesa LED,1,109.19,"R$ 25,08",entregue,2024-03-15
PED-03663,17/11/2024,CLI-0514,app,campinas,SP,Esporte,Camiseta Dry Fit,3,97.54,"R$ 18,25",entregue,25/11/2024
PED-04823,30/06/2024,CLI-0431,marketplace,Porto Alegre,RS,Casa & Decoração,"Tapete Sala 1,5m",1,376.95,"R$ 0,00",entregue,13/07/2024
PED-04566,27/06/2024,CLI-0384,app,,SP,Esporte,Tapete de Yoga 6mm,1,181.81,"R$ 18,15",entregue,04/07/2024
PED-03535,2024-07-29,CLI-1386,marketplace,São Paulo,SP,Eletrônicos,Smartwatch Fit,2,499.44,"R$ 0,00",entregue,2024-08-08
PED-01581,17/11/2024,CLI-1352,marketplace,Campinas,SP,Esporte,Camiseta Dry Fit,1,72.41,"R$ 13,99",entregue,27/11/2024
PED-00480,24/12/2023,CLI-1285,app,São Paulo,SP,Eletrônicos,Caixa de Som Portátil,2,299.16,"R$ 0,00",entregue,27/12/2023
PED-02638,2023-07-31,CLI-0144,site,Fortaleza,CE,Esporte,Garrafa Térmica 1L,4,102.49,"R$ 0,00",em transporte,
PED-00103,2023-09-24,CLI-1216,marketplace,Campinas,SP,Moda,Camiseta Básica Algodão,2,64.61,"R$ 18,57",entregue,2023-09-29
PED-01479,2024-02-23,CLI-0261,site,São Paulo,SP,Casa & Decoração,Vaso Decorativo Cerâmica,2,62.84,"R$ 12,83",entregue,2024-03-06
PED-04808,2024-05-13,CLI-0073,site,Rio de Janeiro,RJ,Moda,Tênis Casual Masculino,1,394.04,"R$ 0,00",cancelado,
PED-04066,2024-09-27,CLI-0550,marketplace,Brasília,DF,Eletrônicos,Caixa de Som Portátil,3,378.8,"R$ 0,00",entregue,2024-10-06
PED-02712,2023-09-07,CLI-0550,site,GOIÂNIA,GO,Eletrônicos,Caixa de Som Portátil,1,312.42,"R$ 0,00",entregue,2023-09-14
PED-03947,2023-08-01,CLI-0888,marketplace,Rio de Janeiro,RJ,Eletrônicos,Smartwatch Fit,4,731.78,"R$ 0,00",entregue,2023-08-08
PED-03826,2024-04-08,CLI-0482,site,Curitiba,PR,Esporte,Corda de Pular Speed,1,81.13,"R$ 22,82",em transporte,
PED-00743,2024-11-08,CLI-0712,marketplace,,SP,Esporte,Halter Emborrachado 5kg,1,87.52,"R$ 15,71",cancelado,
PED-00054,30/06/2024,CLI-0442,marketplace,Curitiba,PR,Beleza,Secador de Cabelo 2000W,3,212.33,"R$ 0,00",entregue,13/07/2024
PED-00988,2023-02-28,CLI-0577,marketplace,Salvador,BA,Eletrônicos,Webcam Full HD,1,288.36,"R$ 29,19",ENTREGUE,2023-03-12
PED-03757,2023-09-20,CLI-0975,site,,MG,Esporte,Corda de Pular Speed,2,55.85,"R$ 19,25",em transporte,
PED-00069,05/02/2023,CLI-1018,site,  Brasília ,DF,Casa & Decoração,Vaso Decorativo Cerâmica,2,151.29,"R$ 0,00",entregue,15/02/2023
PED-04923,2023-10-03,CLI-0261,site,Belo Horizonte,MG,Casa & Decoração,Quadro Decorativo Abstrato,1,179.92,"R$ 20,26",cancelado,
PED-04037,2023-11-03,CLI-0352,app,Rio de Janeiro,RJ,Eletrônicos,Smartwatch Fit,1,733.95,"R$ 0,00",Entregue,2023-11-08
PED-03619,2023-11-06,CLI-0539,app,Rio de Janeiro,RJ,Esporte,Camiseta Dry Fit,2,115.8,"R$ 17,88",entregue,2023-11-15
PED-04560,2024-07-28,CLI-0890,app,Recife,PE,Beleza,Secador de Cabelo 2000W,1,306.57,"R$ 0,00",entregue,2024-08-12
PED-02775,2024-09-03,CLI-0453,app,São Paulo,SP,moda,Jaqueta Jeans,3,196.05,"R$ 0,00",ENTREGUE,2024-09-12
PED-04430,2023-02-04,CLI-0667,site,Curitiba,PR,Esporte,Tapete de Yoga 6mm,1,156.18,"R$ 23,74",entregue,2023-02-17
PED-03344,2023-04-24,CLI-0188,app,Rio de Janeiro,RJ,Eletrônicos,Fone Bluetooth TWS,1,318.26,"R$ 0,00",em transporte,
PED-04604,2024-06-21,CLI-0502,site,Salvador,BA,Beleza,Secador de Cabelo 2000W,1,174.72,"R$ 27,62",entregue,2024-06-29
PED-03325,2024-05-19,CLI-1002,site,Rio de Janeiro,RJ,Beleza,Perfume Importado 100ml,3,545.71,"R$ 0,00",em transporte,
PED-01240,2023-05-22,CLI-0928,marketplace,Belo Horizonte,MG,Moda,Camiseta Básica Algodão,2,41.26,"R$ 15,97",ENTREGUE,2023-06-02
PED-00785,2024-12-25,CLI-0275,app,Ribeirão Preto,SP,Eletrônicos,Smartwatch Fit,2,781.33,"R$ 0,00",entregue,2024-12-29
PED-03773,2024-07-12,CLI-1121,app,Porto Alegre,RS,Beleza,Base Líquida Matte,1,96.39,"R$ 27,39",entregue,2024-07-27
PED-02707,2024-11-18,CLI-0631,marketplace,Curitiba,PR,Eletrônicos,Caixa de Som Portátil,1,502.73,"R$ 0,00",entregue,2024-11-26
PED-04224,2023-06-07,CLI-1110,app,RIO DE JANEIRO,RJ,Moda,Boné Aba Curva,2,114.64,"R$ 19,25",entregue,2023-06-18
PED-01975,2023-06-28,CLI-0903,site,São Paulo,SP,Eletrônicos,Fone Bluetooth TWS,2,236.87,"R$ 0,00",em transporte,
PED-02971,2024-02-07,CLI-0712,site,Rio de Janeiro,,Moda,Tênis Casual Masculino,1,305.77,"R$ 0,00",em transporte,
PED-03581,11/09/2024,CLI-1245,site,Rio de Janeiro,RJ,Eletrônicos,Fone Bluetooth TWS,1,210.59,"R$ 15,55",entregue,17/09/2024
PED-03071,2023-01-19,CLI-0415,app,São Paulo,SP,eletronicos,Carregador Turbo 30W,3,117.54,"R$ 0,00",entregue,2023-01-28
PED-01107,2023-05-05,CLI-0947,site,Rio de Janeiro,RJ,Casa & Decoração,"Tapete Sala 1,5m",4,231.74,"R$ 0,00",entregue,2023-05-14
PED-00951,2024-03-28,CLI-1400,marketplace,Curitiba,,Beleza,Kit Skincare Facial,2,224.54,"R$ 0,00",em transporte,
PED-03128,2023-05-17,CLI-0746,app,Ribeirão Preto,SP,Esporte,Halter Emborrachado 5kg,2,108.44,"R$ 11,24",entregue,2023-05-30
PED-02123,06/10/2023,CLI-0858,marketplace,porto alegre,RS,Moda,Jaqueta Jeans,2,243.85,"R$ 0,00",entregue,23/10/2023
PED-03838,2023-02-16,CLI-0262,site,São Paulo,SP,Casa & Decoração,Vaso Decorativo Cerâmica,2,162.88,"R$ 0,00",entregue,2023-02-27
PED-03236,2023-05-20,CLI-0387,site,São Paulo,SP,Beleza,Base Líquida Matte,2,77.96,"R$ 10,21",entregue,2023-05-29
PED-00640,2024-11-09,CLI-0363,app,São Paulo,SP,Moda,"Mochila Notebook 15""",2,247.27,"R$ 0,00",entregue,2024-11-23
PED-03383,2024-11-29,CLI-1110,site,São Paulo,SP,Eletrônicos,Carregador Turbo 30W,4,128.39,"R$ 0,00",entregue,2024-12-05
PED-02567,18/02/2023,CLI-1367,site,Curitiba,PR,Moda,Boné Aba Curva,1,89.31,"R$ 20,22",entregue,06/03/2023
PED-00758,2024-12-02,CLI-0547,site,Sao Paulo,SP,Eletrônicos,Fone Bluetooth TWS,1,164.44,"R$ 15,24",entregue,2024-12-15
PED-03664,2024-07-11,CLI-0402,app,RIBEIRÃO PRETO,SP,Casa & Decoração,Vaso Decorativo Cerâmica,4,82.92,"R$ 0,00",entregue,2024-07-18
PED-00879,22/05/2024,CLI-1361,site,São Paulo,SP,Eletrônicos,Fone Bluetooth TWS,4,347.65,"R$ 0,00",entregue,31/05/2024
PED-00231,27/05/2023,CLI-0056,site,São Paulo,SP,Eletrônicos,Carregador Turbo 30W,1,101.94,"R$ 11,39",entregue,31/05/2023
PED-04766,2023-09-30,CLI-0124,app,Curitiba,PR,Esporte,Tapete de Yoga 6mm,4,173.24,"R$ 0,00",entregue,2023-10-15
PED-02461,2024-11-11,CLI-0590,app,Rio de Janeiro,RJ,Eletrônicos,Carregador Turbo 30W,3,97.13,"R$ 24,94",entregue,2024-11-19
PED-04060,2024-10-04,CLI-0132,site,SÃO PAULO,SP,Moda,Jaqueta Jeans,2,225.32,"R$ 0,00",ENTREGUE,2024-10-18
PED-01561,2024-12-31,CLI-1178,site,  Salvador ,BA,moda,Boné Aba Curva,3,56.97,"R$ 30,22",entregue,2025-01-14
PED-04111,2023-11-07,CLI-1122,app,São Paulo,SP,Esporte,Tapete de Yoga 6mm,2,80.33,"R$ 15,60",entregue,2023-11-17
PED-04665,2024-05-03,CLI-0165,app,Goiânia,GO,ELETRÔNICOS,Webcam Full HD,2,235.77,"R$ 0,00",entregue,2024-05-19
PED-00099,2023-05-07,CLI-0055,site,Rio de Janeiro,RJ,Casa & Decoração,Luminária de Mesa LED,2,197.44,"R$ 0,00",entregue,2023-05-18
PED-03697,2023-10-24,CLI-0702,site,Fortaleza,CE,Moda,"Mochila Notebook 15""",2,315.69,"R$ 0,00",entregue,2023-10-31
PED-01431,2024-12-02,CLI-1362,app,Belo Horizonte,MG,Moda,"Mochila Notebook 15""",2,267.59,"R$ 0,00",entregue,2024-12-11
PED-01251,20/04/2023,CLI-0173,app,  Brasília ,DF,Eletrônicos,Fone Bluetooth TWS,1,204.94,"R$ 26,78",entregue,29/04/2023
PED-02693,2024-11-12,CLI-0579,site,Ribeirão Preto,SP,Beleza,Kit Skincare Facial,3,169.88,"R$ 0,00",em transporte,
PED-01888,2023-07-12,CLI-0950,site,Campinas,,moda,Camiseta Básica Algodão,3,87.28,"R$ 13,69",entregue,2023-07-21
PED-04672,2023-10-30,CLI-0920,marketplace,Curitiba,PR,Casa & Decoração,"Tapete Sala 1,5m",2,261.81,"R$ 0,00",entregue,2023-11-12
PED-04750,2023-05-01,CLI-0261,marketplace,Campinas,SP,Eletrônicos,Smartwatch Fit,2,322.55,"R$ 0,00",entregue,2023-05-14
PED-03552,2024-04-14,CLI-0648,site,São Paulo,SP,Eletrônicos,Webcam Full HD,2,298.36,"R$ 0,00",entregue,2024-04-26
PED-03652,2023-08-01,CLI-0320,app,SALVADOR,BA,CASA & DECORAÇÃO,Jogo de Toalhas 4 peças,1,198.14,"R$ 32,61",em transporte,
PED-02061,2024-12-08,CLI-1333,app,Ribeirão Preto,SP,Beleza,Perfume Importado 100ml,1,348.09,"R$ 0,00",entregue,2024-12-11
PED-00295,2024-11-01,CLI-0092,site,  São Paulo ,SP,Moda,Jaqueta Jeans,4,220.9,"R$ 0,00",Entregue,2024-11-11
PED-02770,2024-12-28,CLI-1389,site,São Paulo,SP,Eletrônicos,Smartwatch Fit,4,877.67,"R$ 0,00",entregue,2024-12-31
PED-04840,2023-06-10,CLI-1310,app,Rio de Janeiro,RJ,Eletrônicos,Webcam Full HD,2,315.62,"R$ 0,00",entregue,2023-06-24
PED-02354,2024-04-10,CLI-0374,site,São Paulo,SP,Casa & Decoração,Luminária de Mesa LED,3,109.76,"R$ 0,00",entregue,2024-04-24
PED-03254,2024-02-25,CLI-0180,marketplace,Campinas,SP,,Jogo de Toalhas 4 peças,1,120.74,"R$ 15,94",entregue,2024-03-04
PED-00160,2024-09-13,CLI-0312,site,Salvador,BA,Beleza,Perfume Importado 100ml,2,429.91,"R$ 0,00",entregue,2024-09-20
PED-01237,29/07/2023,CLI-0036,site,Rio de Janeiro,RJ,Esporte,Camiseta Dry Fit,3,112.33,"R$ 0,00",entregue,09/08/2023
PED-03336,2023-11-21,CLI-0316,marketplace,São Paulo,SP,Casa & Decoração,Luminária de Mesa LED,4,205.59,"R$ 0,00",entregue,2023-11-30
PED-00910,2023-10-20,CLI-0224,app,Recife,PE,Eletrônicos,Fone Bluetooth TWS,1,319.43,"R$ 0,00",entregue,2023-11-06
PED-02432,2024-08-08,CLI-0658,app,Porto Alegre,RS,Esporte,Camiseta Dry Fit,1,119.16,"R$ 25,93",entregue,2024-08-21
PED-01558,2024-03-04,CLI-0976,site,Brasília,DF,Esporte,Garrafa Térmica 1L,1,100.9,"R$ 22,12",entregue,2024-03-20
PED-00321,2024-11-27,CLI-1143,app,Rio de Janeiro,RJ,moda,Boné Aba Curva,4,51.32,"R$ 20,41",entregue,2024-12-03
PED-03809,2024-12-04,CLI-1252,app,GOIÂNIA,GO,Casa & Decoração,Jogo de Toalhas 4 peças,4,240.53,"R$ 0,00",entregue,2024-12-18
PED-00015,2024-01-16,CLI-0991,app,São Paulo,SP,moda,Boné Aba Curva,3,83.42,"R$ 15,14",entregue,2024-01-27
PED-04637,16/11/2023,CLI-0421,app,Belo Horizonte,MG,ELETRÔNICOS,Fone Bluetooth TWS,3,204.49,"R$ 0,00",em transporte,
PED-03465,2024-09-01,CLI-1254,site,Rio de Janeiro,RJ,Moda,"Mochila Notebook 15""",3,309.63,"R$ 0,00",entregue,2024-09-15
PED-01447,2024-11-25,CLI-0518,app,Porto Alegre,RS,Eletrônicos,Carregador Turbo 30W,1,104.2,"R$ 27,56",entregue,2024-12-03
PED-03476,07/01/2024,CLI-0063,site,Goiânia,GO,eletronicos,Carregador Turbo 30W,1,62.81,"R$ 29,70",entregue,25/01/2024
PED-04559,28/01/2023,CLI-1125,marketplace,Fortaleza,CE,Moda,Camiseta Básica Algodão,4,79.74,"R$ 0,00",entregue,11/02/2023
PED-00888,2023-05-19,CLI-1270,marketplace,Belo Horizonte,MG,Moda,Boné Aba Curva,1,113.6,"R$ 21,85",entregue,2023-05-23
PED-01693,07/09/2023,CLI-0378,app,São Paulo,SP,Beleza,Base Líquida Matte,1,113.97,"R$ 18,70",entregue,15/09/2023
PED-03700,2024-01-05,CLI-0084,app,Porto Alegre,RS,Casa & Decoração,"Tapete Sala 1,5m",4,260.62,"R$ 0,00",Entregue,2024-01-23
PED-01273,16/12/2023,CLI-0274,site,Recife,PE,beleza,Secador de Cabelo 2000W,1,178.47,"R$ 26,51",entregue,28/12/2023
PED-01720,2024-10-23,CLI-1371,app,Belo Horizonte,MG,Moda,Camiseta Básica Algodão,1,80.67,"R$ 18,87",entregue,2024-10-30
PED-01869,2024-03-27,CLI-1293,marketplace,Curitiba,PR,Esporte,Halter Emborrachado 5kg,4,95.63,"R$ 0,00",entregue,2024-04-10
PED-00652,2024-11-19,CLI-0014,app,RIO DE JANEIRO,RJ,Moda,Camiseta Básica Algodão,1,85.9,"R$ 17,87",entregue,2024-11-28
PED-04350,2024-10-25,CLI-0415,marketplace,RIBEIRÃO PRETO,SP,Casa & Decoração,"Tapete Sala 1,5m",4,374.81,"R$ 0,00",entregue,2024-11-08
PED-04563,2023-10-02,CLI-0764,app,Ribeirão Preto,SP,Casa & Decoração,"Tapete Sala 1,5m",1,252.2,"R$ 15,46",devolvido,2023-10-09
PED-00919,28/10/2023,CLI-0261,marketplace,Fortaleza,CE,Beleza,Base Líquida Matte,1,136.54,"R$ 31,28",entregue,15/11/2023
PED-00883,2024-12-04,CLI-0296,site,Belo Horizonte,MG,Casa & Decoração,"Tapete Sala 1,5m",1,188.35,"R$ 18,27",devolvido,2024-12-14
PED-00292,2023-03-02,CLI-0451,app,São Paulo,SP,Casa & Decoração,Quadro Decorativo Abstrato,2,183.43,"R$ 0,00",devolvido,2023-03-13
PED-00234,2024-05-14,CLI-1252,site,Rio de Janeiro,RJ,Moda,Jaqueta Jeans,2,300.71,"R$ 0,00",entregue,2024-05-19
PED-02790,2023-12-09,CLI-0948,site,  Fortaleza ,CE,Eletrônicos,Fone Bluetooth TWS,1,321.1,"R$ 0,00",entregue,2023-12-19
PED-03438,2023-11-07,CLI-1221,marketplace,Brasília,DF,Eletrônicos,Smartwatch Fit,2,873.98,"R$ 0,00",entregue,2023-11-15
PED-03482,2024-07-29,CLI-0689,app,FORTALEZA,CE,Casa & Decoração,Quadro Decorativo Abstrato,2,179.61,"R$ 0,00",entregue,2024-08-09
PED-01995,13/02/2024,CLI-0435,app,Fortaleza,CE,Esporte,Garrafa Térmica 1L,4,114.54,"R$ 0,00",entregue,01/03/2024
PED-01305,21/10/2024,CLI-1272,app,São Paulo,SP,Moda,Boné Aba Curva,1,58.27,"R$ 13,54",entregue,01/11/2024
PED-03392,24/07/2024,CLI-1358,marketplace,São Paulo,SP,Moda,Camiseta Básica Algodão,2,72.43,"R$ 12,96",entregue,30/07/2024
PED-02272,25/05/2024,CLI-0061,site,Belo Horizonte,MG,Casa & Decoração,Jogo de Toalhas 4 peças,3,201.66,"R$ 0,00",cancelado,
PED-03132,2024-11-21,CLI-0112,app,Campinas,SP,Eletrônicos,Fone Bluetooth TWS,1,250.35,"R$ 11,22",ENTREGUE,2024-11-29
PED-02026,2023-12-14,CLI-0039,app,São Paulo,SP,Eletrônicos,Fone Bluetooth TWS,1,229.01,"R$ 14,31",Entregue,2023-12-18
PED-03395,2024-08-24,CLI-0261,app,Fortaleza,,Eletrônicos,Caixa de Som Portátil,2,542.33,"R$ 0,00",cancelado,
PED-01486,2023-03-01,CLI-0261,marketplace,SÃO PAULO,SP,Eletrônicos,Fone Bluetooth TWS,3,334.31,"R$ 0,00",entregue,2023-03-04
PED-02977,22/06/2024,CLI-0818,site,Brasília,DF,Moda,Jaqueta Jeans,1,152.83,"R$ 29,08",entregue,01/07/2024
PED-04716,17/07/2023,CLI-1310,app,São Paulo,SP,Beleza,Base Líquida Matte,2,121.34,"R$ 18,65",cancelado,
PED-00526,2023-11-28,CLI-1341,site,Porto Alegre,RS,Moda,Jaqueta Jeans,2,228.87,"R$ 0,00",cancelado,
PED-01081,2023-09-04,CLI-0518,site,São Paulo,SP,Moda,Camiseta Básica Algodão,2,55.38,"R$ 14,65",entregue,2023-09-18
PED-03444,27/11/2023,CLI-0682,app,Ribeirão Preto,SP,Esporte,Camiseta Dry Fit,2,127.05,"R$ 15,92",cancelado,
PED-02448,2023-12-20,CLI-0187,app,campinas,SP,Eletrônicos,Carregador Turbo 30W,1,93.95,"R$ 11,52",cancelado,
PED-04847,2023-05-25,CLI-0657,site,Salvador,BA,Eletrônicos,Caixa de Som Portátil,1,185.68,"R$ 30,15",Entregue,2023-06-06
PED-00674,2024-07-26,CLI-0009,site,Salvador,BA,Beleza,Kit Skincare Facial,1,158.05,"R$ 19,35",entregue,2024-08-13
PED-00481,2023-12-22,CLI-0417,site,Goiânia,GO,Eletrônicos,Webcam Full HD,4,189.7,"R$ 0,00",entregue,2024-01-05
PED-02155,18/05/2024,CLI-0405,app,Curitiba,PR,Beleza,Secador de Cabelo 2000W,4,254.93,"R$ 0,00",ENTREGUE,02/06/2024
PED-03788,16/05/2023,CLI-0344,site,SÃO PAULO,SP,Beleza,Perfume Importado 100ml,3,216.39,"R$ 0,00",devolvido,19/05/2023
PED-00252,2024-11-09,CLI-0747,site,Fortaleza,CE,Casa & Decoração,Vaso Decorativo Cerâmica,3,177.7,"R$ 0,00",entregue,2024-11-27
PED-00391,2024-06-10,CLI-1382,site,Belo Horizonte,MG,Eletrônicos,Webcam Full HD,1,165.7,"R$ 22,96",em transporte,
PED-01468,20/08/2023,CLI-1376,app,Recife,PE,Eletrônicos,Fone Bluetooth TWS,3,379.98,"R$ 0,00",em transporte,
PED-04551,2023-03-21,CLI-0732,marketplace,Curitiba,PR,Esporte,Corda de Pular Speed,1,72.05,"R$ 24,70",em transporte,
PED-03288,29/12/2023,CLI-0797,app,Rio de Janeiro,RJ,Esporte,Tapete de Yoga 6mm,2,115.36,"R$ 16,68",entregue,07/01/2024
PED-01985,29/05/2024,CLI-1248,app,  Salvador ,BA,Beleza,Kit Skincare Facial,2,119.77,"R$ 25,49",entregue,15/06/2024
PED-01934,11/10/2024,CLI-0764,app,Fortaleza,,Beleza,Kit Skincare Facial,1,150.84,"R$ 31,31",entregue,21/10/2024
PED-02105,2024-05-21,CLI-1113,app,Recife,PE,moda,Jaqueta Jeans,1,173.49,"R$ 23,60",entregue,2024-05-30
PED-01206,28/02/2023,CLI-0063,app,CURITIBA,PR,Moda,Tênis Casual Masculino,1,336.42,"R$ 0,00",em transporte,
PED-03139,2024-09-19,CLI-0441,app,Campinas,SP,Eletrônicos,Caixa de Som Portátil,1,282.44,"R$ 14,18",entregue,2024-09-26
PED-02395,14/05/2024,CLI-0233,site,São Paulo,SP,Casa & Decoração,Quadro Decorativo Abstrato,3,176.1,"R$ 0,00",Entregue,17/05/2024
PED-04248,2023-01-24,CLI-0173,marketplace,São Paulo,SP,Esporte,Corda de Pular Speed,2,81.7,"R$ 11,69",entregue,2023-01-27
PED-04921,2023-12-11,CLI-0864,marketplace,Campinas,SP,Casa & Decoração,Luminária de Mesa LED,2,215.97,"R$ 0,00",cancelado,
PED-00828,23/08/2023,CLI-1057,app,Rio de Janeiro,RJ,Casa & Decoração,Jogo de Toalhas 4 peças,3,105.44,"R$ 0,00",ENTREGUE,26/08/2023
PED-00525,2023-05-09,CLI-0344,app,Ribeirão Preto,SP,Casa & Decoração,"Tapete Sala 1,5m",2,390.55,"R$ 0,00",entregue,2023-05-17
PED-01266,08/10/2024,CLI-0326,app,Brasília,DF,Casa & Decoração,Quadro Decorativo Abstrato,2,106.93,"R$ 20,64",ENTREGUE,16/10/2024
PED-02070,2024-03-09,CLI-0256,app,Fortaleza,CE,Moda,Boné Aba Curva,2,95.96,"R$ 31,91",entregue,2024-03-25
PED-00406,14/11/2024,CLI-0550,app,  Goiânia ,GO,Casa & Decoração,Luminária de Mesa LED,1,96.57,"R$ 33,12",entregue,30/11/2024
PED-04354,2023-03-02,CLI-0344,app,Recife,PE,Casa & Decoração,Vaso Decorativo Cerâmica,3,120.86,"R$ 0,00",Entregue,2023-03-12
PED-04980,2024-11-26,CLI-0249,site,Campinas,SP,Esporte,Corda de Pular Speed,2,83.02,"R$ 16,94",entregue,2024-12-09
PED-02437,2024-05-09,CLI-0673,app,RIO DE JANEIRO,RJ,moda,Camiseta Básica Algodão,3,,"R$ 17,90",Cancelado,
PED-03767,15/03/2024,CLI-0979,site,recife,PE,Eletrônicos,Caixa de Som Portátil,2,278.83,"R$ 0,00",entregue,01/04/2024
PED-04282,23/11/2023,CLI-1263,app,Belo Horizonte,MG,,Secador de Cabelo 2000W,1,202.68,"R$ 25,10",entregue,02/12/2023
PED-04570,2024-05-01,CLI-0547,app,Belo Horizonte,MG,Moda,Boné Aba Curva,2,111.9,"R$ 15,32",entregue,2024-05-04
PED-02901,2023-12-08,CLI-0970,site,  Rio de Janeiro ,RJ,casa & decoracao,Quadro Decorativo Abstrato,3,136.83,"R$ 0,00",entregue,2023-12-14
PED-02389,2024-08-30,CLI-0891,site,Salvador,BA,Eletrônicos,Carregador Turbo 30W,2,98.37,"R$ 32,64",entregue,2024-09-06
PED-04724,25/05/2024,CLI-0987,app,São Paulo,SP,Casa & Decoração,Luminária de Mesa LED,2,200.89,"R$ 0,00",entregue,04/06/2024
PED-04461,29/12/2023,CLI-1127,marketplace,Belo Horizonte,MG,Moda,Tênis Casual Masculino,1,369.43,"R$ 0,00",Entregue,05/01/2024
PED-03902,11/10/2024,CLI-1159,site,Belo Horizonte,MG,Eletrônicos,Carregador Turbo 30W,1,114.24,"R$ 24,70",devolvido,20/10/2024
PED-01859,2023-09-10,CLI-0960,site,Ribeirão Preto,SP,Eletrônicos,Caixa de Som Portátil,1,292.22,"R$ 12,83",entregue,2023-09-13
PED-03009,2023-03-30,CLI-0286,site,Campinas,SP,moda,Camiseta Básica Algodão,1,65.79,"R$ 19,65",entregue,2023-04-04
PED-04715,2024-04-24,CLI-0345,marketplace,Ribeirão Preto,SP,Casa & Decoração,"Tapete Sala 1,5m",2,138.93,"R$ 11,95",entregue,2024-05-01
PED-01351,2024-10-01,CLI-0518,app,Curitiba,PR,Esporte,Tapete de Yoga 6mm,2,170.85,"R$ 0,00",entregue,2024-10-09
PED-04426,2023-12-05,CLI-0352,site,Belo Horizonte,MG,Esporte,Corda de Pular Speed,1,53.32,"R$ 21,61",em transporte,
PED-00513,2023-03-06,CLI-0487,marketplace,Porto Alegre,RS,Casa & Decoração,Quadro Decorativo Abstrato,2,189.9,"R$ 0,00",entregue,2023-03-22
PED-00663,2023-07-11,CLI-1349,site,Brasília,DF,Beleza,Kit Skincare Facial,2,238.04,"R$ 0,00",devolvido,2023-07-28
PED-04442,2023-11-04,CLI-0092,site,Salvador,BA,Moda,Jaqueta Jeans,3,247.46,"R$ 0,00",entregue,2023-11-17
PED-01604,2024-10-13,CLI-1051,app,São Paulo,SP,Beleza,Kit Skincare Facial,1,158.21,"R$ 16,52",entregue,2024-10-24
PED-01677,15/08/2024,CLI-1330,app,São Paulo,SP,Casa & Decoração,Luminária de Mesa LED,1,84.02,"R$ 19,65",entregue,24/08/2024
PED-04642,2023-01-02,CLI-0796,site,Belo Horizonte,MG,Esporte,Tapete de Yoga 6mm,3,171.5,"R$ 0,00",Entregue,2023-01-13
PED-03692,2024-05-17,CLI-0072,app,Salvador,BA,Esporte,Garrafa Térmica 1L,1,109.11,"R$ 26,70",entregue,2024-06-04
PED-00067,2024-04-19,CLI-0238,site,  Brasília ,DF,BELEZA,Kit Skincare Facial,1,117.97,"R$ 22,57",entregue,2024-05-01
PED-01951,11/12/2024,CLI-1381,site,Porto Alegre,RS,Moda,Camiseta Básica Algodão,4,68.81,"R$ 28,00",em transporte,
PED-01253,2023-05-05,CLI-0251,site,Brasília,DF,eletronicos,Webcam Full HD,4,337.81,"R$ 0,00",ENTREGUE,2023-05-22
PED-02421,12/05/2023,CLI-0547,app,SÃO PAULO,SP,Eletrônicos,Fone Bluetooth TWS,1,262.81,"R$ 13,19",entregue,17/05/2023
PED-02692,07/12/2023,CLI-0230,site,Campinas,SP,Eletrônicos,Smartwatch Fit,2,566.98,"R$ 0,00",entregue,10/12/2023
PED-04331,22/04/2023,CLI-1040,app,SALVADOR,BA,Eletrônicos,Webcam Full HD,1,369.77,"R$ 0,00",entregue,06/05/2023
PED-03356,24/11/2023,CLI-1018,marketplace,SALVADOR,BA,Esporte,Camiseta Dry Fit,1,87.09,"R$ 32,76",entregue,01/12/2023
PED-00646,2024-11-06,CLI-1074,site,RIO DE JANEIRO,RJ,Esporte,Garrafa Térmica 1L,4,,"R$ 0,00",entregue,2024-11-18
PED-02348,2024-10-27,CLI-0800,app,São Paulo,SP,Beleza,Secador de Cabelo 2000W,3,178.5,"R$ 0,00",entregue,2024-11-01
PED-01667,2024-11-03,CLI-0197,site,Rio de Janeiro,RJ,Eletrônicos,Webcam Full HD,4,331.57,"R$ 0,00",entregue,2024-11-07
PED-01139,02/03/2023,CLI-0230,app,São Paulo,SP,Esporte,Garrafa Térmica 1L,1,129.23,"R$ 14,15",entregue,16/03/2023
PED-00542,2024-04-16,CLI-0086,site,Curitiba,,Moda,Boné Aba Curva,1,52.62,"R$ 26,92",cancelado,
PED-01314,2023-01-06,CLI-1328,site,Rio de Janeiro,RJ,eletronicos,Caixa de Som Portátil,1,229.76,"R$ 17,38",entregue,2023-01-16
PED-04297,2024-01-17,CLI-1080,site,São Paulo,SP,Eletrônicos,Webcam Full HD,4,315.12,"R$ 0,00",entregue,2024-01-25
PED-01964,08/06/2023,CLI-0674,site,CAMPINAS,SP,beleza,Secador de Cabelo 2000W,1,214.54,"R$ 15,77",entregue,19/06/2023
PED-02362,02/03/2023,CLI-1246,site,,RJ,MODA,Camiseta Básica Algodão,2,71.07,"R$ 17,99",em transporte,
PED-00307,2023-12-09,CLI-0583,site,São Paulo,SP,Esporte,Garrafa Térmica 1L,2,60.9,"R$ 11,97",entregue,2023-12-19
PED-04779,03/10/2023,CLI-0393,site,Rio de Janeiro,RJ,Eletrônicos,Caixa de Som Portátil,1,378.09,"R$ 0,00",entregue,15/10/2023
PED-00130,2024-05-09,CLI-1059,site,Salvador,BA,Moda,Tênis Casual Masculino,4,251.23,"R$ 0,00",entregue,2024-05-16
PED-00396,25/01/2024,CLI-0463,app,Fortaleza,CE,Eletrônicos,Carregador Turbo 30W,2,60.27,"R$ 30,38",entregue,01/02/2024
PED-03625,2024-07-03,CLI-0421,app,São Paulo,SP,Beleza,Perfume Importado 100ml,1,285.74,"R$ 13,92",cancelado,
PED-01930,2024-01-12,CLI-1172,app,Rio de Janeiro,,ESPORTE,Camiseta Dry Fit,2,55.07,"R$ 22,90",ENTREGUE,2024-01-16
PED-04423,25/05/2024,CLI-0612,marketplace,Rio de Janeiro,RJ,Beleza,Perfume Importado 100ml,4,539.07,"R$ 0,00",entregue,29/05/2024
PED-04288,08/08/2023,CLI-0624,app,  Porto Alegre ,RS,Moda,Tênis Casual Masculino,3,412.52,"R$ 0,00",em transporte,
PED-00723,2023-02-11,CLI-0682,app,Salvador,BA,ELETRÔNICOS,Webcam Full HD,1,162.69,"R$ 27,59",entregue,2023-02-23
PED-03222,2024-10-12,CLI-1231,app,Goiânia,GO,,Webcam Full HD,1,292.96,"R$ 28,26",entregue,2024-10-21
PED-03764,2023-09-09,CLI-0564,app,Rio de Janeiro,RJ,Eletrônicos,Carregador Turbo 30W,2,73.08,"R$ 18,37",entregue,2023-09-22
PED-00308,2024-06-12,CLI-0126,marketplace,Fortaleza,CE,Casa & Decoração,Vaso Decorativo Cerâmica,1,93.62,"R$ 27,68",entregue,2024-06-26
PED-04592,03/03/2024,CLI-1192,site,São Paulo,SP,Eletrônicos,Caixa de Som Portátil,2,441.94,"R$ 0,00",entregue,15/03/2024
PED-03081,2023-08-13,CLI-1138,marketplace,Ribeirão Preto,SP,Casa & Decoração,Luminária de Mesa LED,1,129.87,"R$ 16,95",entregue,2023-08-27
PED-00385,2023-12-04,CLI-0352,app,São Paulo,SP,Moda,Boné Aba Curva,4,95.57,"R$ 0,00",CANCELADO,
PED-02559,2024-02-02,CLI-0184,site,Brasília,DF,MODA,"Mochila Notebook 15""",2,195.44,"R$ 0,00",em transporte,
PED-02701,2024-07-17,CLI-0507,site,Belo Horizonte,MG,Beleza,Base Líquida Matte,1,131.41,"R$ 15,59",entregue,2024-07-29
PED-00583,2023-04-25,CLI-0002,site,Recife,PE,Esporte,Corda de Pular Speed,1,82.36,"R$ 33,51",entregue,2023-05-02
PED-04494,2023-04-27,CLI-1306,app,Belo Horizonte,MG,Casa & Decoração,"Tapete Sala 1,5m",3,283.21,"R$ 0,00",entregue,2023-05-03
PED-04559,28/01/2023,CLI-1125,marketplace,Fortaleza,CE,Moda,Camiseta Básica Algodão,4,79.74,"R$ 0,00",entregue,11/02/2023
PED-04147,2023-02-05,CLI-1120,site,Porto Alegre,RS,Moda,Jaqueta Jeans,1,322.2,"R$ 0,00",ENTREGUE,2023-02-14
PED-02581,2023-01-30,CLI-0035,marketplace,Belo Horizonte,MG,Beleza,Kit Skincare Facial,4,,"R$ 0,00",DEVOLVIDO,2023-02-07
PED-02811,2023-02-22,CLI-0530,marketplace,Goiânia,GO,Moda,Tênis Casual Masculino,2,223.57,"R$ 0,00",entregue,2023-03-01
PED-00162,2024-11-27,CLI-0014,site,  Rio de Janeiro ,RJ,Eletrônicos,Fone Bluetooth TWS,1,240.93,"R$ 18,52",devolvido,2024-12-01
PED-01335,16/12/2024,CLI-0684,app,São Paulo,SP,Beleza,Secador de Cabelo 2000W,2,235.36,"R$ 0,00",cancelado,
PED-04879,2023-12-10,CLI-0961,app,Salvador,BA,ELETRÔNICOS,Fone Bluetooth TWS,4,249.36,"R$ 0,00",Entregue,2023-12-24
PED-00937,2024-12-07,CLI-0186,marketplace,Fortaleza,CE,Eletrônicos,Smartwatch Fit,1,562.96,"R$ 0,00",entregue,2024-12-21
PED-01367,2023-08-06,CLI-0746,site,Rio de Janeiro,RJ,Eletrônicos,Caixa de Som Portátil,4,226.07,"R$ 0,00",devolvido,2023-08-13
PED-04969,2023-02-05,CLI-1073,app,Ribeirão Preto,SP,Casa & Decoração,Quadro Decorativo Abstrato,1,132.13,"R$ 13,50",entregue,2023-02-19
PED-03122,2023-11-12,CLI-0866,site,Curitiba,PR,Eletrônicos,Fone Bluetooth TWS,3,290.77,"R$ 0,00",entregue,2023-11-21
PED-04023,2023-11-04,CLI-0326,app,  São Paulo ,SP,beleza,Secador de Cabelo 2000W,1,148.4,"R$ 15,08",entregue,2023-11-12
PED-01950,2024-11-30,CLI-1057,marketplace,Goiânia,GO,MODA,Tênis Casual Masculino,2,213.19,"R$ 0,00",entregue,2024-12-14
PED-04666,22/12/2023,CLI-0577,app,Porto Alegre,RS,Casa & Decoração,Luminária de Mesa LED,3,176.7,"R$ 0,00",entregue,05/01/2024
PED-03874,2023-05-09,CLI-0710,marketplace,BRASÍLIA,DF,Casa & Decoração,Luminária de Mesa LED,3,123.94,"R$ 0,00",entregue,2023-05-16
PED-01160,2024-09-17,CLI-0099,marketplace,Rio de Janeiro,RJ,Eletrônicos,Smartwatch Fit,2,830.76,"R$ 0,00",entregue,2024-09-23
PED-03990,2024-12-30,CLI-1286,site,Rio de Janeiro,RJ,MODA,"Mochila Notebook 15""",1,165.63,"R$ 18,92",devolvido,2025-01-06
PED-01592,2023-03-08,CLI-1174,site,Salvador,BA,Esporte,Garrafa Térmica 1L,2,115.63,"R$ 29,53",em transporte,
PED-02702,30/03/2024,CLI-0176,app,CAMPINAS,SP,Casa & Decoração,Luminária de Mesa LED,1,122.29,"R$ 13,77",entregue,03/04/2024
PED-02745,26/11/2023,CLI-0705,app,Salvador,BA,Casa & Decoração,"Tapete Sala 1,5m",3,217.65,"R$ 0,00",entregue,14/12/2023
PED-01881,09/03/2024,CLI-1119,marketplace,Ribeirão Preto,SP,Eletrônicos,Carregador Turbo 30W,2,75.08,"R$ 13,36",entregue,18/03/2024
PED-03637,18/10/2024,CLI-0903,site,rio de janeiro,RJ,Moda,Tênis Casual Masculino,3,173.7,"R$ 0,00",entregue,29/10/2024
PED-02530,2024-06-06,CLI-1293,app,Sao Paulo,SP,Casa & Decoração,Vaso Decorativo Cerâmica,1,133.7,"R$ 12,90",entregue,2024-06-12
PED-02082,2023-07-23,CLI-0354,marketplace,São Paulo,SP,Beleza,Base Líquida Matte,1,130.34,"R$ 17,69",entregue,2023-08-03
PED-03183,2024-02-27,CLI-1107,app,Rio de Janeiro,RJ,Moda,Camiseta Básica Algodão,2,89.97,"R$ 21,03",entregue,2024-03-04
PED-04144,2023-12-07,CLI-1125,site,Belo Horizonte,MG,Eletrônicos,Smartwatch Fit,1,597.9,"R$ 0,00",entregue,2023-12-21
PED-04126,2023-06-07,CLI-0547,site,Belo Horizonte,MG,Esporte,Camiseta Dry Fit,3,69.05,"R$ 21,57",cancelado,
PED-03054,2024-09-23,CLI-0873,marketplace,Porto Alegre,RS,Eletrônicos,Smartwatch Fit,4,737.69,"R$ 0,00",entregue,2024-10-08
PED-03226,2024-10-09,CLI-0720,app,Recife,PE,Casa & Decoração,"Tapete Sala 1,5m",1,263.4,"R$ 31,23",Entregue,2024-10-25
PED-04598,2023-07-05,CLI-1122,marketplace,São Paulo,SP,Eletrônicos,Fone Bluetooth TWS,1,199.86,"R$ 11,80",entregue,2023-07-18
PED-01847,09/11/2023,CLI-0955,app,Campinas,SP,Casa & Decoração,"Tapete Sala 1,5m",2,432.43,"R$ 0,00",entregue,14/11/2023
PED-04906,2024-04-28,CLI-0232,app,Salvador,BA,Casa & Decoração,"Tapete Sala 1,5m",3,326.58,"R$ 0,00",entregue,2024-05-16
PED-01269,2024-03-04,CLI-0728,marketplace,Goiânia,GO,Casa & Decoração,Vaso Decorativo Cerâmica,2,128.41,"R$ 25,29",entregue,2024-03-16
PED-03231,2024-01-13,CLI-0548,site,Salvador,BA,Moda,"Mochila Notebook 15""",1,281.29,"R$ 30,61",Entregue,2024-01-23
PED-04529,26/08/2023,CLI-0605,marketplace,São Paulo,SP,Casa & Decoração,Luminária de Mesa LED,4,120.03,"R$ 0,00",entregue,04/09/2023
PED-02302,2024-09-05,CLI-0738,marketplace,Rio de Janeiro,RJ,Eletrônicos,Webcam Full HD,1,309.44,"R$ 0,00",cancelado,
PED-00997,2024-06-12,CLI-0073,site,São Paulo,SP,Moda,"Mochila Notebook 15""",1,280.51,"R$ 12,72",entregue,2024-06-19
PED-00045,25/10/2024,CLI-1195,marketplace,São Paulo,SP,Beleza,Base Líquida Matte,2,133.89,"R$ 17,47",entregue,29/10/2024
PED-02740,2024-05-01,CLI-0822,site,São Paulo,SP,CASA & DECORAÇÃO,Quadro Decorativo Abstrato,1,106.68,"R$ 14,23",entregue,2024-05-15
PED-04463,2023-11-10,CLI-0989,site,Campinas,SP,Moda,Jaqueta Jeans,4,256.88,"R$ 0,00",entregue,2023-11-22
PED-03839,2024-10-01,CLI-1254,site,São Paulo,SP,Eletrônicos,Smartwatch Fit,4,765.85,"R$ 0,00",entregue,2024-10-09
PED-00261,2023-06-01,CLI-0818,site,RIBEIRÃO PRETO,SP,Esporte,Garrafa Térmica 1L,3,67.27,"R$ 9,81",cancelado,
PED-02861,2023-12-25,CLI-0467,marketplace,Campinas,SP,Eletrônicos,Carregador Turbo 30W,1,123.56,"R$ 11,84",entregue,2024-01-03
PED-02784,2023-11-21,CLI-1110,app,Porto Alegre,RS,Casa & Decoração,Jogo de Toalhas 4 peças,1,161.66,"R$ 23,84",cancelado,
PED-03097,03/04/2023,CLI-0808,site,Ribeirão Preto,SP,Moda,Jaqueta Jeans,1,335.86,"R$ 0,00",entregue,15/04/2023
PED-04653,2023-05-14,CLI-1210,app,Ribeirão Preto,SP,Moda,Tênis Casual Masculino,1,313.76,"R$ 0,00",entregue,2023-05-25
PED-02624,2024-12-03,CLI-0435,app,Fortaleza,CE,ESPORTE,Camiseta Dry Fit,1,82.95,"R$ 35,29",entregue,2024-12-21
PED-04669,2024-11-12,CLI-0257,app,Curitiba,PR,Casa & Decoração,Quadro Decorativo Abstrato,1,193.28,"R$ 21,38",entregue,2024-11-27
PED-00276,2023-12-14,CLI-0201,site,São Paulo,SP,MODA,"Mochila Notebook 15""",2,276.65,"R$ 0,00",cancelado,
PED-03327,2023-12-21,CLI-1089,marketplace,RIO DE JANEIRO,RJ,beleza,Base Líquida Matte,-1,138.5,"R$ 0,00",devolvido,2023-12-27
PED-00600,2024-05-30,CLI-0441,site,  Salvador ,BA,Casa & Decoração,Vaso Decorativo Cerâmica,-1,116.07,"R$ 0,00",entregue,2024-06-12
PED-04828,25/12/2023,CLI-0480,marketplace,,PR,Casa & Decoração,Luminária de Mesa LED,2,82.27,"R$ 20,25",entregue,12/01/2024
PED-00420,2024-11-25,CLI-0066,app,CURITIBA,PR,Casa & Decoração,"Tapete Sala 1,5m",1,254.06,"R$ 21,35",entregue,2024-12-05
PED-02137,2023-11-03,CLI-1194,site,Salvador,BA,Beleza,Kit Skincare Facial,1,217.92,"R$ 29,78",cancelado,
PED-01247,2024-05-23,CLI-0342,app,Porto Alegre,RS,Beleza,Perfume Importado 100ml,1,436.46,"R$ 0,00",em transporte,
PED-01233,2023-07-18,CLI-1396,app,São Paulo,SP,Eletrônicos,Carregador Turbo 30W,1,73.81,"R$ 17,45",entregue,2023-07-30
PED-02267,2024-09-02,CLI-0004,app,Recife,PE,Beleza,Base Líquida Matte,3,131.42,"R$ 0,00",devolvido,2024-09-16
PED-02205,2023-11-08,CLI-1376,site,  São Paulo ,SP,Beleza,Kit Skincare Facial,2,272.1,"R$ 0,00",entregue,2023-11-11
PED-01813,2024-08-26,CLI-0505,marketplace,São Paulo,SP,Eletrônicos,Carregador Turbo 30W,1,61.34,"R$ 11,19",entregue,2024-08-31
PED-00276,2023-12-14,CLI-0201,site,São Paulo,SP,MODA,"Mochila Notebook 15""",2,276.65,"R$ 0,00",cancelado,
PED-00706,20/04/2024,CLI-0780,site,RIO DE JANEIRO,RJ,Casa & Decoração,Quadro Decorativo Abstrato,2,128.1,"R$ 20,09",entregue,04/05/2024
PED-03843,2024-06-22,CLI-0415,app,rio de janeiro,RJ,Moda,Tênis Casual Masculino,2,255.63,"R$ 0,00",entregue,2024-06-30
PED-04550,10/10/2023,CLI-1067,site,Campinas,SP,Moda,Jaqueta Jeans,2,233.55,"R$ 0,00",entregue,23/10/2023
PED-00114,2024-05-03,CLI-0479,marketplace,Rio de Janeiro,RJ,Casa & Decoração,Luminária de Mesa LED,0,214.01,"R$ 26,70",entregue,2024-05-16
PED-04168,2023-12-20,CLI-0518,site,São Paulo,SP,Beleza,Secador de Cabelo 2000W,1,330.35,"R$ 0,00",em transporte,
PED-04014,2023-02-20,CLI-0909,site,Fortaleza,CE,Beleza,Kit Skincare Facial,1,140.6,"R$ 31,31",entregue,2023-03-03
PED-02131,2023-07-25,CLI-0847,site,Campinas,SP,Eletrônicos,Smartwatch Fit,3,836.46,"R$ 0,00",entregue,2023-08-05
PED-03229,18/06/2024,CLI-0798,marketplace,Curitiba,PR,Esporte,Corda de Pular Speed,1,40.71,"R$ 23,89",entregue,29/06/2024
PED-02927,14/07/2024,CLI-0772,site,Rio de Janeiro,RJ,Casa & Decoração,Quadro Decorativo Abstrato,1,132.79,"R$ 20,14",entregue,28/07/2024
PED-00142,2024-02-27,CLI-0694,site,Brasília,DF,Casa & Decoração,Jogo de Toalhas 4 peças,1,201.43,"R$ 29,32",entregue,2024-03-09
PED-04548,12/09/2023,CLI-1158,app,Campinas,SP,Eletrônicos,Webcam Full HD,1,267.73,"R$ 13,45",em transporte,
PED-04580,2023-03-26,CLI-1156,app,Belo Horizonte,MG,Casa & Decoração,Vaso Decorativo Cerâmica,2,63.22,"R$ 18,31",entregue,2023-03-30
PED-01566,2024-01-31,CLI-0495,site,Belo Horizonte,MG,Moda,Tênis Casual Masculino,3,339.68,"R$ 0,00",entregue,2024-02-11
PED-03766,2024-09-28,CLI-0763,site,Curitiba,PR,Beleza,Kit Skincare Facial,4,-112.03,"R$ 0,00",devolvido,2024-10-16
PED-03989,2024-12-27,CLI-0319,app,Ribeirão Preto,SP,Casa & Decoração,Jogo de Toalhas 4 peças,2,247.08,"R$ 0,00",entregue,2025-01-01
PED-02413,27/12/2023,CLI-0301,site,RIO DE JANEIRO,RJ,Moda,Jaqueta Jeans,4,223.41,"R$ 0,00",cancelado,
PED-01654,22/05/2023,CLI-0261,marketplace,Salvador,BA,Eletrônicos,Caixa de Som Portátil,3,435.87,"R$ 0,00",entregue,04/06/2023
PED-03532,2023-01-19,CLI-0195,app,São Paulo,SP,Casa & Decoração,"Tapete Sala 1,5m",3,187.84,"R$ 0,00",Em transporte,
PED-00105,20/09/2024,CLI-1177,marketplace,Goiânia,GO,Moda,Boné Aba Curva,1,90.44,"R$ 26,78",entregue,06/10/2024
PED-04053,2024-04-10,CLI-0503,app,Campinas,SP,Moda,Camiseta Básica Algodão,3,65.79,"R$ 13,79",entregue,2024-04-23
PED-01858,2023-10-13,CLI-0187,app,Curitiba,PR,Esporte,Tapete de Yoga 6mm,1,99.91,"R$ 20,68",entregue,2023-10-26
PED-04968,05/11/2023,CLI-1048,app,São Paulo,SP,Beleza,Base Líquida Matte,4,56.61,"R$ 16,34",entregue,09/11/2023
PED-02367,2023-09-22,CLI-1336,marketplace,,PR,Eletrônicos,Caixa de Som Portátil,1,195.86,"R$ 22,35",devolvido,2023-10-06
PED-02330,2024-03-04,CLI-1112,app,Belo Horizonte,MG,Moda,Boné Aba Curva,2,77.36,"R$ 22,87",devolvido,2024-03-13
PED-03977,05/03/2023,CLI-0837,site,São Paulo,SP,beleza,Perfume Importado 100ml,2,338.49,"R$ 0,00",ENTREGUE,16/03/2023
PED-03890,2023-09-14,CLI-1307,site,Recife,PE,Beleza,Secador de Cabelo 2000W,4,165.48,"R$ 0,00",entregue,2023-09-30
PED-02710,2024-06-15,CLI-0166,app,Goiânia,GO,Beleza,Kit Skincare Facial,2,117.43,"R$ 25,41",entregue,2024-07-02
PED-04338,2023-01-29,CLI-1227,marketplace,Goiania,GO,Beleza,Base Líquida Matte,3,68.95,"R$ 29,37",entregue,2023-02-16
PED-02479,2023-12-02,CLI-1048,app,Campinas,SP,Esporte,Corda de Pular Speed,4,39.97,"R$ 12,00",em transporte,
PED-02863,05/11/2023,CLI-0316,app,Fortaleza,CE,Moda,Tênis Casual Masculino,1,171.76,"R$ 36,16",entregue,23/11/2023
PED-04193,2024-04-13,CLI-0970,marketplace,Goiânia,GO,Moda,Camiseta Básica Algodão,3,62.55,"R$ 29,58",devolvido,2024-04-25
PED-02516,2024-10-28,CLI-0749,app,Fortaleza,CE,Eletrônicos,Webcam Full HD,1,316.09,"R$ 0,00",entregue,2024-11-12
PED-04829,25/09/2024,CLI-0210,app,Curitiba,PR,Casa & Decoração,"Tapete Sala 1,5m",2,319.68,"R$ 0,00",Entregue,08/10/2024
PED-03565,2024-12-20,CLI-0068,site,Fortaleza,CE,Casa & Decoração,"Tapete Sala 1,5m",3,135.21,"R$ 0,00",em transporte,
PED-00085,26/01/2023,CLI-0981,site,Belo Horizonte,MG,Eletrônicos,Smartwatch Fit,1,762.23,"R$ 0,00",Entregue,02/02/2023
PED-01719,2024-06-26,CLI-0955,site,Campinas,SP,Moda,Jaqueta Jeans,1,176.77,"R$ 14,20",entregue,2024-07-03
PED-04106,2023-04-16,CLI-0050,site,Belo Horizonte,MG,Beleza,Base Líquida Matte,1,107.17,"R$ 18,32",entregue,2023-04-25
PED-02653,2024-10-13,CLI-0424,site,Salvador,BA,Eletrônicos,Webcam Full HD,4,364.24,"R$ 0,00",Cancelado,
PED-01340,2023-12-03,CLI-1190,app,São Paulo,SP,Moda,Jaqueta Jeans,2,163.77,"R$ 0,00",entregue,2023-12-17
PED-03896,2024-05-30,CLI-1342,marketplace,são paulo,SP,Beleza,Secador de Cabelo 2000W,4,357.9,"R$ 0,00",entregue,2024-06-02
PED-00277,2023-11-05,CLI-0574,app,BELO HORIZONTE,MG,Beleza,Secador de Cabelo 2000W,1,226.64,"R$ 17,02",cancelado,
PED-01409,09/11/2024,CLI-0276,app,curitiba,PR,Beleza,Perfume Importado 100ml,1,532.79,"R$ 0,00",cancelado,
PED-01373,2023-12-20,CLI-0891,app,Porto Alegre,RS,Eletrônicos,Carregador Turbo 30W,4,59.73,"R$ 29,48",cancelado,
PED-03845,2024-12-14,CLI-1189,marketplace,Salvador,BA,Beleza,Kit Skincare Facial,3,275.11,"R$ 0,00",entregue,2024-12-31
PED-03995,2023-08-29,CLI-1387,marketplace,São Paulo,SP,ELETRÔNICOS,Carregador Turbo 30W,2,117.57,"R$ 19,95",entregue,2023-09-11
PED-04185,2024-11-28,CLI-1387,site,Curitiba,PR,Moda,"Mochila Notebook 15""",3,254.01,"R$ 0,00",entregue,2024-12-07
PED-00091,2023-06-07,CLI-0685,site,Curitiba,PR,Beleza,Perfume Importado 100ml,4,296.07,"R$ 0,00",entregue,2023-06-14
PED-04377,2024-08-12,CLI-0377,site,Sao Paulo,SP,Eletrônicos,Caixa de Som Portátil,1,281.1,"R$ 16,00",entregue,2024-08-19
PED-03056,2024-03-02,CLI-0287,site,Belo Horizonte,MG,Moda,"Mochila Notebook 15""",1,233.27,"R$ 21,16",entregue,2024-03-15
PED-01907,2024-01-16,CLI-0710,app,São Paulo,SP,Eletrônicos,Caixa de Som Portátil,1,424.2,"R$ 0,00",cancelado,
PED-02700,2024-11-11,CLI-0605,marketplace,são paulo,SP,Eletrônicos,Smartwatch Fit,1,338.61,"R$ 0,00",ENTREGUE,2024-11-14
PED-01824,2024-05-18,CLI-0246,app,Porto Alegre,RS,Beleza,Kit Skincare Facial,1,137.99,"R$ 22,49",em transporte,
PED-03418,2024-09-25,CLI-0573,site,Salvador,BA,Eletrônicos,Caixa de Som Portátil,1,425.69,"R$ 0,00",cancelado,
PED-01427,2023-04-10,CLI-0731,site,Campinas,SP,Beleza,Base Líquida Matte,1,138.37,"R$ 17,10",DEVOLVIDO,2023-04-23
PED-03413,14/03/2024,CLI-0243,site,São Paulo,SP,Beleza,Kit Skincare Facial,4,124.55,"R$ 0,00",entregue,22/03/2024
PED-04462,2023-12-26,CLI-1306,app,Belo Horizonte,MG,Moda,Boné Aba Curva,2,75.57,"R$ 20,30",em transporte,
PED-02072,20/01/2024,CLI-0164,app,São Paulo,SP,Casa & Decoração,Luminária de Mesa LED,2,154.86,"R$ 0,00",entregue,03/02/2024
PED-04773,2023-01-06,CLI-0512,site,Campinas,SP,Casa & Decoração,Quadro Decorativo Abstrato,1,149.79,"R$ 17,84",entregue,2023-01-17
PED-02027,2024-10-11,CLI-0379,site,Rio de Janeiro,RJ,BELEZA,Secador de Cabelo 2000W,2,290.32,"R$ 0,00",entregue,2024-10-15
PED-00999,2024-12-29,CLI-0882,site,Campinas,SP,Eletrônicos,Fone Bluetooth TWS,4,346.85,"R$ 0,00",entregue,2025-01-04
PED-02359,2024-12-27,CLI-0036,site,São Paulo,SP,Moda,Camiseta Básica Algodão,1,55.58,"R$ 18,52",entregue,2025-01-06
PED-03109,2023-07-10,CLI-0498,marketplace,Brasília,DF,Esporte,Tapete de Yoga 6mm,1,106.88,"R$ 23,56",entregue,2023-07-23
PED-03426,2024-03-27,CLI-0344,site,Rio de Janeiro,RJ,Esporte,Halter Emborrachado 5kg,1,101.65,"R$ 23,14",entregue,2024-04-01
PED-01760,2024-11-29,CLI-0456,site,ribeirão preto,SP,Casa & Decoração,Quadro Decorativo Abstrato,1,85.79,"R$ 12,62",entregue,2024-12-04
PED-03452,2024-04-19,CLI-1294,site,,PE,ELETRÔNICOS,Fone Bluetooth TWS,4,310.71,"R$ 0,00",entregue,2024-04-27
PED-02289,22/07/2023,CLI-0725,site,Campinas,SP,Beleza,Secador de Cabelo 2000W,2,312.46,"R$ 0,00",entregue,03/08/2023
PED-02715,07/11/2024,CLI-0939,site,Salvador,BA,Beleza,Perfume Importado 100ml,2,511.31,"R$ 0,00",devolvido,20/11/2024
PED-01343,2024-02-19,CLI-0989,site,Ribeirão Preto,SP,Eletrônicos,Carregador Turbo 30W,2,110.25,"R$ 12,91",entregue,2024-02-26
PED-04191,2023-04-01,CLI-0741,site,RIO DE JANEIRO,RJ,Esporte,Halter Emborrachado 5kg,4,70.71,"R$ 21,02",Entregue,2023-04-05
PED-02147,2023-04-14,CLI-0119,app,BELO HORIZONTE,MG,Moda,Tênis Casual Masculino,2,334.45,"R$ 0,00",entregue,2023-04-22
PED-00168,2024-10-09,CLI-0193,site,São Paulo,SP,Casa & Decoração,Jogo de Toalhas 4 peças,1,214.5,"R$ 18,61",em transporte,
PED-00497,2024-01-06,CLI-0518,app,Recife,PE,Eletrônicos,Carregador Turbo 30W,2,80.08,"R$ 33,74",ENTREGUE,2024-01-22
PED-03162,2024-12-16,CLI-0504,site,São Paulo,SP,Eletrônicos,Webcam Full HD,1,323.15,"R$ 0,00",entregue,2024-12-26
PED-04811,2024-03-18,CLI-0655,site,Belo Horizonte,MG,Esporte,Halter Emborrachado 5kg,2,87.37,"R$ 14,89",cancelado,
PED-04428,2023-05-25,CLI-0759,app,Porto Alegre,RS,Moda,Jaqueta Jeans,2,237.51,"R$ 0,00",entregue,2023-06-09
PED-00220,16/12/2023,CLI-0642,marketplace,Recife,PE,Eletrônicos,Fone Bluetooth TWS,1,250.21,"R$ 30,00",ENTREGUE,01/01/2024
PED-02482,2023-08-26,CLI-0477,site,Sao Paulo,SP,BELEZA,Base Líquida Matte,0,57.82,"R$ 16,28",Entregue,2023-08-30
PED-02922,09/01/2023,CLI-1077,app,São Paulo,SP,Beleza,Perfume Importado 100ml,3,612.96,"R$ 0,00",entregue,23/01/2023
PED-02535,2024-12-14,CLI-0876,marketplace,Campinas,SP,Esporte,Corda de Pular Speed,1,42.26,"R$ 12,06",ENTREGUE,2024-12-17
PED-03731,2024-12-05,CLI-0357,site,São Paulo,SP,Esporte,Camiseta Dry Fit,1,120.19,"R$ 18,70",entregue,2024-12-12
PED-01538,2024-08-30,CLI-0283,site,Ribeirão Preto,SP,ELETRÔNICOS,Caixa de Som Portátil,3,447.27,"R$ 0,00",Entregue,2024-09-05
PED-04628,11/11/2023,CLI-0424,app,Rio de Janeiro,RJ,Eletrônicos,Fone Bluetooth TWS,2,299.65,"R$ 0,00",entregue,15/11/2023
PED-00306,01/02/2024,CLI-1281,app,Belo Horizonte,MG,Eletrônicos,Fone Bluetooth TWS,1,317.67,"R$ 0,00",entregue,13/02/2024
PED-03844,2024-05-22,CLI-1055,app,Campinas,SP,Beleza,Kit Skincare Facial,2,144.49,"R$ 6,90",entregue,2024-05-25
PED-00197,2024-05-16,CLI-0859,app,Fortaleza,CE,Casa & Decoração,"Tapete Sala 1,5m",2,301.79,"R$ 0,00",Entregue,2024-06-02
PED-01147,2024-08-31,CLI-0836,marketplace,Goiânia,GO,Moda,"Mochila Notebook 15""",4,136.62,"R$ 0,00",entregue,2024-09-12
PED-04591,2023-08-27,CLI-0746,app,São Paulo,SP,Moda,Boné Aba Curva,1,72.05,"R$ 14,90",entregue,2023-09-06
PED-00111,2024-01-26,CLI-1238,app,Brasília,DF,CASA & DECORAÇÃO,Vaso Decorativo Cerâmica,1,55.77,"R$ 31,24",entregue,2024-02-12
PED-03555,2023-10-18,CLI-0284,site,Ribeirão Preto,SP,Eletrônicos,Smartwatch Fit,1,676.28,"R$ 0,00",ENTREGUE,2023-10-23
PED-04466,2023-06-06,CLI-0897,site,São Paulo,SP,Eletrônicos,Smartwatch Fit,2,559.41,"R$ 0,00",entregue,2023-06-20
PED-01983,04/11/2024,CLI-0010,site,Rio de Janeiro,RJ,Moda,Camiseta Básica Algodão,3,56.96,"R$ 17,70",entregue,10/11/2024
PED-00927,14/06/2023,CLI-0742,site,Ribeirão Preto,SP,Casa & Decoração,Jogo de Toalhas 4 peças,1,188.49,"R$ 11,21",devolvido,25/06/2023
PED-01816,09/04/2024,CLI-1325,site,Recife,PE,BELEZA,Perfume Importado 100ml,3,459.52,"R$ 0,00",entregue,24/04/2024
PED-04493,2024-12-30,CLI-0908,app,Curitiba,PR,Moda,Boné Aba Curva,1,95.0,"R$ 22,35",entregue,2025-01-15
PED-00798,2023-06-19,CLI-1387,marketplace,Salvador,BA,Eletrônicos,Fone Bluetooth TWS,2,248.58,"R$ 0,00",entregue,2023-06-30
PED-01299,11/08/2024,CLI-0730,site,Rio de Janeiro,,Eletrônicos,Webcam Full HD,2,320.16,"R$ 0,00",devolvido,14/08/2024
PED-03260,2023-02-20,CLI-1300,site,Belo Horizonte,MG,Casa & Decoração,Vaso Decorativo Cerâmica,2,81.35,"R$ 22,18",entregue,2023-02-26
PED-01063,14/09/2023,CLI-0817,app,Goiânia,GO,Esporte,Garrafa Térmica 1L,2,81.94,"R$ 25,62",em transporte,
PED-04515,04/05/2023,CLI-1354,site,Porto Alegre,RS,Casa & Decoração,Vaso Decorativo Cerâmica,2,124.32,"R$ 28,18",entregue,15/05/2023
PED-03281,2024-06-30,CLI-0820,site,Porto Alegre,RS,Casa & Decoração,Quadro Decorativo Abstrato,1,116.8,"R$ 28,21",devolvido,2024-07-15
PED-04472,2023-10-06,CLI-0002,site,Goiânia,GO,Casa & Decoração,Jogo de Toalhas 4 peças,1,165.22,"R$ 27,27",ENTREGUE,2023-10-21
PED-04567,2024-09-04,CLI-1369,site,Curitiba,PR,Eletrônicos,Carregador Turbo 30W,2,91.01,"R$ 19,21",entregue,2024-09-18
PED-03321,2023-01-15,CLI-0962,marketplace,São Paulo,SP,Casa & Decoração,Quadro Decorativo Abstrato,2,63.44,"R$ 17,64",entregue,2023-01-22
PED-03972,2023-05-31,CLI-1008,marketplace,Rio de Janeiro,RJ,Esporte,Garrafa Térmica 1L,2,67.98,"R$ 16,83",ENTREGUE,2023-06-11
PED-03318,2023-04-22,CLI-0716,app,Salvador,BA,Beleza,Perfume Importado 100ml,3,253.43,"R$ 0,00",entregue,2023-05-03
PED-01360,2023-06-17,CLI-0463,app,Campinas,SP,Eletrônicos,Fone Bluetooth TWS,2,259.12,"R$ 0,00",entregue,2023-07-01
PED-01762,2023-06-23,CLI-1352,app,Recife,PE,Casa & Decoração,Quadro Decorativo Abstrato,1,171.75,"R$ 28,06",em transporte,
PED-02060,2023-03-02,CLI-0334,app,Campinas,SP,Casa & Decoração,Vaso Decorativo Cerâmica,1,72.13,"R$ 16,14",entregue,2023-03-09
PED-02893,28/05/2024,CLI-0080,site,Rio de Janeiro,RJ,Beleza,Base Líquida Matte,1,142.7,"R$ 19,95",entregue,06/06/2024
PED-03735,2023-06-21,CLI-0298,app,Curitiba,PR,Moda,Jaqueta Jeans,2,246.08,"R$ 0,00",cancelado,
PED-03558,2024-11-30,CLI-0246,marketplace,Belo Horizonte,MG,Beleza,Kit Skincare Facial,1,267.01,"R$ 25,59",entregue,2024-12-04
PED-01487,2024-12-24,CLI-0849,app,Recife,PE,CASA & DECORAÇÃO,Jogo de Toalhas 4 peças,4,120.27,"R$ 0,00",entregue,2025-01-08
PED-04635,2024-06-19,CLI-0271,app,  Recife ,PE,Eletrônicos,Fone Bluetooth TWS,3,174.59,"R$ 0,00",entregue,2024-07-04
PED-03780,15/12/2024,CLI-0113,site,Porto Alegre,RS,Moda,Jaqueta Jeans,2,268.98,"R$ 0,00",devolvido,25/12/2024
PED-04577,2024-10-18,CLI-0335,site,Rio de Janeiro,RJ,Beleza,Perfume Importado 100ml,2,459.73,"R$ 0,00",entregue,2024-10-23
PED-04320,2023-12-15,CLI-0577,site,Goiânia,GO,Eletrônicos,Webcam Full HD,1,235.06,"R$ 24,49",entregue,2023-12-23
PED-00673,30/12/2024,CLI-0545,site,Rio de Janeiro,RJ,Moda,Boné Aba Curva,1,93.4,"R$ 14,20",em transporte,
PED-04072,2024-06-18,CLI-1342,site,Campinas,SP,Casa & Decoração,Quadro Decorativo Abstrato,2,178.14,"R$ 0,00",entregue,2024-06-22
PED-01394,2023-03-10,CLI-0358,app,Fortaleza,CE,Eletrônicos,Caixa de Som Portátil,1,486.26,"R$ 0,00",entregue,2023-03-20
PED-03142,2023-06-27,CLI-0215,site,Rio de Janeiro,RJ,Esporte,Camiseta Dry Fit,1,118.03,"R$ 26,94",entregue,2023-07-05
PED-02654,2024-08-27,CLI-0705,site,são paulo,SP,Moda,"Mochila Notebook 15""",1,320.72,"R$ 0,00",devolvido,2024-09-05
PED-00581,2024-03-04,CLI-0829,site,Curitiba,PR,Beleza,Perfume Importado 100ml,1,308.04,"R$ 0,00",entregue,2024-03-11
PED-01046,2023-11-09,CLI-0167,site,Belo Horizonte,MG,Eletrônicos,Fone Bluetooth TWS,1,337.45,"R$ 0,00",entregue,2023-11-20
PED-04174,2023-10-20,CLI-0587,marketplace,Rio de Janeiro,RJ,Casa & Decoração,"Tapete Sala 1,5m",1,365.74,"R$ 0,00",entregue,2023-10-26
PED-02596,2024-11-26,CLI-0820,app,Belo Horizonte,MG,Eletrônicos,Smartwatch Fit,3,687.17,"R$ 0,00",entregue,2024-11-30
PED-02797,2024-06-03,CLI-0514,app,fortaleza,CE,Eletrônicos,Carregador Turbo 30W,2,128.79,"R$ 32,44",entregue,2024-06-15
PED-03478,2024-11-24,CLI-1364,site,Curitiba,PR,eletronicos,Caixa de Som Portátil,4,389.16,"R$ 0,00",entregue,2024-12-03
PED-04222,2023-01-17,CLI-0160,site,Curitiba,PR,Casa & Decoração,Vaso Decorativo Cerâmica,4,90.86,"R$ 0,00",Cancelado,
PED-03115,23/01/2024,CLI-0086,app,Goiânia,GO,Esporte,Camiseta Dry Fit,3,51.77,"R$ 26,80",entregue,07/02/2024
PED-03589,2024-09-20,CLI-1263,site,São Paulo,SP,casa & decoracao,Luminária de Mesa LED,1,164.12,"R$ 15,90",entregue,2024-10-03
PED-03962,2023-05-17,CLI-0356,marketplace,São Paulo,SP,moda,Tênis Casual Masculino,1,323.99,"R$ 0,00",entregue,2023-05-30
PED-01961,26/05/2024,CLI-1246,marketplace,Ribeirão Preto,SP,Esporte,Halter Emborrachado 5kg,1,70.81,"R$ 13,25",cancelado,
PED-01933,2024-09-19,CLI-0668,site,Porto Alegre,RS,Moda,Camiseta Básica Algodão,1,98.05,"R$ 23,58",cancelado,
PED-01597,2023-07-15,CLI-1310,site,Rio de Janeiro,RJ,Esporte,Camiseta Dry Fit,4,74.04,"R$ 21,87",entregue,2023-07-20
PED-04673,2023-02-10,CLI-1269,app,São Paulo,SP,Casa & Decoração,Quadro Decorativo Abstrato,4,171.22,"R$ 0,00",entregue,2023-02-15
PED-04718,2024-05-10,CLI-0794,site,Fortaleza,CE,Casa & Decoração,"Tapete Sala 1,5m",2,363.41,"R$ 0,00",entregue,2024-05-20
PED-00768,2023-02-06,CLI-0104,app,Rio de Janeiro,RJ,Casa & Decoração,Jogo de Toalhas 4 peças,4,137.21,"R$ 0,00",entregue,2023-02-15
PED-00660,2023-12-15,CLI-0767,app,São Paulo,SP,Eletrônicos,Smartwatch Fit,2,403.95,"R$ 0,00",entregue,2023-12-24
PED-04910,2023-08-08,CLI-1297,site,Rio de Janeiro,RJ,Esporte,Garrafa Térmica 1L,2,80.32,"R$ 19,15",entregue,2023-08-19
PED-03573,2023-10-30,CLI-0261,app,Porto Alegre,RS,Moda,"Mochila Notebook 15""",1,249.1,"R$ 23,84",entregue,2023-11-07
PED-00623,2024-12-25,CLI-0913,site,Rio de Janeiro,RJ,Moda,"Mochila Notebook 15""",4,240.26,"R$ 0,00",entregue,2024-12-30
PED-04935,2024-06-06,CLI-0617,site,São Paulo,SP,Esporte,Halter Emborrachado 5kg,3,128.4,"R$ 0,00",cancelado,
PED-04356,2024-07-19,CLI-0093,site,  Campinas ,SP,Casa & Decoração,Vaso Decorativo Cerâmica,1,91.95,"R$ 8,26",entregue,2024-07-28
PED-04379,2024-11-20,CLI-0958,marketplace,Belo Horizonte,MG,Eletrônicos,Fone Bluetooth TWS,3,188.31,"R$ 0,00",entregue,2024-12-02
PED-04052,2024-07-03,CLI-1077,app,Belo Horizonte,MG,Moda,Boné Aba Curva,2,99.7,"R$ 19,55",entregue,2024-07-11
PED-02683,08/06/2023,CLI-0145,site,Curitiba,PR,Casa & Decoração,Quadro Decorativo Abstrato,2,101.37,"R$ 25,76",cancelado,
PED-01185,2023-06-29,CLI-1252,site,Curitiba,PR,Casa & Decoração,Jogo de Toalhas 4 peças,3,144.75,"R$ 0,00",entregue,2023-07-08
PED-01974,30/11/2023,CLI-1184,site,Rio de Janeiro,RJ,Casa & Decoração,Jogo de Toalhas 4 peças,4,226.56,"R$ 0,00",entregue,07/12/2023
PED-04552,13/07/2024,CLI-1280,app,Recife,PE,MODA,Tênis Casual Masculino,1,179.94,"R$ 30,29",em transporte,
PED-03859,30/07/2024,CLI-0689,site,Goiânia,GO,Beleza,Kit Skincare Facial,2,107.31,"R$ 28,46",em transporte,
PED-04531,2024-09-14,CLI-0717,site,campinas,SP,Eletrônicos,Webcam Full HD,3,244.83,"R$ 0,00",devolvido,2024-09-17
PED-03736,21/12/2024,CLI-0073,site,Ribeirão Preto,SP,Casa & Decoração,"Tapete Sala 1,5m",1,234.72,"R$ 17,93",entregue,01/01/2025
PED-02936,10/02/2024,CLI-1305,site,Rio de Janeiro,RJ,Moda,Tênis Casual Masculino,3,160.55,"R$ 0,00",entregue,20/02/2024
PED-04396,12/01/2024,CLI-1123,site,Rio de Janeiro,RJ,Casa & Decoração,Vaso Decorativo Cerâmica,1,66.21,"R$ 20,48",entregue,18/01/2024
PED-03993,2023-03-31,CLI-0413,marketplace,Curitiba,PR,Esporte,Camiseta Dry Fit,1,107.53,"R$ 21,47",devolvido,2023-04-07
PED-04545,2023-11-23,CLI-0755,app,Campinas,SP,Casa & Decoração,Jogo de Toalhas 4 peças,2,230.39,"R$ 0,00",em transporte,
PED-04535,2024-03-07,CLI-0240,marketplace,Porto Alegre,RS,,Webcam Full HD,2,305.63,"R$ 0,00",cancelado,
PED-02374,2023-09-11,CLI-0547,marketplace,Belo Horizonte,MG,Moda,Jaqueta Jeans,4,334.36,"R$ 0,00",entregue,2023-09-18
PED-02452,2024-08-09,CLI-0261,marketplace,Porto Alegre,RS,Beleza,Secador de Cabelo 2000W,4,122.01,"R$ 0,00",ENTREGUE,2024-08-23
PED-03338,2024-11-15,CLI-0876,app,,CE,Moda,Jaqueta Jeans,1,335.56,"R$ 0,00",entregue,2024-12-03
PED-04009,2023-06-16,CLI-0712,site,Brasília,DF,Esporte,Halter Emborrachado 5kg,2,103.36,"R$ 27,52",Entregue,2023-06-23
PED-04389,2024-08-09,CLI-0469,app,Curitiba,PR,Eletrônicos,Fone Bluetooth TWS,1,300.55,"R$ 0,00",entregue,2024-08-19
PED-01838,2024-01-06,CLI-0260,site,Belo Horizonte,MG,Moda,Camiseta Básica Algodão,1,50.43,"R$ 21,73",entregue,2024-01-10
PED-04375,2024-05-11,CLI-0261,app,Salvador,BA,Beleza,Secador de Cabelo 2000W,1,130.81,"R$ 28,07",entregue,2024-05-29
PED-00656,20/11/2023,CLI-0095,app,Fortaleza,CE,Casa & Decoração,Vaso Decorativo Cerâmica,2,66.01,"R$ 33,23",entregue,05/12/2023
PED-01059,06/04/2024,CLI-1357,marketplace,Salvador,BA,Moda,Jaqueta Jeans,4,218.95,"R$ 0,00",entregue,21/04/2024
PED-00733,2023-05-02,CLI-0352,site,São Paulo,SP,Casa & Decoração,Jogo de Toalhas 4 peças,4,138.77,"R$ 0,00",Entregue,2023-05-13
PED-03784,2023-08-18,CLI-1067,marketplace,Curitiba,PR,Beleza,Kit Skincare Facial,1,262.03,"R$ 27,59",em transporte,
PED-00554,2024-11-24,CLI-1270,app,Belo Horizonte,MG,Moda,Camiseta Básica Algodão,2,41.97,"R$ 21,46",em transporte,
PED-02143,2024-09-12,CLI-0709,site,Curitiba,PR,Beleza,Base Líquida Matte,1,139.87,"R$ 24,62",devolvido,2024-09-21
PED-00278,2024-03-09,CLI-0526,app,Belo Horizonte,MG,Moda,Boné Aba Curva,1,108.44,"R$ 19,42",entregue,2024-03-17
PED-01901,2024-05-05,CLI-0035,site,BELO HORIZONTE,MG,Eletrônicos,Caixa de Som Portátil,2,270.45,"R$ 0,00",em transporte,
PED-03304,2024-12-31,CLI-1256,marketplace,São Paulo,SP,Beleza,Perfume Importado 100ml,3,566.24,"R$ 0,00",entregue,2025-01-06
PED-02294,2023-10-31,CLI-0908,site,São Paulo,SP,Casa & Decoração,Luminária de Mesa LED,3,196.41,"R$ 0,00",entregue,2023-11-12
PED-03898,2023-12-17,CLI-1175,app,Belo Horizonte,MG,Moda,Boné Aba Curva,1,,"R$ 22,61",entregue,2023-12-29
PED-01192,2023-12-13,CLI-0513,marketplace,Ribeirao Preto,SP,Eletrônicos,Smartwatch Fit,2,373.93,"R$ 0,00",em transporte,
PED-01357,2024-03-20,CLI-0316,site,Curitiba,PR,Moda,Camiseta Básica Algodão,2,42.92,"R$ 24,61",entregue,2024-03-27
PED-01695,10/07/2024,CLI-0380,app,Porto Alegre,RS,Beleza,Kit Skincare Facial,1,145.16,"R$ 22,91",entregue,17/07/2024
PED-03807,2024-07-01,CLI-0960,site,São Paulo,SP,Eletrônicos,Fone Bluetooth TWS,1,303.58,"R$ 0,00",entregue,2024-07-11
PED-04872,2023-09-05,CLI-0343,site,São Paulo,SP,eletronicos,Caixa de Som Portátil,4,208.62,"R$ 0,00",entregue,2023-09-08
PED-00427,2023-08-30,CLI-0316,site,Campinas,SP,Beleza,Perfume Importado 100ml,1,535.35,"R$ 0,00",entregue,2023-09-11
PED-01187,2023-12-16,CLI-0182,site,Rio de Janeiro,RJ,Beleza,Base Líquida Matte,1,108.94,"R$ 25,55",entregue,2023-12-28
PED-00866,2024-11-22,CLI-0840,app,Goiânia,GO,Moda,Tênis Casual Masculino,2,324.87,"R$ 0,00",entregue,2024-12-09
PED-03016,2024-08-01,CLI-0246,marketplace,São Paulo,SP,Eletrônicos,Webcam Full HD,2,237.99,"R$ 0,00",devolvido,2024-08-09
PED-01710,10/10/2023,CLI-0302,app,Goiânia,GO,Eletrônicos,Carregador Turbo 30W,2,119.16,"R$ 23,78",entregue,23/10/2023
PED-01246,2023-09-23,CLI-0316,app,Ribeirão Preto,SP,Esporte,Tapete de Yoga 6mm,2,198.78,"R$ 0,00",cancelado,
PED-03670,2024-05-01,CLI-0732,site,São Paulo,SP,Moda,Jaqueta Jeans,1,267.57,"R$ 15,20",Entregue,2024-05-15
PED-01529,02/06/2023,CLI-1175,app,Curitiba,PR,Eletrônicos,Fone Bluetooth TWS,1,228.63,"R$ 24,27",entregue,09/06/2023
PED-04698,2024-02-16,CLI-0947,site,Belo Horizonte,MG,casa & decoracao,Quadro Decorativo Abstrato,4,99.71,"R$ 0,00",entregue,2024-03-01
PED-03107,12/11/2023,CLI-0231,app,Fortaleza,CE,Moda,Jaqueta Jeans,2,330.0,"R$ 0,00",entregue,22/11/2023
PED-00218,12/05/2023,CLI-0992,site,belo horizonte,MG,Eletrônicos,Carregador Turbo 30W,1,118.99,"R$ 13,90",entregue,24/05/2023
PED-04310,04/06/2024,CLI-0653,site,Belo Horizonte,MG,Moda,Tênis Casual Masculino,1,171.03,"R$ 24,21",ENTREGUE,08/06/2024
PED-04132,2024-06-03,CLI-0136,marketplace,Campinas,SP,Eletrônicos,Caixa de Som Portátil,4,346.64,"R$ 0,00",entregue,2024-06-15
PED-02956,2023-11-14,CLI-0624,marketplace,Goiânia,GO,Eletrônicos,Fone Bluetooth TWS,1,278.39,"R$ 30,16",entregue,2023-12-02
PED-03695,2024-09-02,CLI-0435,marketplace,  Campinas ,SP,Beleza,Secador de Cabelo 2000W,2,212.91,"R$ 0,00",entregue,2024-09-16
PED-04464,19/12/2024,CLI-0805,marketplace,Belo Horizonte,MG,Eletrônicos,Smartwatch Fit,2,849.45,"R$ 0,00",entregue,22/12/2024
PED-04109,2024-11-26,CLI-0535,marketplace,São Paulo,SP,Casa & Decoração,Vaso Decorativo Cerâmica,4,165.68,"R$ 0,00",entregue,2024-12-07
PED-00477,2024-01-03,CLI-0454,app,São Paulo,SP,Moda,Camiseta Básica Algodão,1,73.17,"R$ 13,05",entregue,2024-01-09
PED-03416,24/08/2023,CLI-1301,site,Campinas,SP,Beleza,Secador de Cabelo 2000W,3,300.99,"R$ 0,00",entregue,29/08/2023
PED-03271,2024-12-14,CLI-1189,app,Rio de Janeiro,RJ,Eletrônicos,Caixa de Som Portátil,2,197.71,"R$ 0,00",entregue,2024-12-20
PED-02283,2023-11-15,CLI-0316,site,  São Paulo ,SP,Casa & Decoração,Vaso Decorativo Cerâmica,1,115.15,"R$ 9,47",entregue,2023-11-22
PED-02744,2024-09-11,CLI-0392,marketplace,São Paulo,SP,Moda,Boné Aba Curva,1,65.14,"R$ 12,56",devolvido,2024-09-17
PED-00729,2024-01-26,CLI-0181,marketplace,São Paulo,SP,Casa & Decoração,Quadro Decorativo Abstrato,1,101.14,"R$ 15,87",entregue,2024-01-29
PED-01633,14/06/2024,CLI-0293,app,São Paulo,SP,moda,Jaqueta Jeans,3,,"R$ 0,00",entregue,20/06/2024
PED-04046,19/09/2023,CLI-0584,marketplace,Ribeirão Preto,SP,Beleza,Secador de Cabelo 2000W,1,148.47,"R$ 12,41",entregue,26/09/2023
PED-00014,2024-10-19,CLI-1031,site,Campinas,SP,Moda,"Mochila Notebook 15""",2,145.03,"R$ 20,37",entregue,2024-10-26
PED-01024,2024-03-29,CLI-1135,site,  São Paulo ,SP,Esporte,Halter Emborrachado 5kg,2,157.1,"R$ 0,00",entregue,2024-04-03
PED-04704,2023-12-02,CLI-0232,marketplace,São Paulo,SP,Moda,"Mochila Notebook 15""",1,295.16,"R$ 17,60",em transporte,
PED-00436,24/07/2023,CLI-1120,site,Recife,PE,Casa & Decoração,Jogo de Toalhas 4 peças,1,175.73,"R$ 30,68",ENTREGUE,05/08/2023
PED-04114,2024-03-05,CLI-0702,site,Salvador,BA,Beleza,Perfume Importado 100ml,2,597.4,"R$ 0,00",entregue,2024-03-13
PED-01783,2023-09-20,CLI-0319,site,Curitiba,PR,Esporte,Corda de Pular Speed,3,29.04,"R$ 22,50",entregue,2023-10-02
PED-01804,2024-07-21,CLI-0218,site,Fortaleza,CE,Beleza,Perfume Importado 100ml,1,492.0,"R$ 0,00",entregue,2024-08-07
PED-01115,2024-12-23,CLI-0188,marketplace,Porto Alegre,RS,Eletrônicos,Smartwatch Fit,2,,"R$ 0,00",entregue,2025-01-03
PED-03380,2024-12-12,CLI-0667,app,Fortaleza,,Moda,Boné Aba Curva,2,84.02,"R$ 36,28",entregue,2024-12-27
PED-02390,2023-03-23,CLI-1017,site,São Paulo,SP,Moda,Jaqueta Jeans,3,205.28,"R$ 0,00",entregue,2023-04-02
PED-01954,19/12/2024,CLI-0261,app,Rio de Janeiro,RJ,Moda,Camiseta Básica Algodão,4,94.9,"R$ 0,00",entregue,25/12/2024
PED-00345,2024-09-23,CLI-0990,site,Curitiba,PR,Moda,Boné Aba Curva,1,112.65,"R$ 22,15",em transporte,
PED-00033,2023-11-09,CLI-1058,app,Campinas,SP,Beleza,Secador de Cabelo 2000W,2,280.75,"R$ 0,00",em transporte,
PED-03936,2023-09-22,CLI-1140,marketplace,Recife,PE,Beleza,Base Líquida Matte,1,103.31,"R$ 28,43",cancelado,
PED-02600,11/12/2024,CLI-0550,app,Salvador,BA,Casa & Decoração,"Tapete Sala 1,5m",4,300.5,"R$ 0,00",entregue,25/12/2024
PED-02647,2024-08-16,CLI-0315,app,Recife,PE,Casa & Decoração,Luminária de Mesa LED,2,180.77,"R$ 0,00",entregue,2024-08-23
PED-04129,03/10/2024,CLI-1082,site,Curitiba,PR,Esporte,Camiseta Dry Fit,1,128.35,"R$ 22,12",entregue,21/10/2024
PED-00373,2023-11-27,CLI-0907,app,Rio de Janeiro,RJ,Beleza,Secador de Cabelo 2000W,1,338.31,"R$ 0,00",entregue,2023-12-08
PED-00658,2023-10-23,CLI-0069,app,  Campinas ,SP,Moda,"Mochila Notebook 15""",4,222.4,"R$ 0,00",entregue,2023-10-29
PED-03743,2024-11-06,CLI-1335,app,Recife,PE,Beleza,Kit Skincare Facial,1,286.71,"R$ 30,98",entregue,2024-11-21
PED-01087,2024-09-10,CLI-0453,site,PORTO ALEGRE,RS,Beleza,Base Líquida Matte,2,85.7,"R$ 23,41",ENTREGUE,2024-09-21
PED-03099,2023-09-17,CLI-0931,marketplace,Porto Alegre,RS,Beleza,Secador de Cabelo 2000W,1,253.1,"R$ 23,40",CANCELADO,
PED-00162,2024-11-27,CLI-0014,site,  Rio de Janeiro ,RJ,Eletrônicos,Fone Bluetooth TWS,1,240.93,"R$ 18,52",devolvido,2024-12-01
PED-02249,2023-12-10,CLI-0238,site,Belo Horizonte,MG,Eletrônicos,Smartwatch Fit,1,895.75,"R$ 0,00",entregue,2023-12-22
PED-00861,2024-08-25,CLI-0196,marketplace,São Paulo,SP,Casa & Decoração,Vaso Decorativo Cerâmica,3,129.33,"R$ 0,00",entregue,2024-09-04
PED-04141,12/12/2023,CLI-0219,marketplace,são paulo,SP,eletronicos,Caixa de Som Portátil,1,383.69,"R$ 0,00",entregue,19/12/2023
PED-01535,2023-03-21,CLI-1303,site,Porto Alegre,RS,Beleza,Perfume Importado 100ml,1,273.34,"R$ 17,08",ENTREGUE,2023-04-01
PED-02593,2024-06-21,CLI-0173,site,Ribeirão Preto,SP,Moda,Boné Aba Curva,1,75.54,"R$ 13,27",entregue,2024-07-02
PED-04134,2024-03-13,CLI-0561,marketplace,Campinas,SP,Casa & Decoração,Vaso Decorativo Cerâmica,2,117.48,"R$ 16,58",entregue,2024-03-21
PED-00490,2024-04-24,CLI-0760,app,  Salvador ,BA,Esporte,Camiseta Dry Fit,1,60.28,"R$ 29,97",devolvido,2024-05-02
PED-04600,2023-12-16,CLI-0601,marketplace,Campinas,SP,Casa & Decoração,"Tapete Sala 1,5m",2,313.57,"R$ 0,00",Entregue,2023-12-27
PED-00134,19/11/2023,CLI-0815,site,campinas,SP,,"Mochila Notebook 15""",2,240.34,"R$ 0,00",entregue,26/11/2023
PED-02109,2023-11-16,CLI-0938,marketplace,Salvador,BA,Moda,Camiseta Básica Algodão,1,52.24,"R$ 30,61",devolvido,2023-11-24
PED-00691,11/10/2023,CLI-0989,app,São Paulo,SP,Moda,Jaqueta Jeans,4,163.88,"R$ 0,00",entregue,14/10/2023
PED-02075,2023-12-11,CLI-1361,site,São Paulo,SP,Eletrônicos,Webcam Full HD,1,251.06,"R$ 16,76",entregue,2023-12-20
PED-02149,2024-09-14,CLI-0909,marketplace,Belo Horizonte,MG,ESPORTE,Garrafa Térmica 1L,2,80.48,"R$ 19,76",entregue,2024-09-25
PED-03604,2023-08-11,CLI-0035,site,FORTALEZA,CE,Esporte,Halter Emborrachado 5kg,2,137.68,"R$ 31,87",entregue,2023-08-22
PED-04873,2024-07-22,CLI-0477,site,Porto Alegre,RS,Casa & Decoração,Quadro Decorativo Abstrato,3,115.95,"R$ 0,00",entregue,2024-08-02
PED-04885,2024-11-07,CLI-0557,site,Fortaleza,CE,Moda,Tênis Casual Masculino,3,,"R$ 0,00",entregue,2024-11-22
PED-00364,2023-04-08,CLI-0380,app,Curitiba,PR,Esporte,Tapete de Yoga 6mm,1,,"R$ 18,44",entregue,2023-04-23
PED-04892,2023-10-07,CLI-0306,app,Porto Alegre,RS,Moda,Jaqueta Jeans,2,172.9,"R$ 0,00",Cancelado,
PED-01629,2023-07-18,CLI-0012,marketplace,Porto Alegre,RS,Eletrônicos,Caixa de Som Portátil,4,211.56,"R$ 0,00",entregue,2023-08-02
PED-01277,2023-07-16,CLI-1208,site,Fortaleza,CE,Casa & Decoração,Vaso Decorativo Cerâmica,1,132.52,"R$ 36,54",entregue,2023-07-31
PED-02490,22/05/2024,CLI-0026,app,SALVADOR,BA,Moda,Boné Aba Curva,1,74.15,"R$ 28,50",entregue,31/05/2024
PED-00648,16/03/2024,CLI-0353,site,Goiânia,GO,,Perfume Importado 100ml,1,571.32,"R$ 0,00",entregue,24/03/2024
PED-01004,2023-06-07,CLI-0424,app,Salvador,BA,eletronicos,Webcam Full HD,4,248.6,"R$ 0,00",Em transporte,
PED-02525,2024-11-25,CLI-1157,site,Porto Alegre,RS,Eletrônicos,Fone Bluetooth TWS,1,306.19,"R$ 0,00",entregue,2024-12-04
PED-02111,2024-03-20,CLI-0405,app,Brasília,DF,Eletrônicos,Carregador Turbo 30W,1,89.22,"R$ 29,00",entregue,2024-03-27
PED-01173,2023-09-17,CLI-0433,site,Belo Horizonte,MG,ESPORTE,Halter Emborrachado 5kg,1,118.85,"R$ 23,08",cancelado,
PED-00484,2023-11-05,CLI-1004,site,Salvador,BA,Eletrônicos,Smartwatch Fit,1,737.13,"R$ 0,00",entregue,2023-11-16
PED-01811,2023-08-14,CLI-1062,site,RIO DE JANEIRO,RJ,Casa & Decoração,Vaso Decorativo Cerâmica,2,130.45,"R$ 14,74",entregue,2023-08-23
PED-03330,2023-08-14,CLI-0906,app,Rio de Janeiro,RJ,Eletrônicos,Fone Bluetooth TWS,4,277.03,"R$ 0,00",devolvido,2023-08-25
PED-04149,2024-01-09,CLI-0316,app,campinas,SP,Eletrônicos,Fone Bluetooth TWS,2,157.19,"R$ 0,00",ENTREGUE,2024-01-20
PED-00243,2023-08-24,CLI-0605,site,Rio de Janeiro,RJ,Casa & Decoração,Quadro Decorativo Abstrato,4,137.09,"R$ 0,00",Entregue,2023-09-07
PED-02084,2023-07-05,CLI-0057,app,Campinas,SP,Casa & Decoração,Luminária de Mesa LED,1,108.13,"R$ 13,38",entregue,2023-07-12
PED-01203,2024-10-23,CLI-1143,app,Rio de Janeiro,RJ,Moda,Jaqueta Jeans,2,184.56,"R$ 0,00",entregue,2024-10-30
PED-03752,2024-03-14,CLI-1127,app,São Paulo,SP,Beleza,Perfume Importado 100ml,4,568.18,"R$ 0,00",entregue,2024-03-23
PED-04835,2023-11-12,CLI-0677,site,Curitiba,PR,Beleza,Secador de Cabelo 2000W,4,340.07,"R$ 0,00",entregue,2023-11-30
PED-02169,2023-11-10,CLI-0769,site,são paulo,SP,Eletrônicos,Carregador Turbo 30W,1,125.16,"R$ 16,78",cancelado,
PED-01020,2024-01-21,CLI-0261,site,São Paulo,SP,Casa & Decoração,Jogo de Toalhas 4 peças,2,161.75,"R$ 0,00",entregue,2024-01-25
PED-02093,2024-04-28,CLI-0261,marketplace,São Paulo,SP,Esporte,Camiseta Dry Fit,2,70.7,"R$ 13,10",cancelado,
PED-03373,2024-11-05,CLI-1143,site,São Paulo,SP,Eletrônicos,Caixa de Som Portátil,1,222.15,"R$ 17,74",entregue,2024-11-15
PED-04933,2024-09-26,CLI-0892,site,São Paulo,SP,Eletrônicos,Smartwatch Fit,3,722.35,"R$ 0,00",devolvido,2024-10-03
PED-02125,2023-12-05,CLI-1120,marketplace,Belo Horizonte,MG,Moda,"Mochila Notebook 15""",1,306.81,"R$ 0,00",em transporte,
PED-01745,2024-08-01,CLI-0178,site,SALVADOR,BA,Eletrônicos,Smartwatch Fit,1,692.13,"R$ 0,00",entregue,2024-08-11
PED-04465,2023-06-28,CLI-0905,site,Salvador,BA,Moda,Boné Aba Curva,1,92.33,"R$ 31,71",cancelado,
PED-02955,2024-03-19,CLI-0710,site,Porto Alegre,RS,moda,Camiseta Básica Algodão,1,82.47,"R$ 22,41",entregue,2024-03-30
PED-03285,2023-07-14,CLI-1390,site,Belo Horizonte,MG,Casa & Decoração,Jogo de Toalhas 4 peças,1,159.52,"R$ 16,76",Em transporte,
PED-04364,2024-12-23,CLI-0791,marketplace,curitiba,PR,Moda,"Mochila Notebook 15""",-2,190.04,"R$ 0,00",entregue,2025-01-07
PED-03384,17/04/2024,CLI-0316,site,goiânia,GO,Moda,Jaqueta Jeans,2,182.87,"R$ 0,00",entregue,02/05/2024
PED-04825,2023-12-24,CLI-1350,marketplace,Goiânia,GO,Moda,Camiseta Básica Algodão,3,91.81,"R$ 24,49",ENTREGUE,2024-01-09
PED-02493,2023-03-01,CLI-0218,site,belo horizonte,MG,Moda,Camiseta Básica Algodão,1,94.71,"R$ 21,37",devolvido,2023-03-11
PED-01520,2023-07-20,CLI-1194,app,São Paulo,SP,Beleza,Base Líquida Matte,2,78.43,"R$ 14,63",entregue,2023-07-25
PED-01034,2024-11-24,CLI-1290,app,Salvador,BA,Moda,Boné Aba Curva,1,62.66,"R$ 27,25",entregue,2024-12-06
PED-01713,2024-12-23,CLI-0530,app,São Paulo,SP,Esporte,Halter Emborrachado 5kg,1,106.51,"R$ 12,31",em transporte,
PED-00296,2024-11-22,CLI-0011,app,Curitiba,PR,ELETRÔNICOS,Carregador Turbo 30W,4,71.18,"R$ 22,66",entregue,2024-11-30
PED-01849,2023-12-24,CLI-0929,site,São Paulo,SP,Casa & Decoração,Vaso Decorativo Cerâmica,3,54.26,"R$ 12,62",entregue,2023-12-31
PED-04722,2024-04-06,CLI-1106,site,Curitiba,PR,Esporte,Camiseta Dry Fit,1,50.92,"R$ 25,80",entregue,2024-04-19
PED-04374,2023-06-19,CLI-0163,marketplace,Ribeirão Preto,SP,Eletrônicos,Carregador Turbo 30W,2,91.99,"R$ 20,35",entregue,2023-06-25
PED-00498,2024-06-03,CLI-1082,app,Fortaleza,CE,Moda,Boné Aba Curva,4,114.1,"R$ 0,00",entregue,2024-06-21
PED-03676,2024-11-13,CLI-0196,site,Fortaleza,CE,ELETRÔNICOS,Smartwatch Fit,2,362.15,"R$ 0,00",Entregue,2024-11-20
PED-00485,2023-02-11,CLI-0773,site,Fortaleza,,Esporte,Tapete de Yoga 6mm,1,193.38,"R$ 26,36",cancelado,
PED-01521,17/10/2023,CLI-0136,site,Belo Horizonte,MG,Moda,Boné Aba Curva,4,100.81,"R$ 0,00",ENTREGUE,27/10/2023
PED-00183,19/03/2024,CLI-0937,app,são paulo,SP,Casa & Decoração,Quadro Decorativo Abstrato,4,159.07,"R$ 0,00",devolvido,23/03/2024
PED-00685,09/06/2024,CLI-0204,site,Salvador,BA,Esporte,Corda de Pular Speed,1,30.37,"R$ 30,90",entregue,16/06/2024
PED-01769,2023-05-20,CLI-1201,site,brasília,DF,Casa & Decoração,Luminária de Mesa LED,4,,"R$ 0,00",entregue,2023-05-30
PED-04955,2023-08-19,CLI-0256,site,Campinas,SP,Eletrônicos,Carregador Turbo 30W,3,91.49,"R$ 15,65",cancelado,
PED-02051,2024-12-26,CLI-0747,app,são paulo,SP,ELETRÔNICOS,Fone Bluetooth TWS,4,229.57,"R$ 0,00",entregue,2024-12-30
PED-00755,2024-07-13,CLI-0007,site,Rio de Janeiro,RJ,Casa & Decoração,Luminária de Mesa LED,1,132.22,"R$ 18,31",entregue,2024-07-20
PED-04605,25/07/2024,CLI-1233,app,Fortaleza,CE,Casa & Decoração,Jogo de Toalhas 4 peças,2,172.64,"R$ 0,00",devolvido,02/08/2024
PED-02546,2023-12-03,CLI-0502,app,Porto Alegre,RS,Esporte,Corda de Pular Speed,2,57.54,"R$ 24,31",entregue,2023-12-10
PED-03362,2023-11-19,CLI-1072,site,Recife,PE,Beleza,Secador de Cabelo 2000W,1,228.76,"R$ 29,89",devolvido,2023-12-05
PED-03633,16/05/2024,CLI-0696,app,Rio de Janeiro,RJ,Casa & Decoração,Luminária de Mesa LED,2,161.5,"R$ 0,00",entregue,30/05/2024
PED-01439,2024-12-05,CLI-0402,site,Curitiba,PR,moda,Camiseta Básica Algodão,1,92.45,"R$ 24,76",entregue,2024-12-19
PED-01446,2024-04-26,CLI-0238,marketplace,Salvador,BA,Esporte,Halter Emborrachado 5kg,3,118.03,"R$ 0,00",entregue,2024-05-11
PED-04238,2024-11-10,CLI-0715,app,Rio de Janeiro,RJ,Casa & Decoração,Quadro Decorativo Abstrato,1,100.31,"R$ 15,04",entregue,2024-11-24
PED-00865,2023-04-25,CLI-0547,site,Fortaleza,CE,Casa & Decoração,"Tapete Sala 1,5m",3,423.39,"R$ 0,00",cancelado,
PED-02232,2024-06-24,CLI-0963,app,Rio de Janeiro,RJ,Esporte,Halter Emborrachado 5kg,1,92.9,"R$ 21,33",entregue,2024-07-08
PED-02323,2023-12-19,CLI-0160,app,belo horizonte,MG,Eletrônicos,Fone Bluetooth TWS,3,265.63,"R$ 0,00",Entregue,2023-12-26
PED-02961,2024-10-02,CLI-0976,marketplace,Campinas,SP,Esporte,Halter Emborrachado 5kg,1,95.66,"R$ 15,45",Entregue,2024-10-06
PED-03745,2023-04-10,CLI-0414,site,Brasília,DF,Eletrônicos,Carregador Turbo 30W,1,106.41,"R$ 22,35",entregue,2023-04-22
PED-04945,2024-03-29,CLI-0977,app,Campinas,SP,Eletrônicos,Carregador Turbo 30W,4,68.13,"R$ 13,78",entregue,2024-04-02
PED-03985,2023-12-01,CLI-0379,site,Porto Alegre,RS,Casa & Decoração,Quadro Decorativo Abstrato,1,196.49,"R$ 25,07",entregue,2023-12-11
PED-02780,2023-05-22,CLI-1083,site,Belo Horizonte,MG,Moda,Tênis Casual Masculino,4,282.45,"R$ 0,00",entregue,2023-05-26
PED-03684,2024-02-23,CLI-0165,app,Rio de Janeiro,RJ,,Secador de Cabelo 2000W,2,209.62,"R$ 0,00",cancelado,
PED-03045,31/08/2024,CLI-1251,app,Porto Alegre,RS,casa & decoracao,Quadro Decorativo Abstrato,1,121.35,"R$ 28,63",entregue,10/09/2024
PED-04984,2023-06-15,CLI-0055,marketplace,Curitiba,PR,Beleza,Base Líquida Matte,1,132.58,"R$ 21,75",em transporte,
PED-04214,03/05/2023,CLI-0976,marketplace,rio de janeiro,RJ,Casa & Decoração,Jogo de Toalhas 4 peças,2,244.44,"R$ 0,00",entregue,10/05/2023
PED-03074,12/08/2024,CLI-0858,marketplace,Recife,PE,Beleza,Secador de Cabelo 2000W,1,328.28,"R$ 0,00",Entregue,23/08/2024
PED-02162,2023-09-24,CLI-0256,site,Fortaleza,CE,Moda,Jaqueta Jeans,1,150.19,"R$ 29,79",entregue,2023-10-12
PED-00546,2024-01-20,CLI-0702,app,Fortaleza,CE,Moda,Tênis Casual Masculino,1,168.61,"R$ 29,65",entregue,2024-02-06
PED-01790,2023-03-29,CLI-0704,app,Ribeirão Preto,SP,Beleza,Base Líquida Matte,2,57.72,"R$ 15,79",entregue,2023-04-12
PED-02214,2024-02-19,CLI-0372,site,Recife,PE,eletronicos,Webcam Full HD,1,194.42,"R$ 26,33",entregue,2024-03-02
PED-04040,2024-10-18,CLI-0105,marketplace,Ribeirão Preto,SP,Esporte,Halter Emborrachado 5kg,2,120.15,"R$ 18,02",em transporte,
PED-02233,2023-04-14,CLI-0213,marketplace,Fortaleza,CE,Moda,Jaqueta Jeans,4,295.64,"R$ 0,00",entregue,2023-04-22
PED-01397,2024-03-31,CLI-0165,site,Belo Horizonte,MG,Beleza,Kit Skincare Facial,1,202.18,"R$ 24,07",entregue,2024-04-09
PED-00275,2024-07-12,CLI-0565,marketplace,Belo Horizonte,MG,Beleza,Kit Skincare Facial,2,192.94,"R$ 0,00",entregue,2024-07-19
PED-00705,2023-10-10,CLI-1400,app,Campinas,SP,Moda,Boné Aba Curva,1,98.78,"R$ 12,46",cancelado,
PED-01025,2024-06-27,CLI-0481,marketplace,Salvador,BA,Esporte,Tapete de Yoga 6mm,1,186.31,"R$ 27,66",em transporte,
PED-00384,2024-02-16,CLI-0841,marketplace,Porto Alegre,RS,Moda,"Mochila Notebook 15""",4,162.44,"R$ 0,00",entregue,2024-02-29
PED-02610,2023-11-21,CLI-1392,app,São Paulo,SP,Moda,Camiseta Básica Algodão,4,54.78,"R$ 13,88",entregue,2023-11-30
PED-04273,09/10/2024,CLI-0261,site,Belo Horizonte,MG,Moda,"Mochila Notebook 15""",1,310.62,"R$ 0,00",entregue,21/10/2024
PED-03244,2023-10-24,CLI-0263,marketplace,Rio de Janeiro,RJ,Eletrônicos,Smartwatch Fit,1,834.1,"R$ 0,00",entregue,2023-10-28
PED-02568,2023-04-20,CLI-1186,site,Belo Horizonte,MG,Casa & Decoração,Quadro Decorativo Abstrato,2,86.24,"R$ 20,16",entregue,2023-04-29
PED-04927,2023-08-07,CLI-0095,app,Rio de Janeiro,RJ,casa & decoracao,"Tapete Sala 1,5m",1,394.09,"R$ 0,00",Entregue,2023-08-18
PED-01643,2024-02-06,CLI-0463,app,recife,PE,Moda,"Mochila Notebook 15""",2,239.8,"R$ 0,00",entregue,2024-02-13
PED-04719,10/03/2024,CLI-0012,marketplace,RIO DE JANEIRO,RJ,Beleza,Kit Skincare Facial,4,273.12,"R$ 0,00",entregue,17/03/2024
PED-00859,2023-12-05,CLI-0111,marketplace,Curitiba,PR,Eletrônicos,Caixa de Som Portátil,1,351.79,"R$ 0,00",entregue,2023-12-21
PED-04020,2024-08-10,CLI-0280,site,Fortaleza,CE,Moda,Camiseta Básica Algodão,2,59.23,"R$ 33,03",entregue,2024-08-25
PED-04738,28/02/2023,CLI-0541,app,Salvador,BA,Moda,Camiseta Básica Algodão,3,86.58,"R$ 27,61",entregue,18/03/2023
PED-03389,2024-01-13,CLI-0261,app,Porto Alegre,RS,Eletrônicos,Webcam Full HD,1,175.95,"R$ 24,60",entregue,2024-01-29
PED-02307,2024-03-21,CLI-0216,app,Fortaleza,CE,Esporte,Garrafa Térmica 1L,1,97.42,"R$ 37,21",em transporte,
PED-00835,2024-08-13,CLI-0247,app,Belo Horizonte,MG,ESPORTE,Halter Emborrachado 5kg,4,110.19,"R$ 0,00",entregue,2024-08-23
PED-02711,2024-12-20,CLI-0318,app,Brasília,DF,Esporte,Halter Emborrachado 5kg,4,140.55,"R$ 0,00",entregue,2025-01-02
PED-01499,2023-11-19,CLI-1313,marketplace,Salvador,BA,Casa & Decoração,Vaso Decorativo Cerâmica,1,146.7,"R$ 27,90",entregue,2023-12-01
PED-04434,2023-12-01,CLI-1208,site,Brasília,DF,Beleza,Kit Skincare Facial,2,239.78,"R$ 0,00",entregue,2023-12-15
PED-03611,2024-06-24,CLI-1027,app,São Paulo,SP,Esporte,Camiseta Dry Fit,1,108.53,"R$ 16,59",entregue,2024-06-28
PED-03577,2024-10-17,CLI-0302,site,São Paulo,SP,Casa & Decoração,Jogo de Toalhas 4 peças,1,175.34,"R$ 12,76",ENTREGUE,2024-10-24
PED-01448,2024-04-02,CLI-0904,site,Porto Alegre,RS,Beleza,Secador de Cabelo 2000W,3,346.41,"R$ 0,00",entregue,2024-04-19
PED-02529,2024-10-23,CLI-0050,app,Brasília,DF,Casa & Decoração,"Tapete Sala 1,5m",1,419.57,"R$ 0,00",entregue,2024-11-05
PED-01706,2024-12-26,CLI-1252,app,São Paulo,SP,Casa & Decoração,Luminária de Mesa LED,1,139.33,"R$ 10,98",em transporte,
PED-02924,07/07/2024,CLI-0131,site,Campinas,SP,Moda,Camiseta Básica Algodão,4,56.81,"R$ 9,42",entregue,16/07/2024
PED-02708,2023-08-21,CLI-1287,marketplace,Campinas,SP,Moda,"Mochila Notebook 15""",2,153.44,"R$ 0,00",entregue,2023-09-04
PED-03070,2024-01-20,CLI-0493,app,São Paulo,SP,ELETRÔNICOS,Smartwatch Fit,1,889.23,"R$ 0,00",em transporte,
PED-00790,2024-05-17,CLI-0854,marketplace,Sao Paulo,SP,Beleza,Secador de Cabelo 2000W,4,396.32,"R$ 0,00",entregue,2024-05-30
PED-00969,2024-04-15,CLI-0287,site,Campinas,SP,Eletrônicos,Webcam Full HD,2,241.54,"R$ 0,00",entregue,2024-04-20
PED-01668,2023-08-19,CLI-1321,app,São Paulo,SP,Esporte,Corda de Pular Speed,1,41.19,"R$ 15,14",entregue,2023-08-22
PED-03322,2024-01-08,CLI-0133,app,Rio de Janeiro,RJ,Beleza,Base Líquida Matte,4,70.03,"R$ 24,48",entregue,2024-01-11
PED-01689,2024-05-05,CLI-0746,site,  Rio de Janeiro ,RJ,Eletrônicos,Webcam Full HD,1,347.94,"R$ 0,00",cancelado,
